"standard_id","area_id","tier_pct","household_size_min","household_size_max","amount","effective_date","expires_date","variant","source_url","notes"
"HUD-MTSP-HERA","OR-JACKSON","20","1","1","12880","2024-04-01","","","https://www.huduser.gov/portal/datasets/mtsp.html#data_2026","OHCS workbook, MTSP HERA Special, 2024"
"HUD-MTSP-HERA","OR-JACKSON","20","2","2","14720","2024-04-01","","","https://www.huduser.gov/portal/datasets/mtsp.html#data_2026","OHCS workbook, MTSP HERA Special, 2024"
"HUD-MTSP-HERA","OR-JACKSON","20","3","3","16560","2024-04-01","","","https://www.huduser.gov/portal/datasets/mtsp.html#data_2026","OHCS workbook, MTSP HERA Special, 2024"
"HUD-MTSP-HERA","OR-JACKSON","20","4","4","18400","2024-04-01","","","https://www.huduser.gov/portal/datasets/mtsp.html#data_2026","OHCS workbook, MTSP HERA Special, 2024"
"HUD-MTSP-HERA","OR-JACKSON","20","5","5","19880","2024-04-01","","","https://www.huduser.gov/portal/datasets/mtsp.html#data_2026","OHCS workbook, MTSP HERA Special, 2024"
"HUD-MTSP-HERA","OR-JACKSON","20","6","6","21360","2024-04-01","","","https://www.huduser.gov/portal/datasets/mtsp.html#data_2026","OHCS workbook, MTSP HERA Special, 2024"
"HUD-MTSP-HERA","OR-JACKSON","20","7","7","22820","2024-04-01","","","https://www.huduser.gov/portal/datasets/mtsp.html#data_2026","OHCS workbook, MTSP HERA Special, 2024"
"HUD-MTSP-HERA","OR-JACKSON","20","8","8","24300","2024-04-01","","","https://www.huduser.gov/portal/datasets/mtsp.html#data_2026","OHCS workbook, MTSP HERA Special, 2024"
"HUD-MTSP-HERA","OR-JACKSON","30","1","1","19320","2024-04-01","","","https://www.huduser.gov/portal/datasets/mtsp.html#data_2026","OHCS workbook, MTSP HERA Special, 2024"
"HUD-MTSP-HERA","OR-JACKSON","30","2","2","22080","2024-04-01","","","https://www.huduser.gov/portal/datasets/mtsp.html#data_2026","OHCS workbook, MTSP HERA Special, 2024"
"HUD-MTSP-HERA","OR-JACKSON","30","3","3","24840","2024-04-01","","","https://www.huduser.gov/portal/datasets/mtsp.html#data_2026","OHCS workbook, MTSP HERA Special, 2024"
"HUD-MTSP-HERA","OR-JACKSON","30","4","4","27600","2024-04-01","","","https://www.huduser.gov/portal/datasets/mtsp.html#data_2026","OHCS workbook, MTSP HERA Special, 2024"
"HUD-MTSP-HERA","OR-JACKSON","30","5","5","29820","2024-04-01","","","https://www.huduser.gov/portal/datasets/mtsp.html#data_2026","OHCS workbook, MTSP HERA Special, 2024"
"HUD-MTSP-HERA","OR-JACKSON","30","6","6","32040","2024-04-01","","","https://www.huduser.gov/portal/datasets/mtsp.html#data_2026","OHCS workbook, MTSP HERA Special, 2024"
"HUD-MTSP-HERA","OR-JACKSON","30","7","7","34230","2024-04-01","","","https://www.huduser.gov/portal/datasets/mtsp.html#data_2026","OHCS workbook, MTSP HERA Special, 2024"
"HUD-MTSP-HERA","OR-JACKSON","30","8","8","36450","2024-04-01","","","https://www.huduser.gov/portal/datasets/mtsp.html#data_2026","OHCS workbook, MTSP HERA Special, 2024"
"HUD-MTSP-HERA","OR-JACKSON","35","1","1","22540","2024-04-01","","","https://www.huduser.gov/portal/datasets/mtsp.html#data_2026","OHCS workbook, MTSP HERA Special, 2024"
"HUD-MTSP-HERA","OR-JACKSON","35","2","2","25760","2024-04-01","","","https://www.huduser.gov/portal/datasets/mtsp.html#data_2026","OHCS workbook, MTSP HERA Special, 2024"
"HUD-MTSP-HERA","OR-JACKSON","35","3","3","28980","2024-04-01","","","https://www.huduser.gov/portal/datasets/mtsp.html#data_2026","OHCS workbook, MTSP HERA Special, 2024"
"HUD-MTSP-HERA","OR-JACKSON","35","4","4","32200","2024-04-01","","","https://www.huduser.gov/portal/datasets/mtsp.html#data_2026","OHCS workbook, MTSP HERA Special, 2024"
"HUD-MTSP-HERA","OR-JACKSON","35","5","5","34790","2024-04-01","","","https://www.huduser.gov/portal/datasets/mtsp.html#data_2026","OHCS workbook, MTSP HERA Special, 2024"
"HUD-MTSP-HERA","OR-JACKSON","35","6","6","37380","2024-04-01","","","https://www.huduser.gov/portal/datasets/mtsp.html#data_2026","OHCS workbook, MTSP HERA Special, 2024"
"HUD-MTSP-HERA","OR-JACKSON","35","7","7","39935","2024-04-01","","","https://www.huduser.gov/portal/datasets/mtsp.html#data_2026","OHCS workbook, MTSP HERA Special, 2024"
"HUD-MTSP-HERA","OR-JACKSON","35","8","8","42525","2024-04-01","","","https://www.huduser.gov/portal/datasets/mtsp.html#data_2026","OHCS workbook, MTSP HERA Special, 2024"
"HUD-MTSP-HERA","OR-JACKSON","40","1","1","25760","2024-04-01","","","https://www.huduser.gov/portal/datasets/mtsp.html#data_2026","OHCS workbook, MTSP HERA Special, 2024"
"HUD-MTSP-HERA","OR-JACKSON","40","2","2","29440","2024-04-01","","","https://www.huduser.gov/portal/datasets/mtsp.html#data_2026","OHCS workbook, MTSP HERA Special, 2024"
"HUD-MTSP-HERA","OR-JACKSON","40","3","3","33120","2024-04-01","","","https://www.huduser.gov/portal/datasets/mtsp.html#data_2026","OHCS workbook, MTSP HERA Special, 2024"
"HUD-MTSP-HERA","OR-JACKSON","40","4","4","36800","2024-04-01","","","https://www.huduser.gov/portal/datasets/mtsp.html#data_2026","OHCS workbook, MTSP HERA Special, 2024"
"HUD-MTSP-HERA","OR-JACKSON","40","5","5","39760","2024-04-01","","","https://www.huduser.gov/portal/datasets/mtsp.html#data_2026","OHCS workbook, MTSP HERA Special, 2024"
"HUD-MTSP-HERA","OR-JACKSON","40","6","6","42720","2024-04-01","","","https://www.huduser.gov/portal/datasets/mtsp.html#data_2026","OHCS workbook, MTSP HERA Special, 2024"
"HUD-MTSP-HERA","OR-JACKSON","40","7","7","45640","2024-04-01","","","https://www.huduser.gov/portal/datasets/mtsp.html#data_2026","OHCS workbook, MTSP HERA Special, 2024"
"HUD-MTSP-HERA","OR-JACKSON","40","8","8","48600","2024-04-01","","","https://www.huduser.gov/portal/datasets/mtsp.html#data_2026","OHCS workbook, MTSP HERA Special, 2024"
"HUD-MTSP-HERA","OR-JACKSON","45","1","1","28980","2024-04-01","","","https://www.huduser.gov/portal/datasets/mtsp.html#data_2026","OHCS workbook, MTSP HERA Special, 2024"
"HUD-MTSP-HERA","OR-JACKSON","45","2","2","33120","2024-04-01","","","https://www.huduser.gov/portal/datasets/mtsp.html#data_2026","OHCS workbook, MTSP HERA Special, 2024"
"HUD-MTSP-HERA","OR-JACKSON","45","3","3","37260","2024-04-01","","","https://www.huduser.gov/portal/datasets/mtsp.html#data_2026","OHCS workbook, MTSP HERA Special, 2024"
"HUD-MTSP-HERA","OR-JACKSON","45","4","4","41400","2024-04-01","","","https://www.huduser.gov/portal/datasets/mtsp.html#data_2026","OHCS workbook, MTSP HERA Special, 2024"
"HUD-MTSP-HERA","OR-JACKSON","45","5","5","44730","2024-04-01","","","https://www.huduser.gov/portal/datasets/mtsp.html#data_2026","OHCS workbook, MTSP HERA Special, 2024"
"HUD-MTSP-HERA","OR-JACKSON","45","6","6","48060","2024-04-01","","","https://www.huduser.gov/portal/datasets/mtsp.html#data_2026","OHCS workbook, MTSP HERA Special, 2024"
"HUD-MTSP-HERA","OR-JACKSON","45","7","7","51345","2024-04-01","","","https://www.huduser.gov/portal/datasets/mtsp.html#data_2026","OHCS workbook, MTSP HERA Special, 2024"
"HUD-MTSP-HERA","OR-JACKSON","45","8","8","54675","2024-04-01","","","https://www.huduser.gov/portal/datasets/mtsp.html#data_2026","OHCS workbook, MTSP HERA Special, 2024"
"HUD-MTSP-HERA","OR-JACKSON","50","1","1","32200","2024-04-01","","","https://www.huduser.gov/portal/datasets/mtsp.html#data_2026","OHCS workbook, MTSP HERA Special, 2024"
"HUD-MTSP-HERA","OR-JACKSON","50","2","2","36800","2024-04-01","","","https://www.huduser.gov/portal/datasets/mtsp.html#data_2026","OHCS workbook, MTSP HERA Special, 2024"
"HUD-MTSP-HERA","OR-JACKSON","50","3","3","41400","2024-04-01","","","https://www.huduser.gov/portal/datasets/mtsp.html#data_2026","OHCS workbook, MTSP HERA Special, 2024"
"HUD-MTSP-HERA","OR-JACKSON","50","4","4","46000","2024-04-01","","","https://www.huduser.gov/portal/datasets/mtsp.html#data_2026","OHCS workbook, MTSP HERA Special, 2024"
"HUD-MTSP-HERA","OR-JACKSON","50","5","5","49700","2024-04-01","","","https://www.huduser.gov/portal/datasets/mtsp.html#data_2026","OHCS workbook, MTSP HERA Special, 2024"
"HUD-MTSP-HERA","OR-JACKSON","50","6","6","53400","2024-04-01","","","https://www.huduser.gov/portal/datasets/mtsp.html#data_2026","OHCS workbook, MTSP HERA Special, 2024"
"HUD-MTSP-HERA","OR-JACKSON","50","7","7","57050","2024-04-01","","","https://www.huduser.gov/portal/datasets/mtsp.html#data_2026","OHCS workbook, MTSP HERA Special, 2024"
"HUD-MTSP-HERA","OR-JACKSON","50","8","8","60750","2024-04-01","","","https://www.huduser.gov/portal/datasets/mtsp.html#data_2026","OHCS workbook, MTSP HERA Special, 2024"
"HUD-MTSP-HERA","OR-JACKSON","55","1","1","35420","2024-04-01","","","https://www.huduser.gov/portal/datasets/mtsp.html#data_2026","OHCS workbook, MTSP HERA Special, 2024"
"HUD-MTSP-HERA","OR-JACKSON","55","2","2","40480","2024-04-01","","","https://www.huduser.gov/portal/datasets/mtsp.html#data_2026","OHCS workbook, MTSP HERA Special, 2024"
"HUD-MTSP-HERA","OR-JACKSON","55","3","3","45540","2024-04-01","","","https://www.huduser.gov/portal/datasets/mtsp.html#data_2026","OHCS workbook, MTSP HERA Special, 2024"
"HUD-MTSP-HERA","OR-JACKSON","55","4","4","50600","2024-04-01","","","https://www.huduser.gov/portal/datasets/mtsp.html#data_2026","OHCS workbook, MTSP HERA Special, 2024"
"HUD-MTSP-HERA","OR-JACKSON","55","5","5","54670","2024-04-01","","","https://www.huduser.gov/portal/datasets/mtsp.html#data_2026","OHCS workbook, MTSP HERA Special, 2024"
"HUD-MTSP-HERA","OR-JACKSON","55","6","6","58740","2024-04-01","","","https://www.huduser.gov/portal/datasets/mtsp.html#data_2026","OHCS workbook, MTSP HERA Special, 2024"
"HUD-MTSP-HERA","OR-JACKSON","55","7","7","62755","2024-04-01","","","https://www.huduser.gov/portal/datasets/mtsp.html#data_2026","OHCS workbook, MTSP HERA Special, 2024"
"HUD-MTSP-HERA","OR-JACKSON","55","8","8","66825","2024-04-01","","","https://www.huduser.gov/portal/datasets/mtsp.html#data_2026","OHCS workbook, MTSP HERA Special, 2024"
"HUD-MTSP-HERA","OR-JACKSON","60","1","1","38640","2024-04-01","","","https://www.huduser.gov/portal/datasets/mtsp.html#data_2026","OHCS workbook, MTSP HERA Special, 2024"
"HUD-MTSP-HERA","OR-JACKSON","60","2","2","44160","2024-04-01","","","https://www.huduser.gov/portal/datasets/mtsp.html#data_2026","OHCS workbook, MTSP HERA Special, 2024"
"HUD-MTSP-HERA","OR-JACKSON","60","3","3","49680","2024-04-01","","","https://www.huduser.gov/portal/datasets/mtsp.html#data_2026","OHCS workbook, MTSP HERA Special, 2024"
"HUD-MTSP-HERA","OR-JACKSON","60","4","4","55200","2024-04-01","","","https://www.huduser.gov/portal/datasets/mtsp.html#data_2026","OHCS workbook, MTSP HERA Special, 2024"
"HUD-MTSP-HERA","OR-JACKSON","60","5","5","59640","2024-04-01","","","https://www.huduser.gov/portal/datasets/mtsp.html#data_2026","OHCS workbook, MTSP HERA Special, 2024"
"HUD-MTSP-HERA","OR-JACKSON","60","6","6","64080","2024-04-01","","","https://www.huduser.gov/portal/datasets/mtsp.html#data_2026","OHCS workbook, MTSP HERA Special, 2024"
"HUD-MTSP-HERA","OR-JACKSON","60","7","7","68460","2024-04-01","","","https://www.huduser.gov/portal/datasets/mtsp.html#data_2026","OHCS workbook, MTSP HERA Special, 2024"
"HUD-MTSP-HERA","OR-JACKSON","60","8","8","72900","2024-04-01","","","https://www.huduser.gov/portal/datasets/mtsp.html#data_2026","OHCS workbook, MTSP HERA Special, 2024"
"HUD-MTSP-HERA","OR-JACKSON","70","1","1","45080","2024-04-01","","","https://www.huduser.gov/portal/datasets/mtsp.html#data_2026","OHCS workbook, MTSP HERA Special, 2024"
"HUD-MTSP-HERA","OR-JACKSON","70","2","2","51520","2024-04-01","","","https://www.huduser.gov/portal/datasets/mtsp.html#data_2026","OHCS workbook, MTSP HERA Special, 2024"
"HUD-MTSP-HERA","OR-JACKSON","70","3","3","57960","2024-04-01","","","https://www.huduser.gov/portal/datasets/mtsp.html#data_2026","OHCS workbook, MTSP HERA Special, 2024"
"HUD-MTSP-HERA","OR-JACKSON","70","4","4","64400","2024-04-01","","","https://www.huduser.gov/portal/datasets/mtsp.html#data_2026","OHCS workbook, MTSP HERA Special, 2024"
"HUD-MTSP-HERA","OR-JACKSON","70","5","5","69580","2024-04-01","","","https://www.huduser.gov/portal/datasets/mtsp.html#data_2026","OHCS workbook, MTSP HERA Special, 2024"
"HUD-MTSP-HERA","OR-JACKSON","70","6","6","74760","2024-04-01","","","https://www.huduser.gov/portal/datasets/mtsp.html#data_2026","OHCS workbook, MTSP HERA Special, 2024"
"HUD-MTSP-HERA","OR-JACKSON","70","7","7","79870","2024-04-01","","","https://www.huduser.gov/portal/datasets/mtsp.html#data_2026","OHCS workbook, MTSP HERA Special, 2024"
"HUD-MTSP-HERA","OR-JACKSON","70","8","8","85050","2024-04-01","","","https://www.huduser.gov/portal/datasets/mtsp.html#data_2026","OHCS workbook, MTSP HERA Special, 2024"
"HUD-MTSP-HERA","OR-JACKSON","80","1","1","51520","2024-04-01","","","https://www.huduser.gov/portal/datasets/mtsp.html#data_2026","OHCS workbook, MTSP HERA Special, 2024"
"HUD-MTSP-HERA","OR-JACKSON","80","2","2","58880","2024-04-01","","","https://www.huduser.gov/portal/datasets/mtsp.html#data_2026","OHCS workbook, MTSP HERA Special, 2024"
"HUD-MTSP-HERA","OR-JACKSON","80","3","3","66240","2024-04-01","","","https://www.huduser.gov/portal/datasets/mtsp.html#data_2026","OHCS workbook, MTSP HERA Special, 2024"
"HUD-MTSP-HERA","OR-JACKSON","80","4","4","73600","2024-04-01","","","https://www.huduser.gov/portal/datasets/mtsp.html#data_2026","OHCS workbook, MTSP HERA Special, 2024"
"HUD-MTSP-HERA","OR-JACKSON","80","5","5","79520","2024-04-01","","","https://www.huduser.gov/portal/datasets/mtsp.html#data_2026","OHCS workbook, MTSP HERA Special, 2024"
"HUD-MTSP-HERA","OR-JACKSON","80","6","6","85440","2024-04-01","","","https://www.huduser.gov/portal/datasets/mtsp.html#data_2026","OHCS workbook, MTSP HERA Special, 2024"
"HUD-MTSP-HERA","OR-JACKSON","80","7","7","91280","2024-04-01","","","https://www.huduser.gov/portal/datasets/mtsp.html#data_2026","OHCS workbook, MTSP HERA Special, 2024"
"HUD-MTSP-HERA","OR-JACKSON","80","8","8","97200","2024-04-01","","","https://www.huduser.gov/portal/datasets/mtsp.html#data_2026","OHCS workbook, MTSP HERA Special, 2024"
"HUD-MTSP-HERA","OR-JACKSON","20","1","1","13560","2025-04-01","","","https://www.huduser.gov/portal/datasets/mtsp.html#data_2026","OHCS workbook, MTSP HERA Special, 2025"
"HUD-MTSP-HERA","OR-JACKSON","20","2","2","15500","2025-04-01","","","https://www.huduser.gov/portal/datasets/mtsp.html#data_2026","OHCS workbook, MTSP HERA Special, 2025"
"HUD-MTSP-HERA","OR-JACKSON","20","3","3","17440","2025-04-01","","","https://www.huduser.gov/portal/datasets/mtsp.html#data_2026","OHCS workbook, MTSP HERA Special, 2025"
"HUD-MTSP-HERA","OR-JACKSON","20","4","4","19360","2025-04-01","","","https://www.huduser.gov/portal/datasets/mtsp.html#data_2026","OHCS workbook, MTSP HERA Special, 2025"
"HUD-MTSP-HERA","OR-JACKSON","20","5","5","20920","2025-04-01","","","https://www.huduser.gov/portal/datasets/mtsp.html#data_2026","OHCS workbook, MTSP HERA Special, 2025"
"HUD-MTSP-HERA","OR-JACKSON","20","6","6","22460","2025-04-01","","","https://www.huduser.gov/portal/datasets/mtsp.html#data_2026","OHCS workbook, MTSP HERA Special, 2025"
"HUD-MTSP-HERA","OR-JACKSON","20","7","7","24020","2025-04-01","","","https://www.huduser.gov/portal/datasets/mtsp.html#data_2026","OHCS workbook, MTSP HERA Special, 2025"
"HUD-MTSP-HERA","OR-JACKSON","20","8","8","25560","2025-04-01","","","https://www.huduser.gov/portal/datasets/mtsp.html#data_2026","OHCS workbook, MTSP HERA Special, 2025"
"HUD-MTSP-HERA","OR-JACKSON","30","1","1","20340","2025-04-01","","","https://www.huduser.gov/portal/datasets/mtsp.html#data_2026","OHCS workbook, MTSP HERA Special, 2025"
"HUD-MTSP-HERA","OR-JACKSON","30","2","2","23250","2025-04-01","","","https://www.huduser.gov/portal/datasets/mtsp.html#data_2026","OHCS workbook, MTSP HERA Special, 2025"
"HUD-MTSP-HERA","OR-JACKSON","30","3","3","26160","2025-04-01","","","https://www.huduser.gov/portal/datasets/mtsp.html#data_2026","OHCS workbook, MTSP HERA Special, 2025"
"HUD-MTSP-HERA","OR-JACKSON","30","4","4","29040","2025-04-01","","","https://www.huduser.gov/portal/datasets/mtsp.html#data_2026","OHCS workbook, MTSP HERA Special, 2025"
"HUD-MTSP-HERA","OR-JACKSON","30","5","5","31380","2025-04-01","","","https://www.huduser.gov/portal/datasets/mtsp.html#data_2026","OHCS workbook, MTSP HERA Special, 2025"
"HUD-MTSP-HERA","OR-JACKSON","30","6","6","33690","2025-04-01","","","https://www.huduser.gov/portal/datasets/mtsp.html#data_2026","OHCS workbook, MTSP HERA Special, 2025"
"HUD-MTSP-HERA","OR-JACKSON","30","7","7","36030","2025-04-01","","","https://www.huduser.gov/portal/datasets/mtsp.html#data_2026","OHCS workbook, MTSP HERA Special, 2025"
"HUD-MTSP-HERA","OR-JACKSON","30","8","8","38340","2025-04-01","","","https://www.huduser.gov/portal/datasets/mtsp.html#data_2026","OHCS workbook, MTSP HERA Special, 2025"
"HUD-MTSP-HERA","OR-JACKSON","35","1","1","23730","2025-04-01","","","https://www.huduser.gov/portal/datasets/mtsp.html#data_2026","OHCS workbook, MTSP HERA Special, 2025"
"HUD-MTSP-HERA","OR-JACKSON","35","2","2","27125","2025-04-01","","","https://www.huduser.gov/portal/datasets/mtsp.html#data_2026","OHCS workbook, MTSP HERA Special, 2025"
"HUD-MTSP-HERA","OR-JACKSON","35","3","3","30520","2025-04-01","","","https://www.huduser.gov/portal/datasets/mtsp.html#data_2026","OHCS workbook, MTSP HERA Special, 2025"
"HUD-MTSP-HERA","OR-JACKSON","35","4","4","33880","2025-04-01","","","https://www.huduser.gov/portal/datasets/mtsp.html#data_2026","OHCS workbook, MTSP HERA Special, 2025"
"HUD-MTSP-HERA","OR-JACKSON","35","5","5","36610","2025-04-01","","","https://www.huduser.gov/portal/datasets/mtsp.html#data_2026","OHCS workbook, MTSP HERA Special, 2025"
"HUD-MTSP-HERA","OR-JACKSON","35","6","6","39305","2025-04-01","","","https://www.huduser.gov/portal/datasets/mtsp.html#data_2026","OHCS workbook, MTSP HERA Special, 2025"
"HUD-MTSP-HERA","OR-JACKSON","35","7","7","42035","2025-04-01","","","https://www.huduser.gov/portal/datasets/mtsp.html#data_2026","OHCS workbook, MTSP HERA Special, 2025"
"HUD-MTSP-HERA","OR-JACKSON","35","8","8","44730","2025-04-01","","","https://www.huduser.gov/portal/datasets/mtsp.html#data_2026","OHCS workbook, MTSP HERA Special, 2025"
"HUD-MTSP-HERA","OR-JACKSON","40","1","1","27120","2025-04-01","","","https://www.huduser.gov/portal/datasets/mtsp.html#data_2026","OHCS workbook, MTSP HERA Special, 2025"
"HUD-MTSP-HERA","OR-JACKSON","40","2","2","31000","2025-04-01","","","https://www.huduser.gov/portal/datasets/mtsp.html#data_2026","OHCS workbook, MTSP HERA Special, 2025"
"HUD-MTSP-HERA","OR-JACKSON","40","3","3","34880","2025-04-01","","","https://www.huduser.gov/portal/datasets/mtsp.html#data_2026","OHCS workbook, MTSP HERA Special, 2025"
"HUD-MTSP-HERA","OR-JACKSON","40","4","4","38720","2025-04-01","","","https://www.huduser.gov/portal/datasets/mtsp.html#data_2026","OHCS workbook, MTSP HERA Special, 2025"
"HUD-MTSP-HERA","OR-JACKSON","40","5","5","41840","2025-04-01","","","https://www.huduser.gov/portal/datasets/mtsp.html#data_2026","OHCS workbook, MTSP HERA Special, 2025"
"HUD-MTSP-HERA","OR-JACKSON","40","6","6","44920","2025-04-01","","","https://www.huduser.gov/portal/datasets/mtsp.html#data_2026","OHCS workbook, MTSP HERA Special, 2025"
"HUD-MTSP-HERA","OR-JACKSON","40","7","7","48040","2025-04-01","","","https://www.huduser.gov/portal/datasets/mtsp.html#data_2026","OHCS workbook, MTSP HERA Special, 2025"
"HUD-MTSP-HERA","OR-JACKSON","40","8","8","51120","2025-04-01","","","https://www.huduser.gov/portal/datasets/mtsp.html#data_2026","OHCS workbook, MTSP HERA Special, 2025"
"HUD-MTSP-HERA","OR-JACKSON","45","1","1","30510","2025-04-01","","","https://www.huduser.gov/portal/datasets/mtsp.html#data_2026","OHCS workbook, MTSP HERA Special, 2025"
"HUD-MTSP-HERA","OR-JACKSON","45","2","2","34875","2025-04-01","","","https://www.huduser.gov/portal/datasets/mtsp.html#data_2026","OHCS workbook, MTSP HERA Special, 2025"
"HUD-MTSP-HERA","OR-JACKSON","45","3","3","39240","2025-04-01","","","https://www.huduser.gov/portal/datasets/mtsp.html#data_2026","OHCS workbook, MTSP HERA Special, 2025"
"HUD-MTSP-HERA","OR-JACKSON","45","4","4","43560","2025-04-01","","","https://www.huduser.gov/portal/datasets/mtsp.html#data_2026","OHCS workbook, MTSP HERA Special, 2025"
"HUD-MTSP-HERA","OR-JACKSON","45","5","5","47070","2025-04-01","","","https://www.huduser.gov/portal/datasets/mtsp.html#data_2026","OHCS workbook, MTSP HERA Special, 2025"
"HUD-MTSP-HERA","OR-JACKSON","45","6","6","50535","2025-04-01","","","https://www.huduser.gov/portal/datasets/mtsp.html#data_2026","OHCS workbook, MTSP HERA Special, 2025"
"HUD-MTSP-HERA","OR-JACKSON","45","7","7","54045","2025-04-01","","","https://www.huduser.gov/portal/datasets/mtsp.html#data_2026","OHCS workbook, MTSP HERA Special, 2025"
"HUD-MTSP-HERA","OR-JACKSON","45","8","8","57510","2025-04-01","","","https://www.huduser.gov/portal/datasets/mtsp.html#data_2026","OHCS workbook, MTSP HERA Special, 2025"
"HUD-MTSP-HERA","OR-JACKSON","50","1","1","33900","2025-04-01","","","https://www.huduser.gov/portal/datasets/mtsp.html#data_2026","OHCS workbook, MTSP HERA Special, 2025"
"HUD-MTSP-HERA","OR-JACKSON","50","2","2","38750","2025-04-01","","","https://www.huduser.gov/portal/datasets/mtsp.html#data_2026","OHCS workbook, MTSP HERA Special, 2025"
"HUD-MTSP-HERA","OR-JACKSON","50","3","3","43600","2025-04-01","","","https://www.huduser.gov/portal/datasets/mtsp.html#data_2026","OHCS workbook, MTSP HERA Special, 2025"
"HUD-MTSP-HERA","OR-JACKSON","50","4","4","48400","2025-04-01","","","https://www.huduser.gov/portal/datasets/mtsp.html#data_2026","OHCS workbook, MTSP HERA Special, 2025"
"HUD-MTSP-HERA","OR-JACKSON","50","5","5","52300","2025-04-01","","","https://www.huduser.gov/portal/datasets/mtsp.html#data_2026","OHCS workbook, MTSP HERA Special, 2025"
"HUD-MTSP-HERA","OR-JACKSON","50","6","6","56150","2025-04-01","","","https://www.huduser.gov/portal/datasets/mtsp.html#data_2026","OHCS workbook, MTSP HERA Special, 2025"
"HUD-MTSP-HERA","OR-JACKSON","50","7","7","60050","2025-04-01","","","https://www.huduser.gov/portal/datasets/mtsp.html#data_2026","OHCS workbook, MTSP HERA Special, 2025"
"HUD-MTSP-HERA","OR-JACKSON","50","8","8","63900","2025-04-01","","","https://www.huduser.gov/portal/datasets/mtsp.html#data_2026","OHCS workbook, MTSP HERA Special, 2025"
"HUD-MTSP-HERA","OR-JACKSON","55","1","1","37290","2025-04-01","","","https://www.huduser.gov/portal/datasets/mtsp.html#data_2026","OHCS workbook, MTSP HERA Special, 2025"
"HUD-MTSP-HERA","OR-JACKSON","55","2","2","42625","2025-04-01","","","https://www.huduser.gov/portal/datasets/mtsp.html#data_2026","OHCS workbook, MTSP HERA Special, 2025"
"HUD-MTSP-HERA","OR-JACKSON","55","3","3","47960","2025-04-01","","","https://www.huduser.gov/portal/datasets/mtsp.html#data_2026","OHCS workbook, MTSP HERA Special, 2025"
"HUD-MTSP-HERA","OR-JACKSON","55","4","4","53240","2025-04-01","","","https://www.huduser.gov/portal/datasets/mtsp.html#data_2026","OHCS workbook, MTSP HERA Special, 2025"
"HUD-MTSP-HERA","OR-JACKSON","55","5","5","57530","2025-04-01","","","https://www.huduser.gov/portal/datasets/mtsp.html#data_2026","OHCS workbook, MTSP HERA Special, 2025"
"HUD-MTSP-HERA","OR-JACKSON","55","6","6","61765","2025-04-01","","","https://www.huduser.gov/portal/datasets/mtsp.html#data_2026","OHCS workbook, MTSP HERA Special, 2025"
"HUD-MTSP-HERA","OR-JACKSON","55","7","7","66055","2025-04-01","","","https://www.huduser.gov/portal/datasets/mtsp.html#data_2026","OHCS workbook, MTSP HERA Special, 2025"
"HUD-MTSP-HERA","OR-JACKSON","55","8","8","70290","2025-04-01","","","https://www.huduser.gov/portal/datasets/mtsp.html#data_2026","OHCS workbook, MTSP HERA Special, 2025"
"HUD-MTSP-HERA","OR-JACKSON","60","1","1","40680","2025-04-01","","","https://www.huduser.gov/portal/datasets/mtsp.html#data_2026","OHCS workbook, MTSP HERA Special, 2025"
"HUD-MTSP-HERA","OR-JACKSON","60","2","2","46500","2025-04-01","","","https://www.huduser.gov/portal/datasets/mtsp.html#data_2026","OHCS workbook, MTSP HERA Special, 2025"
"HUD-MTSP-HERA","OR-JACKSON","60","3","3","52320","2025-04-01","","","https://www.huduser.gov/portal/datasets/mtsp.html#data_2026","OHCS workbook, MTSP HERA Special, 2025"
"HUD-MTSP-HERA","OR-JACKSON","60","4","4","58080","2025-04-01","","","https://www.huduser.gov/portal/datasets/mtsp.html#data_2026","OHCS workbook, MTSP HERA Special, 2025"
"HUD-MTSP-HERA","OR-JACKSON","60","5","5","62760","2025-04-01","","","https://www.huduser.gov/portal/datasets/mtsp.html#data_2026","OHCS workbook, MTSP HERA Special, 2025"
"HUD-MTSP-HERA","OR-JACKSON","60","6","6","67380","2025-04-01","","","https://www.huduser.gov/portal/datasets/mtsp.html#data_2026","OHCS workbook, MTSP HERA Special, 2025"
"HUD-MTSP-HERA","OR-JACKSON","60","7","7","72060","2025-04-01","","","https://www.huduser.gov/portal/datasets/mtsp.html#data_2026","OHCS workbook, MTSP HERA Special, 2025"
"HUD-MTSP-HERA","OR-JACKSON","60","8","8","76680","2025-04-01","","","https://www.huduser.gov/portal/datasets/mtsp.html#data_2026","OHCS workbook, MTSP HERA Special, 2025"
"HUD-MTSP-HERA","OR-JACKSON","70","1","1","47460","2025-04-01","","","https://www.huduser.gov/portal/datasets/mtsp.html#data_2026","OHCS workbook, MTSP HERA Special, 2025"
"HUD-MTSP-HERA","OR-JACKSON","70","2","2","54250","2025-04-01","","","https://www.huduser.gov/portal/datasets/mtsp.html#data_2026","OHCS workbook, MTSP HERA Special, 2025"
"HUD-MTSP-HERA","OR-JACKSON","70","3","3","61040","2025-04-01","","","https://www.huduser.gov/portal/datasets/mtsp.html#data_2026","OHCS workbook, MTSP HERA Special, 2025"
"HUD-MTSP-HERA","OR-JACKSON","70","4","4","67760","2025-04-01","","","https://www.huduser.gov/portal/datasets/mtsp.html#data_2026","OHCS workbook, MTSP HERA Special, 2025"
"HUD-MTSP-HERA","OR-JACKSON","70","5","5","73220","2025-04-01","","","https://www.huduser.gov/portal/datasets/mtsp.html#data_2026","OHCS workbook, MTSP HERA Special, 2025"
"HUD-MTSP-HERA","OR-JACKSON","70","6","6","78610","2025-04-01","","","https://www.huduser.gov/portal/datasets/mtsp.html#data_2026","OHCS workbook, MTSP HERA Special, 2025"
"HUD-MTSP-HERA","OR-JACKSON","70","7","7","84070","2025-04-01","","","https://www.huduser.gov/portal/datasets/mtsp.html#data_2026","OHCS workbook, MTSP HERA Special, 2025"
"HUD-MTSP-HERA","OR-JACKSON","70","8","8","89460","2025-04-01","","","https://www.huduser.gov/portal/datasets/mtsp.html#data_2026","OHCS workbook, MTSP HERA Special, 2025"
"HUD-MTSP-HERA","OR-JACKSON","80","1","1","54240","2025-04-01","","","https://www.huduser.gov/portal/datasets/mtsp.html#data_2026","OHCS workbook, MTSP HERA Special, 2025"
"HUD-MTSP-HERA","OR-JACKSON","80","2","2","62000","2025-04-01","","","https://www.huduser.gov/portal/datasets/mtsp.html#data_2026","OHCS workbook, MTSP HERA Special, 2025"
"HUD-MTSP-HERA","OR-JACKSON","80","3","3","69760","2025-04-01","","","https://www.huduser.gov/portal/datasets/mtsp.html#data_2026","OHCS workbook, MTSP HERA Special, 2025"
"HUD-MTSP-HERA","OR-JACKSON","80","4","4","77440","2025-04-01","","","https://www.huduser.gov/portal/datasets/mtsp.html#data_2026","OHCS workbook, MTSP HERA Special, 2025"
"HUD-MTSP-HERA","OR-JACKSON","80","5","5","83680","2025-04-01","","","https://www.huduser.gov/portal/datasets/mtsp.html#data_2026","OHCS workbook, MTSP HERA Special, 2025"
"HUD-MTSP-HERA","OR-JACKSON","80","6","6","89840","2025-04-01","","","https://www.huduser.gov/portal/datasets/mtsp.html#data_2026","OHCS workbook, MTSP HERA Special, 2025"
"HUD-MTSP-HERA","OR-JACKSON","80","7","7","96080","2025-04-01","","","https://www.huduser.gov/portal/datasets/mtsp.html#data_2026","OHCS workbook, MTSP HERA Special, 2025"
"HUD-MTSP-HERA","OR-JACKSON","80","8","8","102240","2025-04-01","","","https://www.huduser.gov/portal/datasets/mtsp.html#data_2026","OHCS workbook, MTSP HERA Special, 2025"
"HUD-MTSP-HERA","OR-JOSEPHINE","20","1","1","11980","2025-04-01","","","https://www.huduser.gov/portal/datasets/mtsp.html#data_2026","OHCS workbook, MTSP HERA Special, 2025"
"HUD-MTSP-HERA","OR-JOSEPHINE","20","2","2","13680","2025-04-01","","","https://www.huduser.gov/portal/datasets/mtsp.html#data_2026","OHCS workbook, MTSP HERA Special, 2025"
"HUD-MTSP-HERA","OR-JOSEPHINE","20","3","3","15400","2025-04-01","","","https://www.huduser.gov/portal/datasets/mtsp.html#data_2026","OHCS workbook, MTSP HERA Special, 2025"
"HUD-MTSP-HERA","OR-JOSEPHINE","20","4","4","17100","2025-04-01","","","https://www.huduser.gov/portal/datasets/mtsp.html#data_2026","OHCS workbook, MTSP HERA Special, 2025"
"HUD-MTSP-HERA","OR-JOSEPHINE","20","5","5","18480","2025-04-01","","","https://www.huduser.gov/portal/datasets/mtsp.html#data_2026","OHCS workbook, MTSP HERA Special, 2025"
"HUD-MTSP-HERA","OR-JOSEPHINE","20","6","6","19840","2025-04-01","","","https://www.huduser.gov/portal/datasets/mtsp.html#data_2026","OHCS workbook, MTSP HERA Special, 2025"
"HUD-MTSP-HERA","OR-JOSEPHINE","20","7","7","21220","2025-04-01","","","https://www.huduser.gov/portal/datasets/mtsp.html#data_2026","OHCS workbook, MTSP HERA Special, 2025"
"HUD-MTSP-HERA","OR-JOSEPHINE","20","8","8","22580","2025-04-01","","","https://www.huduser.gov/portal/datasets/mtsp.html#data_2026","OHCS workbook, MTSP HERA Special, 2025"
"HUD-MTSP-HERA","OR-JOSEPHINE","30","1","1","17970","2025-04-01","","","https://www.huduser.gov/portal/datasets/mtsp.html#data_2026","OHCS workbook, MTSP HERA Special, 2025"
"HUD-MTSP-HERA","OR-JOSEPHINE","30","2","2","20520","2025-04-01","","","https://www.huduser.gov/portal/datasets/mtsp.html#data_2026","OHCS workbook, MTSP HERA Special, 2025"
"HUD-MTSP-HERA","OR-JOSEPHINE","30","3","3","23100","2025-04-01","","","https://www.huduser.gov/portal/datasets/mtsp.html#data_2026","OHCS workbook, MTSP HERA Special, 2025"
"HUD-MTSP-HERA","OR-JOSEPHINE","30","4","4","25650","2025-04-01","","","https://www.huduser.gov/portal/datasets/mtsp.html#data_2026","OHCS workbook, MTSP HERA Special, 2025"
"HUD-MTSP-HERA","OR-JOSEPHINE","30","5","5","27720","2025-04-01","","","https://www.huduser.gov/portal/datasets/mtsp.html#data_2026","OHCS workbook, MTSP HERA Special, 2025"
"HUD-MTSP-HERA","OR-JOSEPHINE","30","6","6","29760","2025-04-01","","","https://www.huduser.gov/portal/datasets/mtsp.html#data_2026","OHCS workbook, MTSP HERA Special, 2025"
"HUD-MTSP-HERA","OR-JOSEPHINE","30","7","7","31830","2025-04-01","","","https://www.huduser.gov/portal/datasets/mtsp.html#data_2026","OHCS workbook, MTSP HERA Special, 2025"
"HUD-MTSP-HERA","OR-JOSEPHINE","30","8","8","33870","2025-04-01","","","https://www.huduser.gov/portal/datasets/mtsp.html#data_2026","OHCS workbook, MTSP HERA Special, 2025"
"HUD-MTSP-HERA","OR-JOSEPHINE","35","1","1","20965","2025-04-01","","","https://www.huduser.gov/portal/datasets/mtsp.html#data_2026","OHCS workbook, MTSP HERA Special, 2025"
"HUD-MTSP-HERA","OR-JOSEPHINE","35","2","2","23940","2025-04-01","","","https://www.huduser.gov/portal/datasets/mtsp.html#data_2026","OHCS workbook, MTSP HERA Special, 2025"
"HUD-MTSP-HERA","OR-JOSEPHINE","35","3","3","26950","2025-04-01","","","https://www.huduser.gov/portal/datasets/mtsp.html#data_2026","OHCS workbook, MTSP HERA Special, 2025"
"HUD-MTSP-HERA","OR-JOSEPHINE","35","4","4","29925","2025-04-01","","","https://www.huduser.gov/portal/datasets/mtsp.html#data_2026","OHCS workbook, MTSP HERA Special, 2025"
"HUD-MTSP-HERA","OR-JOSEPHINE","35","5","5","32340","2025-04-01","","","https://www.huduser.gov/portal/datasets/mtsp.html#data_2026","OHCS workbook, MTSP HERA Special, 2025"
"HUD-MTSP-HERA","OR-JOSEPHINE","35","6","6","34720","2025-04-01","","","https://www.huduser.gov/portal/datasets/mtsp.html#data_2026","OHCS workbook, MTSP HERA Special, 2025"
"HUD-MTSP-HERA","OR-JOSEPHINE","35","7","7","37135","2025-04-01","","","https://www.huduser.gov/portal/datasets/mtsp.html#data_2026","OHCS workbook, MTSP HERA Special, 2025"
"HUD-MTSP-HERA","OR-JOSEPHINE","35","8","8","39515","2025-04-01","","","https://www.huduser.gov/portal/datasets/mtsp.html#data_2026","OHCS workbook, MTSP HERA Special, 2025"
"HUD-MTSP-HERA","OR-JOSEPHINE","40","1","1","23960","2025-04-01","","","https://www.huduser.gov/portal/datasets/mtsp.html#data_2026","OHCS workbook, MTSP HERA Special, 2025"
"HUD-MTSP-HERA","OR-JOSEPHINE","40","2","2","27360","2025-04-01","","","https://www.huduser.gov/portal/datasets/mtsp.html#data_2026","OHCS workbook, MTSP HERA Special, 2025"
"HUD-MTSP-HERA","OR-JOSEPHINE","40","3","3","30800","2025-04-01","","","https://www.huduser.gov/portal/datasets/mtsp.html#data_2026","OHCS workbook, MTSP HERA Special, 2025"
"HUD-MTSP-HERA","OR-JOSEPHINE","40","4","4","34200","2025-04-01","","","https://www.huduser.gov/portal/datasets/mtsp.html#data_2026","OHCS workbook, MTSP HERA Special, 2025"
"HUD-MTSP-HERA","OR-JOSEPHINE","40","5","5","36960","2025-04-01","","","https://www.huduser.gov/portal/datasets/mtsp.html#data_2026","OHCS workbook, MTSP HERA Special, 2025"
"HUD-MTSP-HERA","OR-JOSEPHINE","40","6","6","39680","2025-04-01","","","https://www.huduser.gov/portal/datasets/mtsp.html#data_2026","OHCS workbook, MTSP HERA Special, 2025"
"HUD-MTSP-HERA","OR-JOSEPHINE","40","7","7","42440","2025-04-01","","","https://www.huduser.gov/portal/datasets/mtsp.html#data_2026","OHCS workbook, MTSP HERA Special, 2025"
"HUD-MTSP-HERA","OR-JOSEPHINE","40","8","8","45160","2025-04-01","","","https://www.huduser.gov/portal/datasets/mtsp.html#data_2026","OHCS workbook, MTSP HERA Special, 2025"
"HUD-MTSP-HERA","OR-JOSEPHINE","45","1","1","26955","2025-04-01","","","https://www.huduser.gov/portal/datasets/mtsp.html#data_2026","OHCS workbook, MTSP HERA Special, 2025"
"HUD-MTSP-HERA","OR-JOSEPHINE","45","2","2","30780","2025-04-01","","","https://www.huduser.gov/portal/datasets/mtsp.html#data_2026","OHCS workbook, MTSP HERA Special, 2025"
"HUD-MTSP-HERA","OR-JOSEPHINE","45","3","3","34650","2025-04-01","","","https://www.huduser.gov/portal/datasets/mtsp.html#data_2026","OHCS workbook, MTSP HERA Special, 2025"
"HUD-MTSP-HERA","OR-JOSEPHINE","45","4","4","38475","2025-04-01","","","https://www.huduser.gov/portal/datasets/mtsp.html#data_2026","OHCS workbook, MTSP HERA Special, 2025"
"HUD-MTSP-HERA","OR-JOSEPHINE","45","5","5","41580","2025-04-01","","","https://www.huduser.gov/portal/datasets/mtsp.html#data_2026","OHCS workbook, MTSP HERA Special, 2025"
"HUD-MTSP-HERA","OR-JOSEPHINE","45","6","6","44640","2025-04-01","","","https://www.huduser.gov/portal/datasets/mtsp.html#data_2026","OHCS workbook, MTSP HERA Special, 2025"
"HUD-MTSP-HERA","OR-JOSEPHINE","45","7","7","47745","2025-04-01","","","https://www.huduser.gov/portal/datasets/mtsp.html#data_2026","OHCS workbook, MTSP HERA Special, 2025"
"HUD-MTSP-HERA","OR-JOSEPHINE","45","8","8","50805","2025-04-01","","","https://www.huduser.gov/portal/datasets/mtsp.html#data_2026","OHCS workbook, MTSP HERA Special, 2025"
"HUD-MTSP-HERA","OR-JOSEPHINE","50","1","1","29950","2025-04-01","","","https://www.huduser.gov/portal/datasets/mtsp.html#data_2026","OHCS workbook, MTSP HERA Special, 2025"
"HUD-MTSP-HERA","OR-JOSEPHINE","50","2","2","34200","2025-04-01","","","https://www.huduser.gov/portal/datasets/mtsp.html#data_2026","OHCS workbook, MTSP HERA Special, 2025"
"HUD-MTSP-HERA","OR-JOSEPHINE","50","3","3","38500","2025-04-01","","","https://www.huduser.gov/portal/datasets/mtsp.html#data_2026","OHCS workbook, MTSP HERA Special, 2025"
"HUD-MTSP-HERA","OR-JOSEPHINE","50","4","4","42750","2025-04-01","","","https://www.huduser.gov/portal/datasets/mtsp.html#data_2026","OHCS workbook, MTSP HERA Special, 2025"
"HUD-MTSP-HERA","OR-JOSEPHINE","50","5","5","46200","2025-04-01","","","https://www.huduser.gov/portal/datasets/mtsp.html#data_2026","OHCS workbook, MTSP HERA Special, 2025"
"HUD-MTSP-HERA","OR-JOSEPHINE","50","6","6","49600","2025-04-01","","","https://www.huduser.gov/portal/datasets/mtsp.html#data_2026","OHCS workbook, MTSP HERA Special, 2025"
"HUD-MTSP-HERA","OR-JOSEPHINE","50","7","7","53050","2025-04-01","","","https://www.huduser.gov/portal/datasets/mtsp.html#data_2026","OHCS workbook, MTSP HERA Special, 2025"
"HUD-MTSP-HERA","OR-JOSEPHINE","50","8","8","56450","2025-04-01","","","https://www.huduser.gov/portal/datasets/mtsp.html#data_2026","OHCS workbook, MTSP HERA Special, 2025"
"HUD-MTSP-HERA","OR-JOSEPHINE","55","1","1","32945","2025-04-01","","","https://www.huduser.gov/portal/datasets/mtsp.html#data_2026","OHCS workbook, MTSP HERA Special, 2025"
"HUD-MTSP-HERA","OR-JOSEPHINE","55","2","2","37620","2025-04-01","","","https://www.huduser.gov/portal/datasets/mtsp.html#data_2026","OHCS workbook, MTSP HERA Special, 2025"
"HUD-MTSP-HERA","OR-JOSEPHINE","55","3","3","42350","2025-04-01","","","https://www.huduser.gov/portal/datasets/mtsp.html#data_2026","OHCS workbook, MTSP HERA Special, 2025"
"HUD-MTSP-HERA","OR-JOSEPHINE","55","4","4","47025","2025-04-01","","","https://www.huduser.gov/portal/datasets/mtsp.html#data_2026","OHCS workbook, MTSP HERA Special, 2025"
"HUD-MTSP-HERA","OR-JOSEPHINE","55","5","5","50820","2025-04-01","","","https://www.huduser.gov/portal/datasets/mtsp.html#data_2026","OHCS workbook, MTSP HERA Special, 2025"
"HUD-MTSP-HERA","OR-JOSEPHINE","55","6","6","54560","2025-04-01","","","https://www.huduser.gov/portal/datasets/mtsp.html#data_2026","OHCS workbook, MTSP HERA Special, 2025"
"HUD-MTSP-HERA","OR-JOSEPHINE","55","7","7","58355","2025-04-01","","","https://www.huduser.gov/portal/datasets/mtsp.html#data_2026","OHCS workbook, MTSP HERA Special, 2025"
"HUD-MTSP-HERA","OR-JOSEPHINE","55","8","8","62095","2025-04-01","","","https://www.huduser.gov/portal/datasets/mtsp.html#data_2026","OHCS workbook, MTSP HERA Special, 2025"
"HUD-MTSP-HERA","OR-JOSEPHINE","60","1","1","35940","2025-04-01","","","https://www.huduser.gov/portal/datasets/mtsp.html#data_2026","OHCS workbook, MTSP HERA Special, 2025"
"HUD-MTSP-HERA","OR-JOSEPHINE","60","2","2","41040","2025-04-01","","","https://www.huduser.gov/portal/datasets/mtsp.html#data_2026","OHCS workbook, MTSP HERA Special, 2025"
"HUD-MTSP-HERA","OR-JOSEPHINE","60","3","3","46200","2025-04-01","","","https://www.huduser.gov/portal/datasets/mtsp.html#data_2026","OHCS workbook, MTSP HERA Special, 2025"
"HUD-MTSP-HERA","OR-JOSEPHINE","60","4","4","51300","2025-04-01","","","https://www.huduser.gov/portal/datasets/mtsp.html#data_2026","OHCS workbook, MTSP HERA Special, 2025"
"HUD-MTSP-HERA","OR-JOSEPHINE","60","5","5","55440","2025-04-01","","","https://www.huduser.gov/portal/datasets/mtsp.html#data_2026","OHCS workbook, MTSP HERA Special, 2025"
"HUD-MTSP-HERA","OR-JOSEPHINE","60","6","6","59520","2025-04-01","","","https://www.huduser.gov/portal/datasets/mtsp.html#data_2026","OHCS workbook, MTSP HERA Special, 2025"
"HUD-MTSP-HERA","OR-JOSEPHINE","60","7","7","63660","2025-04-01","","","https://www.huduser.gov/portal/datasets/mtsp.html#data_2026","OHCS workbook, MTSP HERA Special, 2025"
"HUD-MTSP-HERA","OR-JOSEPHINE","60","8","8","67740","2025-04-01","","","https://www.huduser.gov/portal/datasets/mtsp.html#data_2026","OHCS workbook, MTSP HERA Special, 2025"
"HUD-MTSP-HERA","OR-JOSEPHINE","70","1","1","41930","2025-04-01","","","https://www.huduser.gov/portal/datasets/mtsp.html#data_2026","OHCS workbook, MTSP HERA Special, 2025"
"HUD-MTSP-HERA","OR-JOSEPHINE","70","2","2","47880","2025-04-01","","","https://www.huduser.gov/portal/datasets/mtsp.html#data_2026","OHCS workbook, MTSP HERA Special, 2025"
"HUD-MTSP-HERA","OR-JOSEPHINE","70","3","3","53900","2025-04-01","","","https://www.huduser.gov/portal/datasets/mtsp.html#data_2026","OHCS workbook, MTSP HERA Special, 2025"
"HUD-MTSP-HERA","OR-JOSEPHINE","70","4","4","59850","2025-04-01","","","https://www.huduser.gov/portal/datasets/mtsp.html#data_2026","OHCS workbook, MTSP HERA Special, 2025"
"HUD-MTSP-HERA","OR-JOSEPHINE","70","5","5","64680","2025-04-01","","","https://www.huduser.gov/portal/datasets/mtsp.html#data_2026","OHCS workbook, MTSP HERA Special, 2025"
"HUD-MTSP-HERA","OR-JOSEPHINE","70","6","6","69440","2025-04-01","","","https://www.huduser.gov/portal/datasets/mtsp.html#data_2026","OHCS workbook, MTSP HERA Special, 2025"
"HUD-MTSP-HERA","OR-JOSEPHINE","70","7","7","74270","2025-04-01","","","https://www.huduser.gov/portal/datasets/mtsp.html#data_2026","OHCS workbook, MTSP HERA Special, 2025"
"HUD-MTSP-HERA","OR-JOSEPHINE","70","8","8","79030","2025-04-01","","","https://www.huduser.gov/portal/datasets/mtsp.html#data_2026","OHCS workbook, MTSP HERA Special, 2025"
"HUD-MTSP-HERA","OR-JOSEPHINE","80","1","1","47920","2025-04-01","","","https://www.huduser.gov/portal/datasets/mtsp.html#data_2026","OHCS workbook, MTSP HERA Special, 2025"
"HUD-MTSP-HERA","OR-JOSEPHINE","80","2","2","54720","2025-04-01","","","https://www.huduser.gov/portal/datasets/mtsp.html#data_2026","OHCS workbook, MTSP HERA Special, 2025"
"HUD-MTSP-HERA","OR-JOSEPHINE","80","3","3","61600","2025-04-01","","","https://www.huduser.gov/portal/datasets/mtsp.html#data_2026","OHCS workbook, MTSP HERA Special, 2025"
"HUD-MTSP-HERA","OR-JOSEPHINE","80","4","4","68400","2025-04-01","","","https://www.huduser.gov/portal/datasets/mtsp.html#data_2026","OHCS workbook, MTSP HERA Special, 2025"
"HUD-MTSP-HERA","OR-JOSEPHINE","80","5","5","73920","2025-04-01","","","https://www.huduser.gov/portal/datasets/mtsp.html#data_2026","OHCS workbook, MTSP HERA Special, 2025"
"HUD-MTSP-HERA","OR-JOSEPHINE","80","6","6","79360","2025-04-01","","","https://www.huduser.gov/portal/datasets/mtsp.html#data_2026","OHCS workbook, MTSP HERA Special, 2025"
"HUD-MTSP-HERA","OR-JOSEPHINE","80","7","7","84880","2025-04-01","","","https://www.huduser.gov/portal/datasets/mtsp.html#data_2026","OHCS workbook, MTSP HERA Special, 2025"
"HUD-MTSP-HERA","OR-JOSEPHINE","80","8","8","90320","2025-04-01","","","https://www.huduser.gov/portal/datasets/mtsp.html#data_2026","OHCS workbook, MTSP HERA Special, 2025"
"HUD-MTSP-HERA","OR-JACKSON","20","1","1","14400","2026-05-01","","","https://www.huduser.gov/portal/datasets/mtsp.html#data_2026","OHCS workbook, MTSP HERA Special, 2026"
"HUD-MTSP-HERA","OR-JACKSON","20","2","2","16460","2026-05-01","","","https://www.huduser.gov/portal/datasets/mtsp.html#data_2026","OHCS workbook, MTSP HERA Special, 2026"
"HUD-MTSP-HERA","OR-JACKSON","20","3","3","18520","2026-05-01","","","https://www.huduser.gov/portal/datasets/mtsp.html#data_2026","OHCS workbook, MTSP HERA Special, 2026"
"HUD-MTSP-HERA","OR-JACKSON","20","4","4","20560","2026-05-01","","","https://www.huduser.gov/portal/datasets/mtsp.html#data_2026","OHCS workbook, MTSP HERA Special, 2026"
"HUD-MTSP-HERA","OR-JACKSON","20","5","5","22220","2026-05-01","","","https://www.huduser.gov/portal/datasets/mtsp.html#data_2026","OHCS workbook, MTSP HERA Special, 2026"
"HUD-MTSP-HERA","OR-JACKSON","20","6","6","23860","2026-05-01","","","https://www.huduser.gov/portal/datasets/mtsp.html#data_2026","OHCS workbook, MTSP HERA Special, 2026"
"HUD-MTSP-HERA","OR-JACKSON","20","7","7","25500","2026-05-01","","","https://www.huduser.gov/portal/datasets/mtsp.html#data_2026","OHCS workbook, MTSP HERA Special, 2026"
"HUD-MTSP-HERA","OR-JACKSON","20","8","8","27140","2026-05-01","","","https://www.huduser.gov/portal/datasets/mtsp.html#data_2026","OHCS workbook, MTSP HERA Special, 2026"
"HUD-MTSP-HERA","OR-JACKSON","30","1","1","21600","2026-05-01","","","https://www.huduser.gov/portal/datasets/mtsp.html#data_2026","OHCS workbook, MTSP HERA Special, 2026"
"HUD-MTSP-HERA","OR-JACKSON","30","2","2","24690","2026-05-01","","","https://www.huduser.gov/portal/datasets/mtsp.html#data_2026","OHCS workbook, MTSP HERA Special, 2026"
"HUD-MTSP-HERA","OR-JACKSON","30","3","3","27780","2026-05-01","","","https://www.huduser.gov/portal/datasets/mtsp.html#data_2026","OHCS workbook, MTSP HERA Special, 2026"
"HUD-MTSP-HERA","OR-JACKSON","30","4","4","30840","2026-05-01","","","https://www.huduser.gov/portal/datasets/mtsp.html#data_2026","OHCS workbook, MTSP HERA Special, 2026"
"HUD-MTSP-HERA","OR-JACKSON","30","5","5","33330","2026-05-01","","","https://www.huduser.gov/portal/datasets/mtsp.html#data_2026","OHCS workbook, MTSP HERA Special, 2026"
"HUD-MTSP-HERA","OR-JACKSON","30","6","6","35790","2026-05-01","","","https://www.huduser.gov/portal/datasets/mtsp.html#data_2026","OHCS workbook, MTSP HERA Special, 2026"
"HUD-MTSP-HERA","OR-JACKSON","30","7","7","38250","2026-05-01","","","https://www.huduser.gov/portal/datasets/mtsp.html#data_2026","OHCS workbook, MTSP HERA Special, 2026"
"HUD-MTSP-HERA","OR-JACKSON","30","8","8","40710","2026-05-01","","","https://www.huduser.gov/portal/datasets/mtsp.html#data_2026","OHCS workbook, MTSP HERA Special, 2026"
"HUD-MTSP-HERA","OR-JACKSON","35","1","1","25200","2026-05-01","","","https://www.huduser.gov/portal/datasets/mtsp.html#data_2026","OHCS workbook, MTSP HERA Special, 2026"
"HUD-MTSP-HERA","OR-JACKSON","35","2","2","28805","2026-05-01","","","https://www.huduser.gov/portal/datasets/mtsp.html#data_2026","OHCS workbook, MTSP HERA Special, 2026"
"HUD-MTSP-HERA","OR-JACKSON","35","3","3","32410","2026-05-01","","","https://www.huduser.gov/portal/datasets/mtsp.html#data_2026","OHCS workbook, MTSP HERA Special, 2026"
"HUD-MTSP-HERA","OR-JACKSON","35","4","4","35980","2026-05-01","","","https://www.huduser.gov/portal/datasets/mtsp.html#data_2026","OHCS workbook, MTSP HERA Special, 2026"
"HUD-MTSP-HERA","OR-JACKSON","35","5","5","38885","2026-05-01","","","https://www.huduser.gov/portal/datasets/mtsp.html#data_2026","OHCS workbook, MTSP HERA Special, 2026"
"HUD-MTSP-HERA","OR-JACKSON","35","6","6","41755","2026-05-01","","","https://www.huduser.gov/portal/datasets/mtsp.html#data_2026","OHCS workbook, MTSP HERA Special, 2026"
"HUD-MTSP-HERA","OR-JACKSON","35","7","7","44625","2026-05-01","","","https://www.huduser.gov/portal/datasets/mtsp.html#data_2026","OHCS workbook, MTSP HERA Special, 2026"
"HUD-MTSP-HERA","OR-JACKSON","35","8","8","47495","2026-05-01","","","https://www.huduser.gov/portal/datasets/mtsp.html#data_2026","OHCS workbook, MTSP HERA Special, 2026"
"HUD-MTSP-HERA","OR-JACKSON","40","1","1","28800","2026-05-01","","","https://www.huduser.gov/portal/datasets/mtsp.html#data_2026","OHCS workbook, MTSP HERA Special, 2026"
"HUD-MTSP-HERA","OR-JACKSON","40","2","2","32920","2026-05-01","","","https://www.huduser.gov/portal/datasets/mtsp.html#data_2026","OHCS workbook, MTSP HERA Special, 2026"
"HUD-MTSP-HERA","OR-JACKSON","40","3","3","37040","2026-05-01","","","https://www.huduser.gov/portal/datasets/mtsp.html#data_2026","OHCS workbook, MTSP HERA Special, 2026"
"HUD-MTSP-HERA","OR-JACKSON","40","4","4","41120","2026-05-01","","","https://www.huduser.gov/portal/datasets/mtsp.html#data_2026","OHCS workbook, MTSP HERA Special, 2026"
"HUD-MTSP-HERA","OR-JACKSON","40","5","5","44440","2026-05-01","","","https://www.huduser.gov/portal/datasets/mtsp.html#data_2026","OHCS workbook, MTSP HERA Special, 2026"
"HUD-MTSP-HERA","OR-JACKSON","40","6","6","47720","2026-05-01","","","https://www.huduser.gov/portal/datasets/mtsp.html#data_2026","OHCS workbook, MTSP HERA Special, 2026"
"HUD-MTSP-HERA","OR-JACKSON","40","7","7","51000","2026-05-01","","","https://www.huduser.gov/portal/datasets/mtsp.html#data_2026","OHCS workbook, MTSP HERA Special, 2026"
"HUD-MTSP-HERA","OR-JACKSON","40","8","8","54280","2026-05-01","","","https://www.huduser.gov/portal/datasets/mtsp.html#data_2026","OHCS workbook, MTSP HERA Special, 2026"
"HUD-MTSP-HERA","OR-JACKSON","45","1","1","32400","2026-05-01","","","https://www.huduser.gov/portal/datasets/mtsp.html#data_2026","OHCS workbook, MTSP HERA Special, 2026"
"HUD-MTSP-HERA","OR-JACKSON","45","2","2","37035","2026-05-01","","","https://www.huduser.gov/portal/datasets/mtsp.html#data_2026","OHCS workbook, MTSP HERA Special, 2026"
"HUD-MTSP-HERA","OR-JACKSON","45","3","3","41670","2026-05-01","","","https://www.huduser.gov/portal/datasets/mtsp.html#data_2026","OHCS workbook, MTSP HERA Special, 2026"
"HUD-MTSP-HERA","OR-JACKSON","45","4","4","46260","2026-05-01","","","https://www.huduser.gov/portal/datasets/mtsp.html#data_2026","OHCS workbook, MTSP HERA Special, 2026"
"HUD-MTSP-HERA","OR-JACKSON","45","5","5","49995","2026-05-01","","","https://www.huduser.gov/portal/datasets/mtsp.html#data_2026","OHCS workbook, MTSP HERA Special, 2026"
"HUD-MTSP-HERA","OR-JACKSON","45","6","6","53685","2026-05-01","","","https://www.huduser.gov/portal/datasets/mtsp.html#data_2026","OHCS workbook, MTSP HERA Special, 2026"
"HUD-MTSP-HERA","OR-JACKSON","45","7","7","57375","2026-05-01","","","https://www.huduser.gov/portal/datasets/mtsp.html#data_2026","OHCS workbook, MTSP HERA Special, 2026"
"HUD-MTSP-HERA","OR-JACKSON","45","8","8","61065","2026-05-01","","","https://www.huduser.gov/portal/datasets/mtsp.html#data_2026","OHCS workbook, MTSP HERA Special, 2026"
"HUD-MTSP-HERA","OR-JACKSON","50","1","1","36000","2026-05-01","","","https://www.huduser.gov/portal/datasets/mtsp.html#data_2026","OHCS workbook, MTSP HERA Special, 2026"
"HUD-MTSP-HERA","OR-JACKSON","50","2","2","41150","2026-05-01","","","https://www.huduser.gov/portal/datasets/mtsp.html#data_2026","OHCS workbook, MTSP HERA Special, 2026"
"HUD-MTSP-HERA","OR-JACKSON","50","3","3","46300","2026-05-01","","","https://www.huduser.gov/portal/datasets/mtsp.html#data_2026","OHCS workbook, MTSP HERA Special, 2026"
"HUD-MTSP-HERA","OR-JACKSON","50","4","4","51400","2026-05-01","","","https://www.huduser.gov/portal/datasets/mtsp.html#data_2026","OHCS workbook, MTSP HERA Special, 2026"
"HUD-MTSP-HERA","OR-JACKSON","50","5","5","55550","2026-05-01","","","https://www.huduser.gov/portal/datasets/mtsp.html#data_2026","OHCS workbook, MTSP HERA Special, 2026"
"HUD-MTSP-HERA","OR-JACKSON","50","6","6","59650","2026-05-01","","","https://www.huduser.gov/portal/datasets/mtsp.html#data_2026","OHCS workbook, MTSP HERA Special, 2026"
"HUD-MTSP-HERA","OR-JACKSON","50","7","7","63750","2026-05-01","","","https://www.huduser.gov/portal/datasets/mtsp.html#data_2026","OHCS workbook, MTSP HERA Special, 2026"
"HUD-MTSP-HERA","OR-JACKSON","50","8","8","67850","2026-05-01","","","https://www.huduser.gov/portal/datasets/mtsp.html#data_2026","OHCS workbook, MTSP HERA Special, 2026"
"HUD-MTSP-HERA","OR-JACKSON","55","1","1","39600","2026-05-01","","","https://www.huduser.gov/portal/datasets/mtsp.html#data_2026","OHCS workbook, MTSP HERA Special, 2026"
"HUD-MTSP-HERA","OR-JACKSON","55","2","2","45265","2026-05-01","","","https://www.huduser.gov/portal/datasets/mtsp.html#data_2026","OHCS workbook, MTSP HERA Special, 2026"
"HUD-MTSP-HERA","OR-JACKSON","55","3","3","50930","2026-05-01","","","https://www.huduser.gov/portal/datasets/mtsp.html#data_2026","OHCS workbook, MTSP HERA Special, 2026"
"HUD-MTSP-HERA","OR-JACKSON","55","4","4","56540","2026-05-01","","","https://www.huduser.gov/portal/datasets/mtsp.html#data_2026","OHCS workbook, MTSP HERA Special, 2026"
"HUD-MTSP-HERA","OR-JACKSON","55","5","5","61105","2026-05-01","","","https://www.huduser.gov/portal/datasets/mtsp.html#data_2026","OHCS workbook, MTSP HERA Special, 2026"
"HUD-MTSP-HERA","OR-JACKSON","55","6","6","65615","2026-05-01","","","https://www.huduser.gov/portal/datasets/mtsp.html#data_2026","OHCS workbook, MTSP HERA Special, 2026"
"HUD-MTSP-HERA","OR-JACKSON","55","7","7","70125","2026-05-01","","","https://www.huduser.gov/portal/datasets/mtsp.html#data_2026","OHCS workbook, MTSP HERA Special, 2026"
"HUD-MTSP-HERA","OR-JACKSON","55","8","8","74635","2026-05-01","","","https://www.huduser.gov/portal/datasets/mtsp.html#data_2026","OHCS workbook, MTSP HERA Special, 2026"
"HUD-MTSP-HERA","OR-JACKSON","60","1","1","43200","2026-05-01","","","https://www.huduser.gov/portal/datasets/mtsp.html#data_2026","OHCS workbook, MTSP HERA Special, 2026"
"HUD-MTSP-HERA","OR-JACKSON","60","2","2","49380","2026-05-01","","","https://www.huduser.gov/portal/datasets/mtsp.html#data_2026","OHCS workbook, MTSP HERA Special, 2026"
"HUD-MTSP-HERA","OR-JACKSON","60","3","3","55560","2026-05-01","","","https://www.huduser.gov/portal/datasets/mtsp.html#data_2026","OHCS workbook, MTSP HERA Special, 2026"
"HUD-MTSP-HERA","OR-JACKSON","60","4","4","61680","2026-05-01","","","https://www.huduser.gov/portal/datasets/mtsp.html#data_2026","OHCS workbook, MTSP HERA Special, 2026"
"HUD-MTSP-HERA","OR-JACKSON","60","5","5","66660","2026-05-01","","","https://www.huduser.gov/portal/datasets/mtsp.html#data_2026","OHCS workbook, MTSP HERA Special, 2026"
"HUD-MTSP-HERA","OR-JACKSON","60","6","6","71580","2026-05-01","","","https://www.huduser.gov/portal/datasets/mtsp.html#data_2026","OHCS workbook, MTSP HERA Special, 2026"
"HUD-MTSP-HERA","OR-JACKSON","60","7","7","76500","2026-05-01","","","https://www.huduser.gov/portal/datasets/mtsp.html#data_2026","OHCS workbook, MTSP HERA Special, 2026"
"HUD-MTSP-HERA","OR-JACKSON","60","8","8","81420","2026-05-01","","","https://www.huduser.gov/portal/datasets/mtsp.html#data_2026","OHCS workbook, MTSP HERA Special, 2026"
"HUD-MTSP-HERA","OR-JACKSON","70","1","1","50400","2026-05-01","","","https://www.huduser.gov/portal/datasets/mtsp.html#data_2026","OHCS workbook, MTSP HERA Special, 2026"
"HUD-MTSP-HERA","OR-JACKSON","70","2","2","57610","2026-05-01","","","https://www.huduser.gov/portal/datasets/mtsp.html#data_2026","OHCS workbook, MTSP HERA Special, 2026"
"HUD-MTSP-HERA","OR-JACKSON","70","3","3","64820","2026-05-01","","","https://www.huduser.gov/portal/datasets/mtsp.html#data_2026","OHCS workbook, MTSP HERA Special, 2026"
"HUD-MTSP-HERA","OR-JACKSON","70","4","4","71960","2026-05-01","","","https://www.huduser.gov/portal/datasets/mtsp.html#data_2026","OHCS workbook, MTSP HERA Special, 2026"
"HUD-MTSP-HERA","OR-JACKSON","70","5","5","77770","2026-05-01","","","https://www.huduser.gov/portal/datasets/mtsp.html#data_2026","OHCS workbook, MTSP HERA Special, 2026"
"HUD-MTSP-HERA","OR-JACKSON","70","6","6","83510","2026-05-01","","","https://www.huduser.gov/portal/datasets/mtsp.html#data_2026","OHCS workbook, MTSP HERA Special, 2026"
"HUD-MTSP-HERA","OR-JACKSON","70","7","7","89250","2026-05-01","","","https://www.huduser.gov/portal/datasets/mtsp.html#data_2026","OHCS workbook, MTSP HERA Special, 2026"
"HUD-MTSP-HERA","OR-JACKSON","70","8","8","94990","2026-05-01","","","https://www.huduser.gov/portal/datasets/mtsp.html#data_2026","OHCS workbook, MTSP HERA Special, 2026"
"HUD-MTSP-HERA","OR-JACKSON","80","1","1","57600","2026-05-01","","","https://www.huduser.gov/portal/datasets/mtsp.html#data_2026","OHCS workbook, MTSP HERA Special, 2026"
"HUD-MTSP-HERA","OR-JACKSON","80","2","2","65840","2026-05-01","","","https://www.huduser.gov/portal/datasets/mtsp.html#data_2026","OHCS workbook, MTSP HERA Special, 2026"
"HUD-MTSP-HERA","OR-JACKSON","80","3","3","74080","2026-05-01","","","https://www.huduser.gov/portal/datasets/mtsp.html#data_2026","OHCS workbook, MTSP HERA Special, 2026"
"HUD-MTSP-HERA","OR-JACKSON","80","4","4","82240","2026-05-01","","","https://www.huduser.gov/portal/datasets/mtsp.html#data_2026","OHCS workbook, MTSP HERA Special, 2026"
"HUD-MTSP-HERA","OR-JACKSON","80","5","5","88880","2026-05-01","","","https://www.huduser.gov/portal/datasets/mtsp.html#data_2026","OHCS workbook, MTSP HERA Special, 2026"
"HUD-MTSP-HERA","OR-JACKSON","80","6","6","95440","2026-05-01","","","https://www.huduser.gov/portal/datasets/mtsp.html#data_2026","OHCS workbook, MTSP HERA Special, 2026"
"HUD-MTSP-HERA","OR-JACKSON","80","7","7","102000","2026-05-01","","","https://www.huduser.gov/portal/datasets/mtsp.html#data_2026","OHCS workbook, MTSP HERA Special, 2026"
"HUD-MTSP-HERA","OR-JACKSON","80","8","8","108560","2026-05-01","","","https://www.huduser.gov/portal/datasets/mtsp.html#data_2026","OHCS workbook, MTSP HERA Special, 2026"
"HUD-MTSP-HERA","OR-JOSEPHINE","20","1","1","11980","2026-05-01","","","https://www.huduser.gov/portal/datasets/mtsp.html#data_2026","OHCS workbook, MTSP HERA Special, 2026"
"HUD-MTSP-HERA","OR-JOSEPHINE","20","2","2","13680","2026-05-01","","","https://www.huduser.gov/portal/datasets/mtsp.html#data_2026","OHCS workbook, MTSP HERA Special, 2026"
"HUD-MTSP-HERA","OR-JOSEPHINE","20","3","3","15400","2026-05-01","","","https://www.huduser.gov/portal/datasets/mtsp.html#data_2026","OHCS workbook, MTSP HERA Special, 2026"
"HUD-MTSP-HERA","OR-JOSEPHINE","20","4","4","17100","2026-05-01","","","https://www.huduser.gov/portal/datasets/mtsp.html#data_2026","OHCS workbook, MTSP HERA Special, 2026"
"HUD-MTSP-HERA","OR-JOSEPHINE","20","5","5","18480","2026-05-01","","","https://www.huduser.gov/portal/datasets/mtsp.html#data_2026","OHCS workbook, MTSP HERA Special, 2026"
"HUD-MTSP-HERA","OR-JOSEPHINE","20","6","6","19840","2026-05-01","","","https://www.huduser.gov/portal/datasets/mtsp.html#data_2026","OHCS workbook, MTSP HERA Special, 2026"
"HUD-MTSP-HERA","OR-JOSEPHINE","20","7","7","21220","2026-05-01","","","https://www.huduser.gov/portal/datasets/mtsp.html#data_2026","OHCS workbook, MTSP HERA Special, 2026"
"HUD-MTSP-HERA","OR-JOSEPHINE","20","8","8","22580","2026-05-01","","","https://www.huduser.gov/portal/datasets/mtsp.html#data_2026","OHCS workbook, MTSP HERA Special, 2026"
"HUD-MTSP-HERA","OR-JOSEPHINE","30","1","1","17970","2026-05-01","","","https://www.huduser.gov/portal/datasets/mtsp.html#data_2026","OHCS workbook, MTSP HERA Special, 2026"
"HUD-MTSP-HERA","OR-JOSEPHINE","30","2","2","20520","2026-05-01","","","https://www.huduser.gov/portal/datasets/mtsp.html#data_2026","OHCS workbook, MTSP HERA Special, 2026"
"HUD-MTSP-HERA","OR-JOSEPHINE","30","3","3","23100","2026-05-01","","","https://www.huduser.gov/portal/datasets/mtsp.html#data_2026","OHCS workbook, MTSP HERA Special, 2026"
"HUD-MTSP-HERA","OR-JOSEPHINE","30","4","4","25650","2026-05-01","","","https://www.huduser.gov/portal/datasets/mtsp.html#data_2026","OHCS workbook, MTSP HERA Special, 2026"
"HUD-MTSP-HERA","OR-JOSEPHINE","30","5","5","27720","2026-05-01","","","https://www.huduser.gov/portal/datasets/mtsp.html#data_2026","OHCS workbook, MTSP HERA Special, 2026"
"HUD-MTSP-HERA","OR-JOSEPHINE","30","6","6","29760","2026-05-01","","","https://www.huduser.gov/portal/datasets/mtsp.html#data_2026","OHCS workbook, MTSP HERA Special, 2026"
"HUD-MTSP-HERA","OR-JOSEPHINE","30","7","7","31830","2026-05-01","","","https://www.huduser.gov/portal/datasets/mtsp.html#data_2026","OHCS workbook, MTSP HERA Special, 2026"
"HUD-MTSP-HERA","OR-JOSEPHINE","30","8","8","33870","2026-05-01","","","https://www.huduser.gov/portal/datasets/mtsp.html#data_2026","OHCS workbook, MTSP HERA Special, 2026"
"HUD-MTSP-HERA","OR-JOSEPHINE","35","1","1","20965","2026-05-01","","","https://www.huduser.gov/portal/datasets/mtsp.html#data_2026","OHCS workbook, MTSP HERA Special, 2026"
"HUD-MTSP-HERA","OR-JOSEPHINE","35","2","2","23940","2026-05-01","","","https://www.huduser.gov/portal/datasets/mtsp.html#data_2026","OHCS workbook, MTSP HERA Special, 2026"
"HUD-MTSP-HERA","OR-JOSEPHINE","35","3","3","26950","2026-05-01","","","https://www.huduser.gov/portal/datasets/mtsp.html#data_2026","OHCS workbook, MTSP HERA Special, 2026"
"HUD-MTSP-HERA","OR-JOSEPHINE","35","4","4","29925","2026-05-01","","","https://www.huduser.gov/portal/datasets/mtsp.html#data_2026","OHCS workbook, MTSP HERA Special, 2026"
"HUD-MTSP-HERA","OR-JOSEPHINE","35","5","5","32340","2026-05-01","","","https://www.huduser.gov/portal/datasets/mtsp.html#data_2026","OHCS workbook, MTSP HERA Special, 2026"
"HUD-MTSP-HERA","OR-JOSEPHINE","35","6","6","34720","2026-05-01","","","https://www.huduser.gov/portal/datasets/mtsp.html#data_2026","OHCS workbook, MTSP HERA Special, 2026"
"HUD-MTSP-HERA","OR-JOSEPHINE","35","7","7","37135","2026-05-01","","","https://www.huduser.gov/portal/datasets/mtsp.html#data_2026","OHCS workbook, MTSP HERA Special, 2026"
"HUD-MTSP-HERA","OR-JOSEPHINE","35","8","8","39515","2026-05-01","","","https://www.huduser.gov/portal/datasets/mtsp.html#data_2026","OHCS workbook, MTSP HERA Special, 2026"
"HUD-MTSP-HERA","OR-JOSEPHINE","40","1","1","23960","2026-05-01","","","https://www.huduser.gov/portal/datasets/mtsp.html#data_2026","OHCS workbook, MTSP HERA Special, 2026"
"HUD-MTSP-HERA","OR-JOSEPHINE","40","2","2","27360","2026-05-01","","","https://www.huduser.gov/portal/datasets/mtsp.html#data_2026","OHCS workbook, MTSP HERA Special, 2026"
"HUD-MTSP-HERA","OR-JOSEPHINE","40","3","3","30800","2026-05-01","","","https://www.huduser.gov/portal/datasets/mtsp.html#data_2026","OHCS workbook, MTSP HERA Special, 2026"
"HUD-MTSP-HERA","OR-JOSEPHINE","40","4","4","34200","2026-05-01","","","https://www.huduser.gov/portal/datasets/mtsp.html#data_2026","OHCS workbook, MTSP HERA Special, 2026"
"HUD-MTSP-HERA","OR-JOSEPHINE","40","5","5","36960","2026-05-01","","","https://www.huduser.gov/portal/datasets/mtsp.html#data_2026","OHCS workbook, MTSP HERA Special, 2026"
"HUD-MTSP-HERA","OR-JOSEPHINE","40","6","6","39680","2026-05-01","","","https://www.huduser.gov/portal/datasets/mtsp.html#data_2026","OHCS workbook, MTSP HERA Special, 2026"
"HUD-MTSP-HERA","OR-JOSEPHINE","40","7","7","42440","2026-05-01","","","https://www.huduser.gov/portal/datasets/mtsp.html#data_2026","OHCS workbook, MTSP HERA Special, 2026"
"HUD-MTSP-HERA","OR-JOSEPHINE","40","8","8","45160","2026-05-01","","","https://www.huduser.gov/portal/datasets/mtsp.html#data_2026","OHCS workbook, MTSP HERA Special, 2026"
"HUD-MTSP-HERA","OR-JOSEPHINE","45","1","1","26955","2026-05-01","","","https://www.huduser.gov/portal/datasets/mtsp.html#data_2026","OHCS workbook, MTSP HERA Special, 2026"
"HUD-MTSP-HERA","OR-JOSEPHINE","45","2","2","30780","2026-05-01","","","https://www.huduser.gov/portal/datasets/mtsp.html#data_2026","OHCS workbook, MTSP HERA Special, 2026"
"HUD-MTSP-HERA","OR-JOSEPHINE","45","3","3","34650","2026-05-01","","","https://www.huduser.gov/portal/datasets/mtsp.html#data_2026","OHCS workbook, MTSP HERA Special, 2026"
"HUD-MTSP-HERA","OR-JOSEPHINE","45","4","4","38475","2026-05-01","","","https://www.huduser.gov/portal/datasets/mtsp.html#data_2026","OHCS workbook, MTSP HERA Special, 2026"
"HUD-MTSP-HERA","OR-JOSEPHINE","45","5","5","41580","2026-05-01","","","https://www.huduser.gov/portal/datasets/mtsp.html#data_2026","OHCS workbook, MTSP HERA Special, 2026"
"HUD-MTSP-HERA","OR-JOSEPHINE","45","6","6","44640","2026-05-01","","","https://www.huduser.gov/portal/datasets/mtsp.html#data_2026","OHCS workbook, MTSP HERA Special, 2026"
"HUD-MTSP-HERA","OR-JOSEPHINE","45","7","7","47745","2026-05-01","","","https://www.huduser.gov/portal/datasets/mtsp.html#data_2026","OHCS workbook, MTSP HERA Special, 2026"
"HUD-MTSP-HERA","OR-JOSEPHINE","45","8","8","50805","2026-05-01","","","https://www.huduser.gov/portal/datasets/mtsp.html#data_2026","OHCS workbook, MTSP HERA Special, 2026"
"HUD-MTSP-HERA","OR-JOSEPHINE","50","1","1","29950","2026-05-01","","","https://www.huduser.gov/portal/datasets/mtsp.html#data_2026","OHCS workbook, MTSP HERA Special, 2026"
"HUD-MTSP-HERA","OR-JOSEPHINE","50","2","2","34200","2026-05-01","","","https://www.huduser.gov/portal/datasets/mtsp.html#data_2026","OHCS workbook, MTSP HERA Special, 2026"
"HUD-MTSP-HERA","OR-JOSEPHINE","50","3","3","38500","2026-05-01","","","https://www.huduser.gov/portal/datasets/mtsp.html#data_2026","OHCS workbook, MTSP HERA Special, 2026"
"HUD-MTSP-HERA","OR-JOSEPHINE","50","4","4","42750","2026-05-01","","","https://www.huduser.gov/portal/datasets/mtsp.html#data_2026","OHCS workbook, MTSP HERA Special, 2026"
"HUD-MTSP-HERA","OR-JOSEPHINE","50","5","5","46200","2026-05-01","","","https://www.huduser.gov/portal/datasets/mtsp.html#data_2026","OHCS workbook, MTSP HERA Special, 2026"
"HUD-MTSP-HERA","OR-JOSEPHINE","50","6","6","49600","2026-05-01","","","https://www.huduser.gov/portal/datasets/mtsp.html#data_2026","OHCS workbook, MTSP HERA Special, 2026"
"HUD-MTSP-HERA","OR-JOSEPHINE","50","7","7","53050","2026-05-01","","","https://www.huduser.gov/portal/datasets/mtsp.html#data_2026","OHCS workbook, MTSP HERA Special, 2026"
"HUD-MTSP-HERA","OR-JOSEPHINE","50","8","8","56450","2026-05-01","","","https://www.huduser.gov/portal/datasets/mtsp.html#data_2026","OHCS workbook, MTSP HERA Special, 2026"
"HUD-MTSP-HERA","OR-JOSEPHINE","55","1","1","32945","2026-05-01","","","https://www.huduser.gov/portal/datasets/mtsp.html#data_2026","OHCS workbook, MTSP HERA Special, 2026"
"HUD-MTSP-HERA","OR-JOSEPHINE","55","2","2","37620","2026-05-01","","","https://www.huduser.gov/portal/datasets/mtsp.html#data_2026","OHCS workbook, MTSP HERA Special, 2026"
"HUD-MTSP-HERA","OR-JOSEPHINE","55","3","3","42350","2026-05-01","","","https://www.huduser.gov/portal/datasets/mtsp.html#data_2026","OHCS workbook, MTSP HERA Special, 2026"
"HUD-MTSP-HERA","OR-JOSEPHINE","55","4","4","47025","2026-05-01","","","https://www.huduser.gov/portal/datasets/mtsp.html#data_2026","OHCS workbook, MTSP HERA Special, 2026"
"HUD-MTSP-HERA","OR-JOSEPHINE","55","5","5","50820","2026-05-01","","","https://www.huduser.gov/portal/datasets/mtsp.html#data_2026","OHCS workbook, MTSP HERA Special, 2026"
"HUD-MTSP-HERA","OR-JOSEPHINE","55","6","6","54560","2026-05-01","","","https://www.huduser.gov/portal/datasets/mtsp.html#data_2026","OHCS workbook, MTSP HERA Special, 2026"
"HUD-MTSP-HERA","OR-JOSEPHINE","55","7","7","58355","2026-05-01","","","https://www.huduser.gov/portal/datasets/mtsp.html#data_2026","OHCS workbook, MTSP HERA Special, 2026"
"HUD-MTSP-HERA","OR-JOSEPHINE","55","8","8","62095","2026-05-01","","","https://www.huduser.gov/portal/datasets/mtsp.html#data_2026","OHCS workbook, MTSP HERA Special, 2026"
"HUD-MTSP-HERA","OR-JOSEPHINE","60","1","1","35940","2026-05-01","","","https://www.huduser.gov/portal/datasets/mtsp.html#data_2026","OHCS workbook, MTSP HERA Special, 2026"
"HUD-MTSP-HERA","OR-JOSEPHINE","60","2","2","41040","2026-05-01","","","https://www.huduser.gov/portal/datasets/mtsp.html#data_2026","OHCS workbook, MTSP HERA Special, 2026"
"HUD-MTSP-HERA","OR-JOSEPHINE","60","3","3","46200","2026-05-01","","","https://www.huduser.gov/portal/datasets/mtsp.html#data_2026","OHCS workbook, MTSP HERA Special, 2026"
"HUD-MTSP-HERA","OR-JOSEPHINE","60","4","4","51300","2026-05-01","","","https://www.huduser.gov/portal/datasets/mtsp.html#data_2026","OHCS workbook, MTSP HERA Special, 2026"
"HUD-MTSP-HERA","OR-JOSEPHINE","60","5","5","55440","2026-05-01","","","https://www.huduser.gov/portal/datasets/mtsp.html#data_2026","OHCS workbook, MTSP HERA Special, 2026"
"HUD-MTSP-HERA","OR-JOSEPHINE","60","6","6","59520","2026-05-01","","","https://www.huduser.gov/portal/datasets/mtsp.html#data_2026","OHCS workbook, MTSP HERA Special, 2026"
"HUD-MTSP-HERA","OR-JOSEPHINE","60","7","7","63660","2026-05-01","","","https://www.huduser.gov/portal/datasets/mtsp.html#data_2026","OHCS workbook, MTSP HERA Special, 2026"
"HUD-MTSP-HERA","OR-JOSEPHINE","60","8","8","67740","2026-05-01","","","https://www.huduser.gov/portal/datasets/mtsp.html#data_2026","OHCS workbook, MTSP HERA Special, 2026"
"HUD-MTSP-HERA","OR-JOSEPHINE","70","1","1","41930","2026-05-01","","","https://www.huduser.gov/portal/datasets/mtsp.html#data_2026","OHCS workbook, MTSP HERA Special, 2026"
"HUD-MTSP-HERA","OR-JOSEPHINE","70","2","2","47880","2026-05-01","","","https://www.huduser.gov/portal/datasets/mtsp.html#data_2026","OHCS workbook, MTSP HERA Special, 2026"
"HUD-MTSP-HERA","OR-JOSEPHINE","70","3","3","53900","2026-05-01","","","https://www.huduser.gov/portal/datasets/mtsp.html#data_2026","OHCS workbook, MTSP HERA Special, 2026"
"HUD-MTSP-HERA","OR-JOSEPHINE","70","4","4","59850","2026-05-01","","","https://www.huduser.gov/portal/datasets/mtsp.html#data_2026","OHCS workbook, MTSP HERA Special, 2026"
"HUD-MTSP-HERA","OR-JOSEPHINE","70","5","5","64680","2026-05-01","","","https://www.huduser.gov/portal/datasets/mtsp.html#data_2026","OHCS workbook, MTSP HERA Special, 2026"
"HUD-MTSP-HERA","OR-JOSEPHINE","70","6","6","69440","2026-05-01","","","https://www.huduser.gov/portal/datasets/mtsp.html#data_2026","OHCS workbook, MTSP HERA Special, 2026"
"HUD-MTSP-HERA","OR-JOSEPHINE","70","7","7","74270","2026-05-01","","","https://www.huduser.gov/portal/datasets/mtsp.html#data_2026","OHCS workbook, MTSP HERA Special, 2026"
"HUD-MTSP-HERA","OR-JOSEPHINE","70","8","8","79030","2026-05-01","","","https://www.huduser.gov/portal/datasets/mtsp.html#data_2026","OHCS workbook, MTSP HERA Special, 2026"
"HUD-MTSP-HERA","OR-JOSEPHINE","80","1","1","47920","2026-05-01","","","https://www.huduser.gov/portal/datasets/mtsp.html#data_2026","OHCS workbook, MTSP HERA Special, 2026"
"HUD-MTSP-HERA","OR-JOSEPHINE","80","2","2","54720","2026-05-01","","","https://www.huduser.gov/portal/datasets/mtsp.html#data_2026","OHCS workbook, MTSP HERA Special, 2026"
"HUD-MTSP-HERA","OR-JOSEPHINE","80","3","3","61600","2026-05-01","","","https://www.huduser.gov/portal/datasets/mtsp.html#data_2026","OHCS workbook, MTSP HERA Special, 2026"
"HUD-MTSP-HERA","OR-JOSEPHINE","80","4","4","68400","2026-05-01","","","https://www.huduser.gov/portal/datasets/mtsp.html#data_2026","OHCS workbook, MTSP HERA Special, 2026"
"HUD-MTSP-HERA","OR-JOSEPHINE","80","5","5","73920","2026-05-01","","","https://www.huduser.gov/portal/datasets/mtsp.html#data_2026","OHCS workbook, MTSP HERA Special, 2026"
"HUD-MTSP-HERA","OR-JOSEPHINE","80","6","6","79360","2026-05-01","","","https://www.huduser.gov/portal/datasets/mtsp.html#data_2026","OHCS workbook, MTSP HERA Special, 2026"
"HUD-MTSP-HERA","OR-JOSEPHINE","80","7","7","84880","2026-05-01","","","https://www.huduser.gov/portal/datasets/mtsp.html#data_2026","OHCS workbook, MTSP HERA Special, 2026"
"HUD-MTSP-HERA","OR-JOSEPHINE","80","8","8","90320","2026-05-01","","","https://www.huduser.gov/portal/datasets/mtsp.html#data_2026","OHCS workbook, MTSP HERA Special, 2026"
"HUD-MTSP","OR-JACKSON","20","1","1","12940","2025-04-01","","","https://www.huduser.gov/portal/datasets/mtsp.html#data_2026","OHCS workbook, Actual MTSP, 2025"
"HUD-MTSP","OR-JACKSON","20","2","2","14800","2025-04-01","","","https://www.huduser.gov/portal/datasets/mtsp.html#data_2026","OHCS workbook, Actual MTSP, 2025"
"HUD-MTSP","OR-JACKSON","20","3","3","16640","2025-04-01","","","https://www.huduser.gov/portal/datasets/mtsp.html#data_2026","OHCS workbook, Actual MTSP, 2025"
"HUD-MTSP","OR-JACKSON","20","4","4","18480","2025-04-01","","","https://www.huduser.gov/portal/datasets/mtsp.html#data_2026","OHCS workbook, Actual MTSP, 2025"
"HUD-MTSP","OR-JACKSON","20","5","5","19960","2025-04-01","","","https://www.huduser.gov/portal/datasets/mtsp.html#data_2026","OHCS workbook, Actual MTSP, 2025"
"HUD-MTSP","OR-JACKSON","20","6","6","21440","2025-04-01","","","https://www.huduser.gov/portal/datasets/mtsp.html#data_2026","OHCS workbook, Actual MTSP, 2025"
"HUD-MTSP","OR-JACKSON","20","7","7","22920","2025-04-01","","","https://www.huduser.gov/portal/datasets/mtsp.html#data_2026","OHCS workbook, Actual MTSP, 2025"
"HUD-MTSP","OR-JACKSON","20","8","8","24400","2025-04-01","","","https://www.huduser.gov/portal/datasets/mtsp.html#data_2026","OHCS workbook, Actual MTSP, 2025"
"HUD-MTSP","OR-JACKSON","30","1","1","19410","2025-04-01","","","https://www.huduser.gov/portal/datasets/mtsp.html#data_2026","OHCS workbook, Actual MTSP, 2025"
"HUD-MTSP","OR-JACKSON","30","2","2","22200","2025-04-01","","","https://www.huduser.gov/portal/datasets/mtsp.html#data_2026","OHCS workbook, Actual MTSP, 2025"
"HUD-MTSP","OR-JACKSON","30","3","3","24960","2025-04-01","","","https://www.huduser.gov/portal/datasets/mtsp.html#data_2026","OHCS workbook, Actual MTSP, 2025"
"HUD-MTSP","OR-JACKSON","30","4","4","27720","2025-04-01","","","https://www.huduser.gov/portal/datasets/mtsp.html#data_2026","OHCS workbook, Actual MTSP, 2025"
"HUD-MTSP","OR-JACKSON","30","5","5","29940","2025-04-01","","","https://www.huduser.gov/portal/datasets/mtsp.html#data_2026","OHCS workbook, Actual MTSP, 2025"
"HUD-MTSP","OR-JACKSON","30","6","6","32160","2025-04-01","","","https://www.huduser.gov/portal/datasets/mtsp.html#data_2026","OHCS workbook, Actual MTSP, 2025"
"HUD-MTSP","OR-JACKSON","30","7","7","34380","2025-04-01","","","https://www.huduser.gov/portal/datasets/mtsp.html#data_2026","OHCS workbook, Actual MTSP, 2025"
"HUD-MTSP","OR-JACKSON","30","8","8","36600","2025-04-01","","","https://www.huduser.gov/portal/datasets/mtsp.html#data_2026","OHCS workbook, Actual MTSP, 2025"
"HUD-MTSP","OR-JACKSON","35","1","1","22645","2025-04-01","","","https://www.huduser.gov/portal/datasets/mtsp.html#data_2026","OHCS workbook, Actual MTSP, 2025"
"HUD-MTSP","OR-JACKSON","35","2","2","25900","2025-04-01","","","https://www.huduser.gov/portal/datasets/mtsp.html#data_2026","OHCS workbook, Actual MTSP, 2025"
"HUD-MTSP","OR-JACKSON","35","3","3","29120","2025-04-01","","","https://www.huduser.gov/portal/datasets/mtsp.html#data_2026","OHCS workbook, Actual MTSP, 2025"
"HUD-MTSP","OR-JACKSON","35","4","4","32340","2025-04-01","","","https://www.huduser.gov/portal/datasets/mtsp.html#data_2026","OHCS workbook, Actual MTSP, 2025"
"HUD-MTSP","OR-JACKSON","35","5","5","34930","2025-04-01","","","https://www.huduser.gov/portal/datasets/mtsp.html#data_2026","OHCS workbook, Actual MTSP, 2025"
"HUD-MTSP","OR-JACKSON","35","6","6","37520","2025-04-01","","","https://www.huduser.gov/portal/datasets/mtsp.html#data_2026","OHCS workbook, Actual MTSP, 2025"
"HUD-MTSP","OR-JACKSON","35","7","7","40110","2025-04-01","","","https://www.huduser.gov/portal/datasets/mtsp.html#data_2026","OHCS workbook, Actual MTSP, 2025"
"HUD-MTSP","OR-JACKSON","35","8","8","42700","2025-04-01","","","https://www.huduser.gov/portal/datasets/mtsp.html#data_2026","OHCS workbook, Actual MTSP, 2025"
"HUD-MTSP","OR-JACKSON","40","1","1","25880","2025-04-01","","","https://www.huduser.gov/portal/datasets/mtsp.html#data_2026","OHCS workbook, Actual MTSP, 2025"
"HUD-MTSP","OR-JACKSON","40","2","2","29600","2025-04-01","","","https://www.huduser.gov/portal/datasets/mtsp.html#data_2026","OHCS workbook, Actual MTSP, 2025"
"HUD-MTSP","OR-JACKSON","40","3","3","33280","2025-04-01","","","https://www.huduser.gov/portal/datasets/mtsp.html#data_2026","OHCS workbook, Actual MTSP, 2025"
"HUD-MTSP","OR-JACKSON","40","4","4","36960","2025-04-01","","","https://www.huduser.gov/portal/datasets/mtsp.html#data_2026","OHCS workbook, Actual MTSP, 2025"
"HUD-MTSP","OR-JACKSON","40","5","5","39920","2025-04-01","","","https://www.huduser.gov/portal/datasets/mtsp.html#data_2026","OHCS workbook, Actual MTSP, 2025"
"HUD-MTSP","OR-JACKSON","40","6","6","42880","2025-04-01","","","https://www.huduser.gov/portal/datasets/mtsp.html#data_2026","OHCS workbook, Actual MTSP, 2025"
"HUD-MTSP","OR-JACKSON","40","7","7","45840","2025-04-01","","","https://www.huduser.gov/portal/datasets/mtsp.html#data_2026","OHCS workbook, Actual MTSP, 2025"
"HUD-MTSP","OR-JACKSON","40","8","8","48800","2025-04-01","","","https://www.huduser.gov/portal/datasets/mtsp.html#data_2026","OHCS workbook, Actual MTSP, 2025"
"HUD-MTSP","OR-JACKSON","45","1","1","29115","2025-04-01","","","https://www.huduser.gov/portal/datasets/mtsp.html#data_2026","OHCS workbook, Actual MTSP, 2025"
"HUD-MTSP","OR-JACKSON","45","2","2","33300","2025-04-01","","","https://www.huduser.gov/portal/datasets/mtsp.html#data_2026","OHCS workbook, Actual MTSP, 2025"
"HUD-MTSP","OR-JACKSON","45","3","3","37440","2025-04-01","","","https://www.huduser.gov/portal/datasets/mtsp.html#data_2026","OHCS workbook, Actual MTSP, 2025"
"HUD-MTSP","OR-JACKSON","45","4","4","41580","2025-04-01","","","https://www.huduser.gov/portal/datasets/mtsp.html#data_2026","OHCS workbook, Actual MTSP, 2025"
"HUD-MTSP","OR-JACKSON","45","5","5","44910","2025-04-01","","","https://www.huduser.gov/portal/datasets/mtsp.html#data_2026","OHCS workbook, Actual MTSP, 2025"
"HUD-MTSP","OR-JACKSON","45","6","6","48240","2025-04-01","","","https://www.huduser.gov/portal/datasets/mtsp.html#data_2026","OHCS workbook, Actual MTSP, 2025"
"HUD-MTSP","OR-JACKSON","45","7","7","51570","2025-04-01","","","https://www.huduser.gov/portal/datasets/mtsp.html#data_2026","OHCS workbook, Actual MTSP, 2025"
"HUD-MTSP","OR-JACKSON","45","8","8","54900","2025-04-01","","","https://www.huduser.gov/portal/datasets/mtsp.html#data_2026","OHCS workbook, Actual MTSP, 2025"
"HUD-MTSP","OR-JACKSON","50","1","1","32350","2025-04-01","","","https://www.huduser.gov/portal/datasets/mtsp.html#data_2026","OHCS workbook, Actual MTSP, 2025"
"HUD-MTSP","OR-JACKSON","50","2","2","37000","2025-04-01","","","https://www.huduser.gov/portal/datasets/mtsp.html#data_2026","OHCS workbook, Actual MTSP, 2025"
"HUD-MTSP","OR-JACKSON","50","3","3","41600","2025-04-01","","","https://www.huduser.gov/portal/datasets/mtsp.html#data_2026","OHCS workbook, Actual MTSP, 2025"
"HUD-MTSP","OR-JACKSON","50","4","4","46200","2025-04-01","","","https://www.huduser.gov/portal/datasets/mtsp.html#data_2026","OHCS workbook, Actual MTSP, 2025"
"HUD-MTSP","OR-JACKSON","50","5","5","49900","2025-04-01","","","https://www.huduser.gov/portal/datasets/mtsp.html#data_2026","OHCS workbook, Actual MTSP, 2025"
"HUD-MTSP","OR-JACKSON","50","6","6","53600","2025-04-01","","","https://www.huduser.gov/portal/datasets/mtsp.html#data_2026","OHCS workbook, Actual MTSP, 2025"
"HUD-MTSP","OR-JACKSON","50","7","7","57300","2025-04-01","","","https://www.huduser.gov/portal/datasets/mtsp.html#data_2026","OHCS workbook, Actual MTSP, 2025"
"HUD-MTSP","OR-JACKSON","50","8","8","61000","2025-04-01","","","https://www.huduser.gov/portal/datasets/mtsp.html#data_2026","OHCS workbook, Actual MTSP, 2025"
"HUD-MTSP","OR-JACKSON","55","1","1","35585","2025-04-01","","","https://www.huduser.gov/portal/datasets/mtsp.html#data_2026","OHCS workbook, Actual MTSP, 2025"
"HUD-MTSP","OR-JACKSON","55","2","2","40700","2025-04-01","","","https://www.huduser.gov/portal/datasets/mtsp.html#data_2026","OHCS workbook, Actual MTSP, 2025"
"HUD-MTSP","OR-JACKSON","55","3","3","45760","2025-04-01","","","https://www.huduser.gov/portal/datasets/mtsp.html#data_2026","OHCS workbook, Actual MTSP, 2025"
"HUD-MTSP","OR-JACKSON","55","4","4","50820","2025-04-01","","","https://www.huduser.gov/portal/datasets/mtsp.html#data_2026","OHCS workbook, Actual MTSP, 2025"
"HUD-MTSP","OR-JACKSON","55","5","5","54890","2025-04-01","","","https://www.huduser.gov/portal/datasets/mtsp.html#data_2026","OHCS workbook, Actual MTSP, 2025"
"HUD-MTSP","OR-JACKSON","55","6","6","58960","2025-04-01","","","https://www.huduser.gov/portal/datasets/mtsp.html#data_2026","OHCS workbook, Actual MTSP, 2025"
"HUD-MTSP","OR-JACKSON","55","7","7","63030","2025-04-01","","","https://www.huduser.gov/portal/datasets/mtsp.html#data_2026","OHCS workbook, Actual MTSP, 2025"
"HUD-MTSP","OR-JACKSON","55","8","8","67100","2025-04-01","","","https://www.huduser.gov/portal/datasets/mtsp.html#data_2026","OHCS workbook, Actual MTSP, 2025"
"HUD-MTSP","OR-JACKSON","60","1","1","38820","2025-04-01","","","https://www.huduser.gov/portal/datasets/mtsp.html#data_2026","OHCS workbook, Actual MTSP, 2025"
"HUD-MTSP","OR-JACKSON","60","2","2","44400","2025-04-01","","","https://www.huduser.gov/portal/datasets/mtsp.html#data_2026","OHCS workbook, Actual MTSP, 2025"
"HUD-MTSP","OR-JACKSON","60","3","3","49920","2025-04-01","","","https://www.huduser.gov/portal/datasets/mtsp.html#data_2026","OHCS workbook, Actual MTSP, 2025"
"HUD-MTSP","OR-JACKSON","60","4","4","55440","2025-04-01","","","https://www.huduser.gov/portal/datasets/mtsp.html#data_2026","OHCS workbook, Actual MTSP, 2025"
"HUD-MTSP","OR-JACKSON","60","5","5","59880","2025-04-01","","","https://www.huduser.gov/portal/datasets/mtsp.html#data_2026","OHCS workbook, Actual MTSP, 2025"
"HUD-MTSP","OR-JACKSON","60","6","6","64320","2025-04-01","","","https://www.huduser.gov/portal/datasets/mtsp.html#data_2026","OHCS workbook, Actual MTSP, 2025"
"HUD-MTSP","OR-JACKSON","60","7","7","68760","2025-04-01","","","https://www.huduser.gov/portal/datasets/mtsp.html#data_2026","OHCS workbook, Actual MTSP, 2025"
"HUD-MTSP","OR-JACKSON","60","8","8","73200","2025-04-01","","","https://www.huduser.gov/portal/datasets/mtsp.html#data_2026","OHCS workbook, Actual MTSP, 2025"
"HUD-MTSP","OR-JACKSON","70","1","1","45290","2025-04-01","","","https://www.huduser.gov/portal/datasets/mtsp.html#data_2026","OHCS workbook, Actual MTSP, 2025"
"HUD-MTSP","OR-JACKSON","70","2","2","51800","2025-04-01","","","https://www.huduser.gov/portal/datasets/mtsp.html#data_2026","OHCS workbook, Actual MTSP, 2025"
"HUD-MTSP","OR-JACKSON","70","3","3","58240","2025-04-01","","","https://www.huduser.gov/portal/datasets/mtsp.html#data_2026","OHCS workbook, Actual MTSP, 2025"
"HUD-MTSP","OR-JACKSON","70","4","4","64680","2025-04-01","","","https://www.huduser.gov/portal/datasets/mtsp.html#data_2026","OHCS workbook, Actual MTSP, 2025"
"HUD-MTSP","OR-JACKSON","70","5","5","69860","2025-04-01","","","https://www.huduser.gov/portal/datasets/mtsp.html#data_2026","OHCS workbook, Actual MTSP, 2025"
"HUD-MTSP","OR-JACKSON","70","6","6","75040","2025-04-01","","","https://www.huduser.gov/portal/datasets/mtsp.html#data_2026","OHCS workbook, Actual MTSP, 2025"
"HUD-MTSP","OR-JACKSON","70","7","7","80220","2025-04-01","","","https://www.huduser.gov/portal/datasets/mtsp.html#data_2026","OHCS workbook, Actual MTSP, 2025"
"HUD-MTSP","OR-JACKSON","70","8","8","85400","2025-04-01","","","https://www.huduser.gov/portal/datasets/mtsp.html#data_2026","OHCS workbook, Actual MTSP, 2025"
"HUD-MTSP","OR-JACKSON","80","1","1","51760","2025-04-01","","","https://www.huduser.gov/portal/datasets/mtsp.html#data_2026","OHCS workbook, Actual MTSP, 2025"
"HUD-MTSP","OR-JACKSON","80","2","2","59200","2025-04-01","","","https://www.huduser.gov/portal/datasets/mtsp.html#data_2026","OHCS workbook, Actual MTSP, 2025"
"HUD-MTSP","OR-JACKSON","80","3","3","66560","2025-04-01","","","https://www.huduser.gov/portal/datasets/mtsp.html#data_2026","OHCS workbook, Actual MTSP, 2025"
"HUD-MTSP","OR-JACKSON","80","4","4","73920","2025-04-01","","","https://www.huduser.gov/portal/datasets/mtsp.html#data_2026","OHCS workbook, Actual MTSP, 2025"
"HUD-MTSP","OR-JACKSON","80","5","5","79840","2025-04-01","","","https://www.huduser.gov/portal/datasets/mtsp.html#data_2026","OHCS workbook, Actual MTSP, 2025"
"HUD-MTSP","OR-JACKSON","80","6","6","85760","2025-04-01","","","https://www.huduser.gov/portal/datasets/mtsp.html#data_2026","OHCS workbook, Actual MTSP, 2025"
"HUD-MTSP","OR-JACKSON","80","7","7","91680","2025-04-01","","","https://www.huduser.gov/portal/datasets/mtsp.html#data_2026","OHCS workbook, Actual MTSP, 2025"
"HUD-MTSP","OR-JACKSON","80","8","8","97600","2025-04-01","","","https://www.huduser.gov/portal/datasets/mtsp.html#data_2026","OHCS workbook, Actual MTSP, 2025"
"HUD-MTSP","OR-JOSEPHINE","20","1","1","11880","2025-04-01","","","https://www.huduser.gov/portal/datasets/mtsp.html#data_2026","OHCS workbook, Actual MTSP, 2025"
"HUD-MTSP","OR-JOSEPHINE","20","2","2","13580","2025-04-01","","","https://www.huduser.gov/portal/datasets/mtsp.html#data_2026","OHCS workbook, Actual MTSP, 2025"
"HUD-MTSP","OR-JOSEPHINE","20","3","3","15280","2025-04-01","","","https://www.huduser.gov/portal/datasets/mtsp.html#data_2026","OHCS workbook, Actual MTSP, 2025"
"HUD-MTSP","OR-JOSEPHINE","20","4","4","16960","2025-04-01","","","https://www.huduser.gov/portal/datasets/mtsp.html#data_2026","OHCS workbook, Actual MTSP, 2025"
"HUD-MTSP","OR-JOSEPHINE","20","5","5","18320","2025-04-01","","","https://www.huduser.gov/portal/datasets/mtsp.html#data_2026","OHCS workbook, Actual MTSP, 2025"
"HUD-MTSP","OR-JOSEPHINE","20","6","6","19680","2025-04-01","","","https://www.huduser.gov/portal/datasets/mtsp.html#data_2026","OHCS workbook, Actual MTSP, 2025"
"HUD-MTSP","OR-JOSEPHINE","20","7","7","21040","2025-04-01","","","https://www.huduser.gov/portal/datasets/mtsp.html#data_2026","OHCS workbook, Actual MTSP, 2025"
"HUD-MTSP","OR-JOSEPHINE","20","8","8","22400","2025-04-01","","","https://www.huduser.gov/portal/datasets/mtsp.html#data_2026","OHCS workbook, Actual MTSP, 2025"
"HUD-MTSP","OR-JOSEPHINE","30","1","1","17820","2025-04-01","","","https://www.huduser.gov/portal/datasets/mtsp.html#data_2026","OHCS workbook, Actual MTSP, 2025"
"HUD-MTSP","OR-JOSEPHINE","30","2","2","20370","2025-04-01","","","https://www.huduser.gov/portal/datasets/mtsp.html#data_2026","OHCS workbook, Actual MTSP, 2025"
"HUD-MTSP","OR-JOSEPHINE","30","3","3","22920","2025-04-01","","","https://www.huduser.gov/portal/datasets/mtsp.html#data_2026","OHCS workbook, Actual MTSP, 2025"
"HUD-MTSP","OR-JOSEPHINE","30","4","4","25440","2025-04-01","","","https://www.huduser.gov/portal/datasets/mtsp.html#data_2026","OHCS workbook, Actual MTSP, 2025"
"HUD-MTSP","OR-JOSEPHINE","30","5","5","27480","2025-04-01","","","https://www.huduser.gov/portal/datasets/mtsp.html#data_2026","OHCS workbook, Actual MTSP, 2025"
"HUD-MTSP","OR-JOSEPHINE","30","6","6","29520","2025-04-01","","","https://www.huduser.gov/portal/datasets/mtsp.html#data_2026","OHCS workbook, Actual MTSP, 2025"
"HUD-MTSP","OR-JOSEPHINE","30","7","7","31560","2025-04-01","","","https://www.huduser.gov/portal/datasets/mtsp.html#data_2026","OHCS workbook, Actual MTSP, 2025"
"HUD-MTSP","OR-JOSEPHINE","30","8","8","33600","2025-04-01","","","https://www.huduser.gov/portal/datasets/mtsp.html#data_2026","OHCS workbook, Actual MTSP, 2025"
"HUD-MTSP","OR-JOSEPHINE","35","1","1","20790","2025-04-01","","","https://www.huduser.gov/portal/datasets/mtsp.html#data_2026","OHCS workbook, Actual MTSP, 2025"
"HUD-MTSP","OR-JOSEPHINE","35","2","2","23765","2025-04-01","","","https://www.huduser.gov/portal/datasets/mtsp.html#data_2026","OHCS workbook, Actual MTSP, 2025"
"HUD-MTSP","OR-JOSEPHINE","35","3","3","26740","2025-04-01","","","https://www.huduser.gov/portal/datasets/mtsp.html#data_2026","OHCS workbook, Actual MTSP, 2025"
"HUD-MTSP","OR-JOSEPHINE","35","4","4","29680","2025-04-01","","","https://www.huduser.gov/portal/datasets/mtsp.html#data_2026","OHCS workbook, Actual MTSP, 2025"
"HUD-MTSP","OR-JOSEPHINE","35","5","5","32060","2025-04-01","","","https://www.huduser.gov/portal/datasets/mtsp.html#data_2026","OHCS workbook, Actual MTSP, 2025"
"HUD-MTSP","OR-JOSEPHINE","35","6","6","34440","2025-04-01","","","https://www.huduser.gov/portal/datasets/mtsp.html#data_2026","OHCS workbook, Actual MTSP, 2025"
"HUD-MTSP","OR-JOSEPHINE","35","7","7","36820","2025-04-01","","","https://www.huduser.gov/portal/datasets/mtsp.html#data_2026","OHCS workbook, Actual MTSP, 2025"
"HUD-MTSP","OR-JOSEPHINE","35","8","8","39200","2025-04-01","","","https://www.huduser.gov/portal/datasets/mtsp.html#data_2026","OHCS workbook, Actual MTSP, 2025"
"HUD-MTSP","OR-JOSEPHINE","40","1","1","23760","2025-04-01","","","https://www.huduser.gov/portal/datasets/mtsp.html#data_2026","OHCS workbook, Actual MTSP, 2025"
"HUD-MTSP","OR-JOSEPHINE","40","2","2","27160","2025-04-01","","","https://www.huduser.gov/portal/datasets/mtsp.html#data_2026","OHCS workbook, Actual MTSP, 2025"
"HUD-MTSP","OR-JOSEPHINE","40","3","3","30560","2025-04-01","","","https://www.huduser.gov/portal/datasets/mtsp.html#data_2026","OHCS workbook, Actual MTSP, 2025"
"HUD-MTSP","OR-JOSEPHINE","40","4","4","33920","2025-04-01","","","https://www.huduser.gov/portal/datasets/mtsp.html#data_2026","OHCS workbook, Actual MTSP, 2025"
"HUD-MTSP","OR-JOSEPHINE","40","5","5","36640","2025-04-01","","","https://www.huduser.gov/portal/datasets/mtsp.html#data_2026","OHCS workbook, Actual MTSP, 2025"
"HUD-MTSP","OR-JOSEPHINE","40","6","6","39360","2025-04-01","","","https://www.huduser.gov/portal/datasets/mtsp.html#data_2026","OHCS workbook, Actual MTSP, 2025"
"HUD-MTSP","OR-JOSEPHINE","40","7","7","42080","2025-04-01","","","https://www.huduser.gov/portal/datasets/mtsp.html#data_2026","OHCS workbook, Actual MTSP, 2025"
"HUD-MTSP","OR-JOSEPHINE","40","8","8","44800","2025-04-01","","","https://www.huduser.gov/portal/datasets/mtsp.html#data_2026","OHCS workbook, Actual MTSP, 2025"
"HUD-MTSP","OR-JOSEPHINE","45","1","1","26730","2025-04-01","","","https://www.huduser.gov/portal/datasets/mtsp.html#data_2026","OHCS workbook, Actual MTSP, 2025"
"HUD-MTSP","OR-JOSEPHINE","45","2","2","30555","2025-04-01","","","https://www.huduser.gov/portal/datasets/mtsp.html#data_2026","OHCS workbook, Actual MTSP, 2025"
"HUD-MTSP","OR-JOSEPHINE","45","3","3","34380","2025-04-01","","","https://www.huduser.gov/portal/datasets/mtsp.html#data_2026","OHCS workbook, Actual MTSP, 2025"
"HUD-MTSP","OR-JOSEPHINE","45","4","4","38160","2025-04-01","","","https://www.huduser.gov/portal/datasets/mtsp.html#data_2026","OHCS workbook, Actual MTSP, 2025"
"HUD-MTSP","OR-JOSEPHINE","45","5","5","41220","2025-04-01","","","https://www.huduser.gov/portal/datasets/mtsp.html#data_2026","OHCS workbook, Actual MTSP, 2025"
"HUD-MTSP","OR-JOSEPHINE","45","6","6","44280","2025-04-01","","","https://www.huduser.gov/portal/datasets/mtsp.html#data_2026","OHCS workbook, Actual MTSP, 2025"
"HUD-MTSP","OR-JOSEPHINE","45","7","7","47340","2025-04-01","","","https://www.huduser.gov/portal/datasets/mtsp.html#data_2026","OHCS workbook, Actual MTSP, 2025"
"HUD-MTSP","OR-JOSEPHINE","45","8","8","50400","2025-04-01","","","https://www.huduser.gov/portal/datasets/mtsp.html#data_2026","OHCS workbook, Actual MTSP, 2025"
"HUD-MTSP","OR-JOSEPHINE","50","1","1","29700","2025-04-01","","","https://www.huduser.gov/portal/datasets/mtsp.html#data_2026","OHCS workbook, Actual MTSP, 2025"
"HUD-MTSP","OR-JOSEPHINE","50","2","2","33950","2025-04-01","","","https://www.huduser.gov/portal/datasets/mtsp.html#data_2026","OHCS workbook, Actual MTSP, 2025"
"HUD-MTSP","OR-JOSEPHINE","50","3","3","38200","2025-04-01","","","https://www.huduser.gov/portal/datasets/mtsp.html#data_2026","OHCS workbook, Actual MTSP, 2025"
"HUD-MTSP","OR-JOSEPHINE","50","4","4","42400","2025-04-01","","","https://www.huduser.gov/portal/datasets/mtsp.html#data_2026","OHCS workbook, Actual MTSP, 2025"
"HUD-MTSP","OR-JOSEPHINE","50","5","5","45800","2025-04-01","","","https://www.huduser.gov/portal/datasets/mtsp.html#data_2026","OHCS workbook, Actual MTSP, 2025"
"HUD-MTSP","OR-JOSEPHINE","50","6","6","49200","2025-04-01","","","https://www.huduser.gov/portal/datasets/mtsp.html#data_2026","OHCS workbook, Actual MTSP, 2025"
"HUD-MTSP","OR-JOSEPHINE","50","7","7","52600","2025-04-01","","","https://www.huduser.gov/portal/datasets/mtsp.html#data_2026","OHCS workbook, Actual MTSP, 2025"
"HUD-MTSP","OR-JOSEPHINE","50","8","8","56000","2025-04-01","","","https://www.huduser.gov/portal/datasets/mtsp.html#data_2026","OHCS workbook, Actual MTSP, 2025"
"HUD-MTSP","OR-JOSEPHINE","55","1","1","32670","2025-04-01","","","https://www.huduser.gov/portal/datasets/mtsp.html#data_2026","OHCS workbook, Actual MTSP, 2025"
"HUD-MTSP","OR-JOSEPHINE","55","2","2","37345","2025-04-01","","","https://www.huduser.gov/portal/datasets/mtsp.html#data_2026","OHCS workbook, Actual MTSP, 2025"
"HUD-MTSP","OR-JOSEPHINE","55","3","3","42020","2025-04-01","","","https://www.huduser.gov/portal/datasets/mtsp.html#data_2026","OHCS workbook, Actual MTSP, 2025"
"HUD-MTSP","OR-JOSEPHINE","55","4","4","46640","2025-04-01","","","https://www.huduser.gov/portal/datasets/mtsp.html#data_2026","OHCS workbook, Actual MTSP, 2025"
"HUD-MTSP","OR-JOSEPHINE","55","5","5","50380","2025-04-01","","","https://www.huduser.gov/portal/datasets/mtsp.html#data_2026","OHCS workbook, Actual MTSP, 2025"
"HUD-MTSP","OR-JOSEPHINE","55","6","6","54120","2025-04-01","","","https://www.huduser.gov/portal/datasets/mtsp.html#data_2026","OHCS workbook, Actual MTSP, 2025"
"HUD-MTSP","OR-JOSEPHINE","55","7","7","57860","2025-04-01","","","https://www.huduser.gov/portal/datasets/mtsp.html#data_2026","OHCS workbook, Actual MTSP, 2025"
"HUD-MTSP","OR-JOSEPHINE","55","8","8","61600","2025-04-01","","","https://www.huduser.gov/portal/datasets/mtsp.html#data_2026","OHCS workbook, Actual MTSP, 2025"
"HUD-MTSP","OR-JOSEPHINE","60","1","1","35640","2025-04-01","","","https://www.huduser.gov/portal/datasets/mtsp.html#data_2026","OHCS workbook, Actual MTSP, 2025"
"HUD-MTSP","OR-JOSEPHINE","60","2","2","40740","2025-04-01","","","https://www.huduser.gov/portal/datasets/mtsp.html#data_2026","OHCS workbook, Actual MTSP, 2025"
"HUD-MTSP","OR-JOSEPHINE","60","3","3","45840","2025-04-01","","","https://www.huduser.gov/portal/datasets/mtsp.html#data_2026","OHCS workbook, Actual MTSP, 2025"
"HUD-MTSP","OR-JOSEPHINE","60","4","4","50880","2025-04-01","","","https://www.huduser.gov/portal/datasets/mtsp.html#data_2026","OHCS workbook, Actual MTSP, 2025"
"HUD-MTSP","OR-JOSEPHINE","60","5","5","54960","2025-04-01","","","https://www.huduser.gov/portal/datasets/mtsp.html#data_2026","OHCS workbook, Actual MTSP, 2025"
"HUD-MTSP","OR-JOSEPHINE","60","6","6","59040","2025-04-01","","","https://www.huduser.gov/portal/datasets/mtsp.html#data_2026","OHCS workbook, Actual MTSP, 2025"
"HUD-MTSP","OR-JOSEPHINE","60","7","7","63120","2025-04-01","","","https://www.huduser.gov/portal/datasets/mtsp.html#data_2026","OHCS workbook, Actual MTSP, 2025"
"HUD-MTSP","OR-JOSEPHINE","60","8","8","67200","2025-04-01","","","https://www.huduser.gov/portal/datasets/mtsp.html#data_2026","OHCS workbook, Actual MTSP, 2025"
"HUD-MTSP","OR-JOSEPHINE","70","1","1","41580","2025-04-01","","","https://www.huduser.gov/portal/datasets/mtsp.html#data_2026","OHCS workbook, Actual MTSP, 2025"
"HUD-MTSP","OR-JOSEPHINE","70","2","2","47530","2025-04-01","","","https://www.huduser.gov/portal/datasets/mtsp.html#data_2026","OHCS workbook, Actual MTSP, 2025"
"HUD-MTSP","OR-JOSEPHINE","70","3","3","53480","2025-04-01","","","https://www.huduser.gov/portal/datasets/mtsp.html#data_2026","OHCS workbook, Actual MTSP, 2025"
"HUD-MTSP","OR-JOSEPHINE","70","4","4","59360","2025-04-01","","","https://www.huduser.gov/portal/datasets/mtsp.html#data_2026","OHCS workbook, Actual MTSP, 2025"
"HUD-MTSP","OR-JOSEPHINE","70","5","5","64120","2025-04-01","","","https://www.huduser.gov/portal/datasets/mtsp.html#data_2026","OHCS workbook, Actual MTSP, 2025"
"HUD-MTSP","OR-JOSEPHINE","70","6","6","68880","2025-04-01","","","https://www.huduser.gov/portal/datasets/mtsp.html#data_2026","OHCS workbook, Actual MTSP, 2025"
"HUD-MTSP","OR-JOSEPHINE","70","7","7","73640","2025-04-01","","","https://www.huduser.gov/portal/datasets/mtsp.html#data_2026","OHCS workbook, Actual MTSP, 2025"
"HUD-MTSP","OR-JOSEPHINE","70","8","8","78400","2025-04-01","","","https://www.huduser.gov/portal/datasets/mtsp.html#data_2026","OHCS workbook, Actual MTSP, 2025"
"HUD-MTSP","OR-JOSEPHINE","80","1","1","47520","2025-04-01","","","https://www.huduser.gov/portal/datasets/mtsp.html#data_2026","OHCS workbook, Actual MTSP, 2025"
"HUD-MTSP","OR-JOSEPHINE","80","2","2","54320","2025-04-01","","","https://www.huduser.gov/portal/datasets/mtsp.html#data_2026","OHCS workbook, Actual MTSP, 2025"
"HUD-MTSP","OR-JOSEPHINE","80","3","3","61120","2025-04-01","","","https://www.huduser.gov/portal/datasets/mtsp.html#data_2026","OHCS workbook, Actual MTSP, 2025"
"HUD-MTSP","OR-JOSEPHINE","80","4","4","67840","2025-04-01","","","https://www.huduser.gov/portal/datasets/mtsp.html#data_2026","OHCS workbook, Actual MTSP, 2025"
"HUD-MTSP","OR-JOSEPHINE","80","5","5","73280","2025-04-01","","","https://www.huduser.gov/portal/datasets/mtsp.html#data_2026","OHCS workbook, Actual MTSP, 2025"
"HUD-MTSP","OR-JOSEPHINE","80","6","6","78720","2025-04-01","","","https://www.huduser.gov/portal/datasets/mtsp.html#data_2026","OHCS workbook, Actual MTSP, 2025"
"HUD-MTSP","OR-JOSEPHINE","80","7","7","84160","2025-04-01","","","https://www.huduser.gov/portal/datasets/mtsp.html#data_2026","OHCS workbook, Actual MTSP, 2025"
"HUD-MTSP","OR-JOSEPHINE","80","8","8","89600","2025-04-01","","","https://www.huduser.gov/portal/datasets/mtsp.html#data_2026","OHCS workbook, Actual MTSP, 2025"
"HUD-MTSP","OR-JACKSON","20","1","1","12300","2024-04-01","","","https://www.huduser.gov/portal/datasets/mtsp.html#data_2026","OHCS workbook, Actual MTSP, 2024"
"HUD-MTSP","OR-JACKSON","20","2","2","14060","2024-04-01","","","https://www.huduser.gov/portal/datasets/mtsp.html#data_2026","OHCS workbook, Actual MTSP, 2024"
"HUD-MTSP","OR-JACKSON","20","3","3","15820","2024-04-01","","","https://www.huduser.gov/portal/datasets/mtsp.html#data_2026","OHCS workbook, Actual MTSP, 2024"
"HUD-MTSP","OR-JACKSON","20","4","4","17560","2024-04-01","","","https://www.huduser.gov/portal/datasets/mtsp.html#data_2026","OHCS workbook, Actual MTSP, 2024"
"HUD-MTSP","OR-JACKSON","20","5","5","18980","2024-04-01","","","https://www.huduser.gov/portal/datasets/mtsp.html#data_2026","OHCS workbook, Actual MTSP, 2024"
"HUD-MTSP","OR-JACKSON","20","6","6","20380","2024-04-01","","","https://www.huduser.gov/portal/datasets/mtsp.html#data_2026","OHCS workbook, Actual MTSP, 2024"
"HUD-MTSP","OR-JACKSON","20","7","7","21780","2024-04-01","","","https://www.huduser.gov/portal/datasets/mtsp.html#data_2026","OHCS workbook, Actual MTSP, 2024"
"HUD-MTSP","OR-JACKSON","20","8","8","23180","2024-04-01","","","https://www.huduser.gov/portal/datasets/mtsp.html#data_2026","OHCS workbook, Actual MTSP, 2024"
"HUD-MTSP","OR-JACKSON","30","1","1","18450","2024-04-01","","","https://www.huduser.gov/portal/datasets/mtsp.html#data_2026","OHCS workbook, Actual MTSP, 2024"
"HUD-MTSP","OR-JACKSON","30","2","2","21090","2024-04-01","","","https://www.huduser.gov/portal/datasets/mtsp.html#data_2026","OHCS workbook, Actual MTSP, 2024"
"HUD-MTSP","OR-JACKSON","30","3","3","23730","2024-04-01","","","https://www.huduser.gov/portal/datasets/mtsp.html#data_2026","OHCS workbook, Actual MTSP, 2024"
"HUD-MTSP","OR-JACKSON","30","4","4","26340","2024-04-01","","","https://www.huduser.gov/portal/datasets/mtsp.html#data_2026","OHCS workbook, Actual MTSP, 2024"
"HUD-MTSP","OR-JACKSON","30","5","5","28470","2024-04-01","","","https://www.huduser.gov/portal/datasets/mtsp.html#data_2026","OHCS workbook, Actual MTSP, 2024"
"HUD-MTSP","OR-JACKSON","30","6","6","30570","2024-04-01","","","https://www.huduser.gov/portal/datasets/mtsp.html#data_2026","OHCS workbook, Actual MTSP, 2024"
"HUD-MTSP","OR-JACKSON","30","7","7","32670","2024-04-01","","","https://www.huduser.gov/portal/datasets/mtsp.html#data_2026","OHCS workbook, Actual MTSP, 2024"
"HUD-MTSP","OR-JACKSON","30","8","8","34770","2024-04-01","","","https://www.huduser.gov/portal/datasets/mtsp.html#data_2026","OHCS workbook, Actual MTSP, 2024"
"HUD-MTSP","OR-JACKSON","35","1","1","21525","2024-04-01","","","https://www.huduser.gov/portal/datasets/mtsp.html#data_2026","OHCS workbook, Actual MTSP, 2024"
"HUD-MTSP","OR-JACKSON","35","2","2","24605","2024-04-01","","","https://www.huduser.gov/portal/datasets/mtsp.html#data_2026","OHCS workbook, Actual MTSP, 2024"
"HUD-MTSP","OR-JACKSON","35","3","3","27685","2024-04-01","","","https://www.huduser.gov/portal/datasets/mtsp.html#data_2026","OHCS workbook, Actual MTSP, 2024"
"HUD-MTSP","OR-JACKSON","35","4","4","30730","2024-04-01","","","https://www.huduser.gov/portal/datasets/mtsp.html#data_2026","OHCS workbook, Actual MTSP, 2024"
"HUD-MTSP","OR-JACKSON","35","5","5","33215","2024-04-01","","","https://www.huduser.gov/portal/datasets/mtsp.html#data_2026","OHCS workbook, Actual MTSP, 2024"
"HUD-MTSP","OR-JACKSON","35","6","6","35665","2024-04-01","","","https://www.huduser.gov/portal/datasets/mtsp.html#data_2026","OHCS workbook, Actual MTSP, 2024"
"HUD-MTSP","OR-JACKSON","35","7","7","38115","2024-04-01","","","https://www.huduser.gov/portal/datasets/mtsp.html#data_2026","OHCS workbook, Actual MTSP, 2024"
"HUD-MTSP","OR-JACKSON","35","8","8","40565","2024-04-01","","","https://www.huduser.gov/portal/datasets/mtsp.html#data_2026","OHCS workbook, Actual MTSP, 2024"
"HUD-MTSP","OR-JACKSON","40","1","1","24600","2024-04-01","","","https://www.huduser.gov/portal/datasets/mtsp.html#data_2026","OHCS workbook, Actual MTSP, 2024"
"HUD-MTSP","OR-JACKSON","40","2","2","28120","2024-04-01","","","https://www.huduser.gov/portal/datasets/mtsp.html#data_2026","OHCS workbook, Actual MTSP, 2024"
"HUD-MTSP","OR-JACKSON","40","3","3","31640","2024-04-01","","","https://www.huduser.gov/portal/datasets/mtsp.html#data_2026","OHCS workbook, Actual MTSP, 2024"
"HUD-MTSP","OR-JACKSON","40","4","4","35120","2024-04-01","","","https://www.huduser.gov/portal/datasets/mtsp.html#data_2026","OHCS workbook, Actual MTSP, 2024"
"HUD-MTSP","OR-JACKSON","40","5","5","37960","2024-04-01","","","https://www.huduser.gov/portal/datasets/mtsp.html#data_2026","OHCS workbook, Actual MTSP, 2024"
"HUD-MTSP","OR-JACKSON","40","6","6","40760","2024-04-01","","","https://www.huduser.gov/portal/datasets/mtsp.html#data_2026","OHCS workbook, Actual MTSP, 2024"
"HUD-MTSP","OR-JACKSON","40","7","7","43560","2024-04-01","","","https://www.huduser.gov/portal/datasets/mtsp.html#data_2026","OHCS workbook, Actual MTSP, 2024"
"HUD-MTSP","OR-JACKSON","40","8","8","46360","2024-04-01","","","https://www.huduser.gov/portal/datasets/mtsp.html#data_2026","OHCS workbook, Actual MTSP, 2024"
"HUD-MTSP","OR-JACKSON","45","1","1","27675","2024-04-01","","","https://www.huduser.gov/portal/datasets/mtsp.html#data_2026","OHCS workbook, Actual MTSP, 2024"
"HUD-MTSP","OR-JACKSON","45","2","2","31635","2024-04-01","","","https://www.huduser.gov/portal/datasets/mtsp.html#data_2026","OHCS workbook, Actual MTSP, 2024"
"HUD-MTSP","OR-JACKSON","45","3","3","35595","2024-04-01","","","https://www.huduser.gov/portal/datasets/mtsp.html#data_2026","OHCS workbook, Actual MTSP, 2024"
"HUD-MTSP","OR-JACKSON","45","4","4","39510","2024-04-01","","","https://www.huduser.gov/portal/datasets/mtsp.html#data_2026","OHCS workbook, Actual MTSP, 2024"
"HUD-MTSP","OR-JACKSON","45","5","5","42705","2024-04-01","","","https://www.huduser.gov/portal/datasets/mtsp.html#data_2026","OHCS workbook, Actual MTSP, 2024"
"HUD-MTSP","OR-JACKSON","45","6","6","45855","2024-04-01","","","https://www.huduser.gov/portal/datasets/mtsp.html#data_2026","OHCS workbook, Actual MTSP, 2024"
"HUD-MTSP","OR-JACKSON","45","7","7","49005","2024-04-01","","","https://www.huduser.gov/portal/datasets/mtsp.html#data_2026","OHCS workbook, Actual MTSP, 2024"
"HUD-MTSP","OR-JACKSON","45","8","8","52155","2024-04-01","","","https://www.huduser.gov/portal/datasets/mtsp.html#data_2026","OHCS workbook, Actual MTSP, 2024"
"HUD-MTSP","OR-JACKSON","50","1","1","30750","2024-04-01","","","https://www.huduser.gov/portal/datasets/mtsp.html#data_2026","OHCS workbook, Actual MTSP, 2024"
"HUD-MTSP","OR-JACKSON","50","2","2","35150","2024-04-01","","","https://www.huduser.gov/portal/datasets/mtsp.html#data_2026","OHCS workbook, Actual MTSP, 2024"
"HUD-MTSP","OR-JACKSON","50","3","3","39550","2024-04-01","","","https://www.huduser.gov/portal/datasets/mtsp.html#data_2026","OHCS workbook, Actual MTSP, 2024"
"HUD-MTSP","OR-JACKSON","50","4","4","43900","2024-04-01","","","https://www.huduser.gov/portal/datasets/mtsp.html#data_2026","OHCS workbook, Actual MTSP, 2024"
"HUD-MTSP","OR-JACKSON","50","5","5","47450","2024-04-01","","","https://www.huduser.gov/portal/datasets/mtsp.html#data_2026","OHCS workbook, Actual MTSP, 2024"
"HUD-MTSP","OR-JACKSON","50","6","6","50950","2024-04-01","","","https://www.huduser.gov/portal/datasets/mtsp.html#data_2026","OHCS workbook, Actual MTSP, 2024"
"HUD-MTSP","OR-JACKSON","50","7","7","54450","2024-04-01","","","https://www.huduser.gov/portal/datasets/mtsp.html#data_2026","OHCS workbook, Actual MTSP, 2024"
"HUD-MTSP","OR-JACKSON","50","8","8","57950","2024-04-01","","","https://www.huduser.gov/portal/datasets/mtsp.html#data_2026","OHCS workbook, Actual MTSP, 2024"
"HUD-MTSP","OR-JACKSON","55","1","1","33825","2024-04-01","","","https://www.huduser.gov/portal/datasets/mtsp.html#data_2026","OHCS workbook, Actual MTSP, 2024"
"HUD-MTSP","OR-JACKSON","55","2","2","38665","2024-04-01","","","https://www.huduser.gov/portal/datasets/mtsp.html#data_2026","OHCS workbook, Actual MTSP, 2024"
"HUD-MTSP","OR-JACKSON","55","3","3","43505","2024-04-01","","","https://www.huduser.gov/portal/datasets/mtsp.html#data_2026","OHCS workbook, Actual MTSP, 2024"
"HUD-MTSP","OR-JACKSON","55","4","4","48290","2024-04-01","","","https://www.huduser.gov/portal/datasets/mtsp.html#data_2026","OHCS workbook, Actual MTSP, 2024"
"HUD-MTSP","OR-JACKSON","55","5","5","52195","2024-04-01","","","https://www.huduser.gov/portal/datasets/mtsp.html#data_2026","OHCS workbook, Actual MTSP, 2024"
"HUD-MTSP","OR-JACKSON","55","6","6","56045","2024-04-01","","","https://www.huduser.gov/portal/datasets/mtsp.html#data_2026","OHCS workbook, Actual MTSP, 2024"
"HUD-MTSP","OR-JACKSON","55","7","7","59895","2024-04-01","","","https://www.huduser.gov/portal/datasets/mtsp.html#data_2026","OHCS workbook, Actual MTSP, 2024"
"HUD-MTSP","OR-JACKSON","55","8","8","63745","2024-04-01","","","https://www.huduser.gov/portal/datasets/mtsp.html#data_2026","OHCS workbook, Actual MTSP, 2024"
"HUD-MTSP","OR-JACKSON","60","1","1","36900","2024-04-01","","","https://www.huduser.gov/portal/datasets/mtsp.html#data_2026","OHCS workbook, Actual MTSP, 2024"
"HUD-MTSP","OR-JACKSON","60","2","2","42180","2024-04-01","","","https://www.huduser.gov/portal/datasets/mtsp.html#data_2026","OHCS workbook, Actual MTSP, 2024"
"HUD-MTSP","OR-JACKSON","60","3","3","47460","2024-04-01","","","https://www.huduser.gov/portal/datasets/mtsp.html#data_2026","OHCS workbook, Actual MTSP, 2024"
"HUD-MTSP","OR-JACKSON","60","4","4","52680","2024-04-01","","","https://www.huduser.gov/portal/datasets/mtsp.html#data_2026","OHCS workbook, Actual MTSP, 2024"
"HUD-MTSP","OR-JACKSON","60","5","5","56940","2024-04-01","","","https://www.huduser.gov/portal/datasets/mtsp.html#data_2026","OHCS workbook, Actual MTSP, 2024"
"HUD-MTSP","OR-JACKSON","60","6","6","61140","2024-04-01","","","https://www.huduser.gov/portal/datasets/mtsp.html#data_2026","OHCS workbook, Actual MTSP, 2024"
"HUD-MTSP","OR-JACKSON","60","7","7","65340","2024-04-01","","","https://www.huduser.gov/portal/datasets/mtsp.html#data_2026","OHCS workbook, Actual MTSP, 2024"
"HUD-MTSP","OR-JACKSON","60","8","8","69540","2024-04-01","","","https://www.huduser.gov/portal/datasets/mtsp.html#data_2026","OHCS workbook, Actual MTSP, 2024"
"HUD-MTSP","OR-JACKSON","70","1","1","43050","2024-04-01","","","https://www.huduser.gov/portal/datasets/mtsp.html#data_2026","OHCS workbook, Actual MTSP, 2024"
"HUD-MTSP","OR-JACKSON","70","2","2","49210","2024-04-01","","","https://www.huduser.gov/portal/datasets/mtsp.html#data_2026","OHCS workbook, Actual MTSP, 2024"
"HUD-MTSP","OR-JACKSON","70","3","3","55370","2024-04-01","","","https://www.huduser.gov/portal/datasets/mtsp.html#data_2026","OHCS workbook, Actual MTSP, 2024"
"HUD-MTSP","OR-JACKSON","70","4","4","61460","2024-04-01","","","https://www.huduser.gov/portal/datasets/mtsp.html#data_2026","OHCS workbook, Actual MTSP, 2024"
"HUD-MTSP","OR-JACKSON","70","5","5","66430","2024-04-01","","","https://www.huduser.gov/portal/datasets/mtsp.html#data_2026","OHCS workbook, Actual MTSP, 2024"
"HUD-MTSP","OR-JACKSON","70","6","6","71330","2024-04-01","","","https://www.huduser.gov/portal/datasets/mtsp.html#data_2026","OHCS workbook, Actual MTSP, 2024"
"HUD-MTSP","OR-JACKSON","70","7","7","76230","2024-04-01","","","https://www.huduser.gov/portal/datasets/mtsp.html#data_2026","OHCS workbook, Actual MTSP, 2024"
"HUD-MTSP","OR-JACKSON","70","8","8","81130","2024-04-01","","","https://www.huduser.gov/portal/datasets/mtsp.html#data_2026","OHCS workbook, Actual MTSP, 2024"
"HUD-MTSP","OR-JACKSON","80","1","1","49200","2024-04-01","","","https://www.huduser.gov/portal/datasets/mtsp.html#data_2026","OHCS workbook, Actual MTSP, 2024"
"HUD-MTSP","OR-JACKSON","80","2","2","56240","2024-04-01","","","https://www.huduser.gov/portal/datasets/mtsp.html#data_2026","OHCS workbook, Actual MTSP, 2024"
"HUD-MTSP","OR-JACKSON","80","3","3","63280","2024-04-01","","","https://www.huduser.gov/portal/datasets/mtsp.html#data_2026","OHCS workbook, Actual MTSP, 2024"
"HUD-MTSP","OR-JACKSON","80","4","4","70240","2024-04-01","","","https://www.huduser.gov/portal/datasets/mtsp.html#data_2026","OHCS workbook, Actual MTSP, 2024"
"HUD-MTSP","OR-JACKSON","80","5","5","75920","2024-04-01","","","https://www.huduser.gov/portal/datasets/mtsp.html#data_2026","OHCS workbook, Actual MTSP, 2024"
"HUD-MTSP","OR-JACKSON","80","6","6","81520","2024-04-01","","","https://www.huduser.gov/portal/datasets/mtsp.html#data_2026","OHCS workbook, Actual MTSP, 2024"
"HUD-MTSP","OR-JACKSON","80","7","7","87120","2024-04-01","","","https://www.huduser.gov/portal/datasets/mtsp.html#data_2026","OHCS workbook, Actual MTSP, 2024"
"HUD-MTSP","OR-JACKSON","80","8","8","92720","2024-04-01","","","https://www.huduser.gov/portal/datasets/mtsp.html#data_2026","OHCS workbook, Actual MTSP, 2024"
"HUD-MTSP","OR-JOSEPHINE","20","1","1","11340","2024-04-01","","","https://www.huduser.gov/portal/datasets/mtsp.html#data_2026","OHCS workbook, Actual MTSP, 2024"
"HUD-MTSP","OR-JOSEPHINE","20","2","2","12960","2024-04-01","","","https://www.huduser.gov/portal/datasets/mtsp.html#data_2026","OHCS workbook, Actual MTSP, 2024"
"HUD-MTSP","OR-JOSEPHINE","20","3","3","14580","2024-04-01","","","https://www.huduser.gov/portal/datasets/mtsp.html#data_2026","OHCS workbook, Actual MTSP, 2024"
"HUD-MTSP","OR-JOSEPHINE","20","4","4","16180","2024-04-01","","","https://www.huduser.gov/portal/datasets/mtsp.html#data_2026","OHCS workbook, Actual MTSP, 2024"
"HUD-MTSP","OR-JOSEPHINE","20","5","5","17480","2024-04-01","","","https://www.huduser.gov/portal/datasets/mtsp.html#data_2026","OHCS workbook, Actual MTSP, 2024"
"HUD-MTSP","OR-JOSEPHINE","20","6","6","18780","2024-04-01","","","https://www.huduser.gov/portal/datasets/mtsp.html#data_2026","OHCS workbook, Actual MTSP, 2024"
"HUD-MTSP","OR-JOSEPHINE","20","7","7","20080","2024-04-01","","","https://www.huduser.gov/portal/datasets/mtsp.html#data_2026","OHCS workbook, Actual MTSP, 2024"
"HUD-MTSP","OR-JOSEPHINE","20","8","8","21360","2024-04-01","","","https://www.huduser.gov/portal/datasets/mtsp.html#data_2026","OHCS workbook, Actual MTSP, 2024"
"HUD-MTSP","OR-JOSEPHINE","30","1","1","17010","2024-04-01","","","https://www.huduser.gov/portal/datasets/mtsp.html#data_2026","OHCS workbook, Actual MTSP, 2024"
"HUD-MTSP","OR-JOSEPHINE","30","2","2","19440","2024-04-01","","","https://www.huduser.gov/portal/datasets/mtsp.html#data_2026","OHCS workbook, Actual MTSP, 2024"
"HUD-MTSP","OR-JOSEPHINE","30","3","3","21870","2024-04-01","","","https://www.huduser.gov/portal/datasets/mtsp.html#data_2026","OHCS workbook, Actual MTSP, 2024"
"HUD-MTSP","OR-JOSEPHINE","30","4","4","24270","2024-04-01","","","https://www.huduser.gov/portal/datasets/mtsp.html#data_2026","OHCS workbook, Actual MTSP, 2024"
"HUD-MTSP","OR-JOSEPHINE","30","5","5","26220","2024-04-01","","","https://www.huduser.gov/portal/datasets/mtsp.html#data_2026","OHCS workbook, Actual MTSP, 2024"
"HUD-MTSP","OR-JOSEPHINE","30","6","6","28170","2024-04-01","","","https://www.huduser.gov/portal/datasets/mtsp.html#data_2026","OHCS workbook, Actual MTSP, 2024"
"HUD-MTSP","OR-JOSEPHINE","30","7","7","30120","2024-04-01","","","https://www.huduser.gov/portal/datasets/mtsp.html#data_2026","OHCS workbook, Actual MTSP, 2024"
"HUD-MTSP","OR-JOSEPHINE","30","8","8","32040","2024-04-01","","","https://www.huduser.gov/portal/datasets/mtsp.html#data_2026","OHCS workbook, Actual MTSP, 2024"
"HUD-MTSP","OR-JOSEPHINE","35","1","1","19845","2024-04-01","","","https://www.huduser.gov/portal/datasets/mtsp.html#data_2026","OHCS workbook, Actual MTSP, 2024"
"HUD-MTSP","OR-JOSEPHINE","35","2","2","22680","2024-04-01","","","https://www.huduser.gov/portal/datasets/mtsp.html#data_2026","OHCS workbook, Actual MTSP, 2024"
"HUD-MTSP","OR-JOSEPHINE","35","3","3","25515","2024-04-01","","","https://www.huduser.gov/portal/datasets/mtsp.html#data_2026","OHCS workbook, Actual MTSP, 2024"
"HUD-MTSP","OR-JOSEPHINE","35","4","4","28315","2024-04-01","","","https://www.huduser.gov/portal/datasets/mtsp.html#data_2026","OHCS workbook, Actual MTSP, 2024"
"HUD-MTSP","OR-JOSEPHINE","35","5","5","30590","2024-04-01","","","https://www.huduser.gov/portal/datasets/mtsp.html#data_2026","OHCS workbook, Actual MTSP, 2024"
"HUD-MTSP","OR-JOSEPHINE","35","6","6","32865","2024-04-01","","","https://www.huduser.gov/portal/datasets/mtsp.html#data_2026","OHCS workbook, Actual MTSP, 2024"
"HUD-MTSP","OR-JOSEPHINE","35","7","7","35140","2024-04-01","","","https://www.huduser.gov/portal/datasets/mtsp.html#data_2026","OHCS workbook, Actual MTSP, 2024"
"HUD-MTSP","OR-JOSEPHINE","35","8","8","37380","2024-04-01","","","https://www.huduser.gov/portal/datasets/mtsp.html#data_2026","OHCS workbook, Actual MTSP, 2024"
"HUD-MTSP","OR-JOSEPHINE","40","1","1","22680","2024-04-01","","","https://www.huduser.gov/portal/datasets/mtsp.html#data_2026","OHCS workbook, Actual MTSP, 2024"
"HUD-MTSP","OR-JOSEPHINE","40","2","2","25920","2024-04-01","","","https://www.huduser.gov/portal/datasets/mtsp.html#data_2026","OHCS workbook, Actual MTSP, 2024"
"HUD-MTSP","OR-JOSEPHINE","40","3","3","29160","2024-04-01","","","https://www.huduser.gov/portal/datasets/mtsp.html#data_2026","OHCS workbook, Actual MTSP, 2024"
"HUD-MTSP","OR-JOSEPHINE","40","4","4","32360","2024-04-01","","","https://www.huduser.gov/portal/datasets/mtsp.html#data_2026","OHCS workbook, Actual MTSP, 2024"
"HUD-MTSP","OR-JOSEPHINE","40","5","5","34960","2024-04-01","","","https://www.huduser.gov/portal/datasets/mtsp.html#data_2026","OHCS workbook, Actual MTSP, 2024"
"HUD-MTSP","OR-JOSEPHINE","40","6","6","37560","2024-04-01","","","https://www.huduser.gov/portal/datasets/mtsp.html#data_2026","OHCS workbook, Actual MTSP, 2024"
"HUD-MTSP","OR-JOSEPHINE","40","7","7","40160","2024-04-01","","","https://www.huduser.gov/portal/datasets/mtsp.html#data_2026","OHCS workbook, Actual MTSP, 2024"
"HUD-MTSP","OR-JOSEPHINE","40","8","8","42720","2024-04-01","","","https://www.huduser.gov/portal/datasets/mtsp.html#data_2026","OHCS workbook, Actual MTSP, 2024"
"HUD-MTSP","OR-JOSEPHINE","45","1","1","25515","2024-04-01","","","https://www.huduser.gov/portal/datasets/mtsp.html#data_2026","OHCS workbook, Actual MTSP, 2024"
"HUD-MTSP","OR-JOSEPHINE","45","2","2","29160","2024-04-01","","","https://www.huduser.gov/portal/datasets/mtsp.html#data_2026","OHCS workbook, Actual MTSP, 2024"
"HUD-MTSP","OR-JOSEPHINE","45","3","3","32805","2024-04-01","","","https://www.huduser.gov/portal/datasets/mtsp.html#data_2026","OHCS workbook, Actual MTSP, 2024"
"HUD-MTSP","OR-JOSEPHINE","45","4","4","36405","2024-04-01","","","https://www.huduser.gov/portal/datasets/mtsp.html#data_2026","OHCS workbook, Actual MTSP, 2024"
"HUD-MTSP","OR-JOSEPHINE","45","5","5","39330","2024-04-01","","","https://www.huduser.gov/portal/datasets/mtsp.html#data_2026","OHCS workbook, Actual MTSP, 2024"
"HUD-MTSP","OR-JOSEPHINE","45","6","6","42255","2024-04-01","","","https://www.huduser.gov/portal/datasets/mtsp.html#data_2026","OHCS workbook, Actual MTSP, 2024"
"HUD-MTSP","OR-JOSEPHINE","45","7","7","45180","2024-04-01","","","https://www.huduser.gov/portal/datasets/mtsp.html#data_2026","OHCS workbook, Actual MTSP, 2024"
"HUD-MTSP","OR-JOSEPHINE","45","8","8","48060","2024-04-01","","","https://www.huduser.gov/portal/datasets/mtsp.html#data_2026","OHCS workbook, Actual MTSP, 2024"
"HUD-MTSP","OR-JOSEPHINE","50","1","1","28350","2024-04-01","","","https://www.huduser.gov/portal/datasets/mtsp.html#data_2026","OHCS workbook, Actual MTSP, 2024"
"HUD-MTSP","OR-JOSEPHINE","50","2","2","32400","2024-04-01","","","https://www.huduser.gov/portal/datasets/mtsp.html#data_2026","OHCS workbook, Actual MTSP, 2024"
"HUD-MTSP","OR-JOSEPHINE","50","3","3","36450","2024-04-01","","","https://www.huduser.gov/portal/datasets/mtsp.html#data_2026","OHCS workbook, Actual MTSP, 2024"
"HUD-MTSP","OR-JOSEPHINE","50","4","4","40450","2024-04-01","","","https://www.huduser.gov/portal/datasets/mtsp.html#data_2026","OHCS workbook, Actual MTSP, 2024"
"HUD-MTSP","OR-JOSEPHINE","50","5","5","43700","2024-04-01","","","https://www.huduser.gov/portal/datasets/mtsp.html#data_2026","OHCS workbook, Actual MTSP, 2024"
"HUD-MTSP","OR-JOSEPHINE","50","6","6","46950","2024-04-01","","","https://www.huduser.gov/portal/datasets/mtsp.html#data_2026","OHCS workbook, Actual MTSP, 2024"
"HUD-MTSP","OR-JOSEPHINE","50","7","7","50200","2024-04-01","","","https://www.huduser.gov/portal/datasets/mtsp.html#data_2026","OHCS workbook, Actual MTSP, 2024"
"HUD-MTSP","OR-JOSEPHINE","50","8","8","53400","2024-04-01","","","https://www.huduser.gov/portal/datasets/mtsp.html#data_2026","OHCS workbook, Actual MTSP, 2024"
"HUD-MTSP","OR-JOSEPHINE","55","1","1","31185","2024-04-01","","","https://www.huduser.gov/portal/datasets/mtsp.html#data_2026","OHCS workbook, Actual MTSP, 2024"
"HUD-MTSP","OR-JOSEPHINE","55","2","2","35640","2024-04-01","","","https://www.huduser.gov/portal/datasets/mtsp.html#data_2026","OHCS workbook, Actual MTSP, 2024"
"HUD-MTSP","OR-JOSEPHINE","55","3","3","40095","2024-04-01","","","https://www.huduser.gov/portal/datasets/mtsp.html#data_2026","OHCS workbook, Actual MTSP, 2024"
"HUD-MTSP","OR-JOSEPHINE","55","4","4","44495","2024-04-01","","","https://www.huduser.gov/portal/datasets/mtsp.html#data_2026","OHCS workbook, Actual MTSP, 2024"
"HUD-MTSP","OR-JOSEPHINE","55","5","5","48070","2024-04-01","","","https://www.huduser.gov/portal/datasets/mtsp.html#data_2026","OHCS workbook, Actual MTSP, 2024"
"HUD-MTSP","OR-JOSEPHINE","55","6","6","51645","2024-04-01","","","https://www.huduser.gov/portal/datasets/mtsp.html#data_2026","OHCS workbook, Actual MTSP, 2024"
"HUD-MTSP","OR-JOSEPHINE","55","7","7","55220","2024-04-01","","","https://www.huduser.gov/portal/datasets/mtsp.html#data_2026","OHCS workbook, Actual MTSP, 2024"
"HUD-MTSP","OR-JOSEPHINE","55","8","8","58740","2024-04-01","","","https://www.huduser.gov/portal/datasets/mtsp.html#data_2026","OHCS workbook, Actual MTSP, 2024"
"HUD-MTSP","OR-JOSEPHINE","60","1","1","34020","2024-04-01","","","https://www.huduser.gov/portal/datasets/mtsp.html#data_2026","OHCS workbook, Actual MTSP, 2024"
"HUD-MTSP","OR-JOSEPHINE","60","2","2","38880","2024-04-01","","","https://www.huduser.gov/portal/datasets/mtsp.html#data_2026","OHCS workbook, Actual MTSP, 2024"
"HUD-MTSP","OR-JOSEPHINE","60","3","3","43740","2024-04-01","","","https://www.huduser.gov/portal/datasets/mtsp.html#data_2026","OHCS workbook, Actual MTSP, 2024"
"HUD-MTSP","OR-JOSEPHINE","60","4","4","48540","2024-04-01","","","https://www.huduser.gov/portal/datasets/mtsp.html#data_2026","OHCS workbook, Actual MTSP, 2024"
"HUD-MTSP","OR-JOSEPHINE","60","5","5","52440","2024-04-01","","","https://www.huduser.gov/portal/datasets/mtsp.html#data_2026","OHCS workbook, Actual MTSP, 2024"
"HUD-MTSP","OR-JOSEPHINE","60","6","6","56340","2024-04-01","","","https://www.huduser.gov/portal/datasets/mtsp.html#data_2026","OHCS workbook, Actual MTSP, 2024"
"HUD-MTSP","OR-JOSEPHINE","60","7","7","60240","2024-04-01","","","https://www.huduser.gov/portal/datasets/mtsp.html#data_2026","OHCS workbook, Actual MTSP, 2024"
"HUD-MTSP","OR-JOSEPHINE","60","8","8","64080","2024-04-01","","","https://www.huduser.gov/portal/datasets/mtsp.html#data_2026","OHCS workbook, Actual MTSP, 2024"
"HUD-MTSP","OR-JOSEPHINE","70","1","1","39690","2024-04-01","","","https://www.huduser.gov/portal/datasets/mtsp.html#data_2026","OHCS workbook, Actual MTSP, 2024"
"HUD-MTSP","OR-JOSEPHINE","70","2","2","45360","2024-04-01","","","https://www.huduser.gov/portal/datasets/mtsp.html#data_2026","OHCS workbook, Actual MTSP, 2024"
"HUD-MTSP","OR-JOSEPHINE","70","3","3","51030","2024-04-01","","","https://www.huduser.gov/portal/datasets/mtsp.html#data_2026","OHCS workbook, Actual MTSP, 2024"
"HUD-MTSP","OR-JOSEPHINE","70","4","4","56630","2024-04-01","","","https://www.huduser.gov/portal/datasets/mtsp.html#data_2026","OHCS workbook, Actual MTSP, 2024"
"HUD-MTSP","OR-JOSEPHINE","70","5","5","61180","2024-04-01","","","https://www.huduser.gov/portal/datasets/mtsp.html#data_2026","OHCS workbook, Actual MTSP, 2024"
"HUD-MTSP","OR-JOSEPHINE","70","6","6","65730","2024-04-01","","","https://www.huduser.gov/portal/datasets/mtsp.html#data_2026","OHCS workbook, Actual MTSP, 2024"
"HUD-MTSP","OR-JOSEPHINE","70","7","7","70280","2024-04-01","","","https://www.huduser.gov/portal/datasets/mtsp.html#data_2026","OHCS workbook, Actual MTSP, 2024"
"HUD-MTSP","OR-JOSEPHINE","70","8","8","74760","2024-04-01","","","https://www.huduser.gov/portal/datasets/mtsp.html#data_2026","OHCS workbook, Actual MTSP, 2024"
"HUD-MTSP","OR-JOSEPHINE","80","1","1","45360","2024-04-01","","","https://www.huduser.gov/portal/datasets/mtsp.html#data_2026","OHCS workbook, Actual MTSP, 2024"
"HUD-MTSP","OR-JOSEPHINE","80","2","2","51840","2024-04-01","","","https://www.huduser.gov/portal/datasets/mtsp.html#data_2026","OHCS workbook, Actual MTSP, 2024"
"HUD-MTSP","OR-JOSEPHINE","80","3","3","58320","2024-04-01","","","https://www.huduser.gov/portal/datasets/mtsp.html#data_2026","OHCS workbook, Actual MTSP, 2024"
"HUD-MTSP","OR-JOSEPHINE","80","4","4","64720","2024-04-01","","","https://www.huduser.gov/portal/datasets/mtsp.html#data_2026","OHCS workbook, Actual MTSP, 2024"
"HUD-MTSP","OR-JOSEPHINE","80","5","5","69920","2024-04-01","","","https://www.huduser.gov/portal/datasets/mtsp.html#data_2026","OHCS workbook, Actual MTSP, 2024"
"HUD-MTSP","OR-JOSEPHINE","80","6","6","75120","2024-04-01","","","https://www.huduser.gov/portal/datasets/mtsp.html#data_2026","OHCS workbook, Actual MTSP, 2024"
"HUD-MTSP","OR-JOSEPHINE","80","7","7","80320","2024-04-01","","","https://www.huduser.gov/portal/datasets/mtsp.html#data_2026","OHCS workbook, Actual MTSP, 2024"
"HUD-MTSP","OR-JOSEPHINE","80","8","8","85440","2024-04-01","","","https://www.huduser.gov/portal/datasets/mtsp.html#data_2026","OHCS workbook, Actual MTSP, 2024"
"HUD-HTF","OR-JACKSON","30","1","1","18450","2024-06-01","","","https://www.huduser.gov/portal/datasets/HTF-Income-limits.html","OHCS workbook, HTF, 2024"
"HUD-HTF","OR-JACKSON","30","2","2","21100","2024-06-01","","","https://www.huduser.gov/portal/datasets/HTF-Income-limits.html","OHCS workbook, HTF, 2024"
"HUD-HTF","OR-JACKSON","30","3","3","25820","2024-06-01","","","https://www.huduser.gov/portal/datasets/HTF-Income-limits.html","OHCS workbook, HTF, 2024"
"HUD-HTF","OR-JACKSON","30","4","4","31200","2024-06-01","","","https://www.huduser.gov/portal/datasets/HTF-Income-limits.html","OHCS workbook, HTF, 2024"
"HUD-HTF","OR-JACKSON","30","5","5","36580","2024-06-01","","","https://www.huduser.gov/portal/datasets/HTF-Income-limits.html","OHCS workbook, HTF, 2024"
"HUD-HTF","OR-JACKSON","30","6","6","41960","2024-06-01","","","https://www.huduser.gov/portal/datasets/HTF-Income-limits.html","OHCS workbook, HTF, 2024"
"HUD-HTF","OR-JACKSON","30","7","7","47340","2024-06-01","","","https://www.huduser.gov/portal/datasets/HTF-Income-limits.html","OHCS workbook, HTF, 2024"
"HUD-HTF","OR-JACKSON","30","8","8","52720","2024-06-01","","","https://www.huduser.gov/portal/datasets/HTF-Income-limits.html","OHCS workbook, HTF, 2024"
"HUD-HTF","OR-JOSEPHINE","30","1","1","17000","2024-06-01","","","https://www.huduser.gov/portal/datasets/HTF-Income-limits.html","OHCS workbook, HTF, 2024"
"HUD-HTF","OR-JOSEPHINE","30","2","2","20440","2024-06-01","","","https://www.huduser.gov/portal/datasets/HTF-Income-limits.html","OHCS workbook, HTF, 2024"
"HUD-HTF","OR-JOSEPHINE","30","3","3","25820","2024-06-01","","","https://www.huduser.gov/portal/datasets/HTF-Income-limits.html","OHCS workbook, HTF, 2024"
"HUD-HTF","OR-JOSEPHINE","30","4","4","31200","2024-06-01","","","https://www.huduser.gov/portal/datasets/HTF-Income-limits.html","OHCS workbook, HTF, 2024"
"HUD-HTF","OR-JOSEPHINE","30","5","5","36580","2024-06-01","","","https://www.huduser.gov/portal/datasets/HTF-Income-limits.html","OHCS workbook, HTF, 2024"
"HUD-HTF","OR-JOSEPHINE","30","6","6","41960","2024-06-01","","","https://www.huduser.gov/portal/datasets/HTF-Income-limits.html","OHCS workbook, HTF, 2024"
"HUD-HTF","OR-JOSEPHINE","30","7","7","47340","2024-06-01","","","https://www.huduser.gov/portal/datasets/HTF-Income-limits.html","OHCS workbook, HTF, 2024"
"HUD-HTF","OR-JOSEPHINE","30","8","8","52720","2024-06-01","","","https://www.huduser.gov/portal/datasets/HTF-Income-limits.html","OHCS workbook, HTF, 2024"
"HUD-HTF","OR-JACKSON","30","1","1","19400","2025-06-01","","","https://www.huduser.gov/portal/datasets/HTF-Income-limits.html","OHCS workbook, HTF, 2025"
"HUD-HTF","OR-JACKSON","30","2","2","22200","2025-06-01","","","https://www.huduser.gov/portal/datasets/HTF-Income-limits.html","OHCS workbook, HTF, 2025"
"HUD-HTF","OR-JACKSON","30","3","3","26650","2025-06-01","","","https://www.huduser.gov/portal/datasets/HTF-Income-limits.html","OHCS workbook, HTF, 2025"
"HUD-HTF","OR-JACKSON","30","4","4","32150","2025-06-01","","","https://www.huduser.gov/portal/datasets/HTF-Income-limits.html","OHCS workbook, HTF, 2025"
"HUD-HTF","OR-JACKSON","30","5","5","37650","2025-06-01","","","https://www.huduser.gov/portal/datasets/HTF-Income-limits.html","OHCS workbook, HTF, 2025"
"HUD-HTF","OR-JACKSON","30","6","6","43150","2025-06-01","","","https://www.huduser.gov/portal/datasets/HTF-Income-limits.html","OHCS workbook, HTF, 2025"
"HUD-HTF","OR-JACKSON","30","7","7","48650","2025-06-01","","","https://www.huduser.gov/portal/datasets/HTF-Income-limits.html","OHCS workbook, HTF, 2025"
"HUD-HTF","OR-JACKSON","30","8","8","54150","2025-06-01","","","https://www.huduser.gov/portal/datasets/HTF-Income-limits.html","OHCS workbook, HTF, 2025"
"HUD-HTF","OR-JOSEPHINE","30","1","1","17850","2025-06-01","","","https://www.huduser.gov/portal/datasets/HTF-Income-limits.html","OHCS workbook, HTF, 2025"
"HUD-HTF","OR-JOSEPHINE","30","2","2","21150","2025-06-01","","","https://www.huduser.gov/portal/datasets/HTF-Income-limits.html","OHCS workbook, HTF, 2025"
"HUD-HTF","OR-JOSEPHINE","30","3","3","26650","2025-06-01","","","https://www.huduser.gov/portal/datasets/HTF-Income-limits.html","OHCS workbook, HTF, 2025"
"HUD-HTF","OR-JOSEPHINE","30","4","4","32150","2025-06-01","","","https://www.huduser.gov/portal/datasets/HTF-Income-limits.html","OHCS workbook, HTF, 2025"
"HUD-HTF","OR-JOSEPHINE","30","5","5","37650","2025-06-01","","","https://www.huduser.gov/portal/datasets/HTF-Income-limits.html","OHCS workbook, HTF, 2025"
"HUD-HTF","OR-JOSEPHINE","30","6","6","43150","2025-06-01","","","https://www.huduser.gov/portal/datasets/HTF-Income-limits.html","OHCS workbook, HTF, 2025"
"HUD-HTF","OR-JOSEPHINE","30","7","7","48650","2025-06-01","","","https://www.huduser.gov/portal/datasets/HTF-Income-limits.html","OHCS workbook, HTF, 2025"
"HUD-HTF","OR-JOSEPHINE","30","8","8","54150","2025-06-01","","","https://www.huduser.gov/portal/datasets/HTF-Income-limits.html","OHCS workbook, HTF, 2025"
"HUD-HTF","OR-JACKSON","30","1","1","20650","2026-06-01","","","https://www.huduser.gov/portal/datasets/HTF-Income-limits.html","OHCS workbook, HTF, 2026"
"HUD-HTF","OR-JACKSON","30","2","2","23600","2026-06-01","","","https://www.huduser.gov/portal/datasets/HTF-Income-limits.html","OHCS workbook, HTF, 2026"
"HUD-HTF","OR-JACKSON","30","3","3","27320","2026-06-01","","","https://www.huduser.gov/portal/datasets/HTF-Income-limits.html","OHCS workbook, HTF, 2026"
"HUD-HTF","OR-JACKSON","30","4","4","33000","2026-06-01","","","https://www.huduser.gov/portal/datasets/HTF-Income-limits.html","OHCS workbook, HTF, 2026"
"HUD-HTF","OR-JACKSON","30","5","5","38680","2026-06-01","","","https://www.huduser.gov/portal/datasets/HTF-Income-limits.html","OHCS workbook, HTF, 2026"
"HUD-HTF","OR-JACKSON","30","6","6","44360","2026-06-01","","","https://www.huduser.gov/portal/datasets/HTF-Income-limits.html","OHCS workbook, HTF, 2026"
"HUD-HTF","OR-JACKSON","30","7","7","50040","2026-06-01","","","https://www.huduser.gov/portal/datasets/HTF-Income-limits.html","OHCS workbook, HTF, 2026"
"HUD-HTF","OR-JACKSON","30","8","8","55720","2026-06-01","","","https://www.huduser.gov/portal/datasets/HTF-Income-limits.html","OHCS workbook, HTF, 2026"
"HUD-HTF","OR-JOSEPHINE","30","1","1","17600","2026-06-01","","","https://www.huduser.gov/portal/datasets/HTF-Income-limits.html","OHCS workbook, HTF, 2026"
"HUD-HTF","OR-JOSEPHINE","30","2","2","21640","2026-06-01","","","https://www.huduser.gov/portal/datasets/HTF-Income-limits.html","OHCS workbook, HTF, 2026"
"HUD-HTF","OR-JOSEPHINE","30","3","3","27320","2026-06-01","","","https://www.huduser.gov/portal/datasets/HTF-Income-limits.html","OHCS workbook, HTF, 2026"
"HUD-HTF","OR-JOSEPHINE","30","4","4","33000","2026-06-01","","","https://www.huduser.gov/portal/datasets/HTF-Income-limits.html","OHCS workbook, HTF, 2026"
"HUD-HTF","OR-JOSEPHINE","30","5","5","38680","2026-06-01","","","https://www.huduser.gov/portal/datasets/HTF-Income-limits.html","OHCS workbook, HTF, 2026"
"HUD-HTF","OR-JOSEPHINE","30","6","6","44360","2026-06-01","","","https://www.huduser.gov/portal/datasets/HTF-Income-limits.html","OHCS workbook, HTF, 2026"
"HUD-HTF","OR-JOSEPHINE","30","7","7","50040","2026-06-01","","","https://www.huduser.gov/portal/datasets/HTF-Income-limits.html","OHCS workbook, HTF, 2026"
"HUD-HTF","OR-JOSEPHINE","30","8","8","55720","2026-06-01","","","https://www.huduser.gov/portal/datasets/HTF-Income-limits.html","OHCS workbook, HTF, 2026"
"HUD-HOME","OR-JACKSON","30","1","1","20650","2026-06-01","","","https://www.huduser.gov/portal/datasets/home-income-limits.html","OHCS workbook, HOME/CDBG income (30% Limits), 2026"
"HUD-HOME","OR-JACKSON","30","2","2","23600","2026-06-01","","","https://www.huduser.gov/portal/datasets/home-income-limits.html","OHCS workbook, HOME/CDBG income (30% Limits), 2026"
"HUD-HOME","OR-JACKSON","30","3","3","26550","2026-06-01","","","https://www.huduser.gov/portal/datasets/home-income-limits.html","OHCS workbook, HOME/CDBG income (30% Limits), 2026"
"HUD-HOME","OR-JACKSON","30","4","4","29450","2026-06-01","","","https://www.huduser.gov/portal/datasets/home-income-limits.html","OHCS workbook, HOME/CDBG income (30% Limits), 2026"
"HUD-HOME","OR-JACKSON","30","5","5","31850","2026-06-01","","","https://www.huduser.gov/portal/datasets/home-income-limits.html","OHCS workbook, HOME/CDBG income (30% Limits), 2026"
"HUD-HOME","OR-JACKSON","30","6","6","34200","2026-06-01","","","https://www.huduser.gov/portal/datasets/home-income-limits.html","OHCS workbook, HOME/CDBG income (30% Limits), 2026"
"HUD-HOME","OR-JACKSON","30","7","7","36550","2026-06-01","","","https://www.huduser.gov/portal/datasets/home-income-limits.html","OHCS workbook, HOME/CDBG income (30% Limits), 2026"
"HUD-HOME","OR-JACKSON","30","8","8","38900","2026-06-01","","","https://www.huduser.gov/portal/datasets/home-income-limits.html","OHCS workbook, HOME/CDBG income (30% Limits), 2026"
"HUD-HOME","OR-JACKSON","50","1","1","34350","2026-06-01","","","https://www.huduser.gov/portal/datasets/home-income-limits.html","OHCS workbook, HOME/CDBG income (50% Limits), 2026"
"HUD-HOME","OR-JACKSON","50","2","2","39250","2026-06-01","","","https://www.huduser.gov/portal/datasets/home-income-limits.html","OHCS workbook, HOME/CDBG income (50% Limits), 2026"
"HUD-HOME","OR-JACKSON","50","3","3","44150","2026-06-01","","","https://www.huduser.gov/portal/datasets/home-income-limits.html","OHCS workbook, HOME/CDBG income (50% Limits), 2026"
"HUD-HOME","OR-JACKSON","50","4","4","49050","2026-06-01","","","https://www.huduser.gov/portal/datasets/home-income-limits.html","OHCS workbook, HOME/CDBG income (50% Limits), 2026"
"HUD-HOME","OR-JACKSON","50","5","5","53000","2026-06-01","","","https://www.huduser.gov/portal/datasets/home-income-limits.html","OHCS workbook, HOME/CDBG income (50% Limits), 2026"
"HUD-HOME","OR-JACKSON","50","6","6","56900","2026-06-01","","","https://www.huduser.gov/portal/datasets/home-income-limits.html","OHCS workbook, HOME/CDBG income (50% Limits), 2026"
"HUD-HOME","OR-JACKSON","50","7","7","60850","2026-06-01","","","https://www.huduser.gov/portal/datasets/home-income-limits.html","OHCS workbook, HOME/CDBG income (50% Limits), 2026"
"HUD-HOME","OR-JACKSON","50","8","8","64750","2026-06-01","","","https://www.huduser.gov/portal/datasets/home-income-limits.html","OHCS workbook, HOME/CDBG income (50% Limits), 2026"
"HUD-HOME","OR-JACKSON","60","1","1","41220","2026-06-01","","","https://www.huduser.gov/portal/datasets/home-income-limits.html","OHCS workbook, HOME/CDBG income (60% Limits), 2026"
"HUD-HOME","OR-JACKSON","60","2","2","47100","2026-06-01","","","https://www.huduser.gov/portal/datasets/home-income-limits.html","OHCS workbook, HOME/CDBG income (60% Limits), 2026"
"HUD-HOME","OR-JACKSON","60","3","3","52980","2026-06-01","","","https://www.huduser.gov/portal/datasets/home-income-limits.html","OHCS workbook, HOME/CDBG income (60% Limits), 2026"
"HUD-HOME","OR-JACKSON","60","4","4","58860","2026-06-01","","","https://www.huduser.gov/portal/datasets/home-income-limits.html","OHCS workbook, HOME/CDBG income (60% Limits), 2026"
"HUD-HOME","OR-JACKSON","60","5","5","63600","2026-06-01","","","https://www.huduser.gov/portal/datasets/home-income-limits.html","OHCS workbook, HOME/CDBG income (60% Limits), 2026"
"HUD-HOME","OR-JACKSON","60","6","6","68280","2026-06-01","","","https://www.huduser.gov/portal/datasets/home-income-limits.html","OHCS workbook, HOME/CDBG income (60% Limits), 2026"
"HUD-HOME","OR-JACKSON","60","7","7","73020","2026-06-01","","","https://www.huduser.gov/portal/datasets/home-income-limits.html","OHCS workbook, HOME/CDBG income (60% Limits), 2026"
"HUD-HOME","OR-JACKSON","60","8","8","77700","2026-06-01","","","https://www.huduser.gov/portal/datasets/home-income-limits.html","OHCS workbook, HOME/CDBG income (60% Limits), 2026"
"HUD-HOME","OR-JACKSON","80","1","1","54950","2026-06-01","","","https://www.huduser.gov/portal/datasets/home-income-limits.html","OHCS workbook, HOME/CDBG income (80% Limits), 2026"
"HUD-HOME","OR-JACKSON","80","2","2","62800","2026-06-01","","","https://www.huduser.gov/portal/datasets/home-income-limits.html","OHCS workbook, HOME/CDBG income (80% Limits), 2026"
"HUD-HOME","OR-JACKSON","80","3","3","70650","2026-06-01","","","https://www.huduser.gov/portal/datasets/home-income-limits.html","OHCS workbook, HOME/CDBG income (80% Limits), 2026"
"HUD-HOME","OR-JACKSON","80","4","4","78500","2026-06-01","","","https://www.huduser.gov/portal/datasets/home-income-limits.html","OHCS workbook, HOME/CDBG income (80% Limits), 2026"
"HUD-HOME","OR-JACKSON","80","5","5","84800","2026-06-01","","","https://www.huduser.gov/portal/datasets/home-income-limits.html","OHCS workbook, HOME/CDBG income (80% Limits), 2026"
"HUD-HOME","OR-JACKSON","80","6","6","91100","2026-06-01","","","https://www.huduser.gov/portal/datasets/home-income-limits.html","OHCS workbook, HOME/CDBG income (80% Limits), 2026"
"HUD-HOME","OR-JACKSON","80","7","7","97350","2026-06-01","","","https://www.huduser.gov/portal/datasets/home-income-limits.html","OHCS workbook, HOME/CDBG income (80% Limits), 2026"
"HUD-HOME","OR-JACKSON","80","8","8","103650","2026-06-01","","","https://www.huduser.gov/portal/datasets/home-income-limits.html","OHCS workbook, HOME/CDBG income (80% Limits), 2026"
"HUD-HOME","OR-JOSEPHINE","30","1","1","17600","2026-06-01","","","https://www.huduser.gov/portal/datasets/home-income-limits.html","OHCS workbook, HOME/CDBG income (30% Limits), 2026"
"HUD-HOME","OR-JOSEPHINE","30","2","2","20100","2026-06-01","","","https://www.huduser.gov/portal/datasets/home-income-limits.html","OHCS workbook, HOME/CDBG income (30% Limits), 2026"
"HUD-HOME","OR-JOSEPHINE","30","3","3","22600","2026-06-01","","","https://www.huduser.gov/portal/datasets/home-income-limits.html","OHCS workbook, HOME/CDBG income (30% Limits), 2026"
"HUD-HOME","OR-JOSEPHINE","30","4","4","25100","2026-06-01","","","https://www.huduser.gov/portal/datasets/home-income-limits.html","OHCS workbook, HOME/CDBG income (30% Limits), 2026"
"HUD-HOME","OR-JOSEPHINE","30","5","5","27150","2026-06-01","","","https://www.huduser.gov/portal/datasets/home-income-limits.html","OHCS workbook, HOME/CDBG income (30% Limits), 2026"
"HUD-HOME","OR-JOSEPHINE","30","6","6","29150","2026-06-01","","","https://www.huduser.gov/portal/datasets/home-income-limits.html","OHCS workbook, HOME/CDBG income (30% Limits), 2026"
"HUD-HOME","OR-JOSEPHINE","30","7","7","31150","2026-06-01","","","https://www.huduser.gov/portal/datasets/home-income-limits.html","OHCS workbook, HOME/CDBG income (30% Limits), 2026"
"HUD-HOME","OR-JOSEPHINE","30","8","8","33150","2026-06-01","","","https://www.huduser.gov/portal/datasets/home-income-limits.html","OHCS workbook, HOME/CDBG income (30% Limits), 2026"
"HUD-HOME","OR-JOSEPHINE","50","1","1","29300","2026-06-01","","","https://www.huduser.gov/portal/datasets/home-income-limits.html","OHCS workbook, HOME/CDBG income (50% Limits), 2026"
"HUD-HOME","OR-JOSEPHINE","50","2","2","33450","2026-06-01","","","https://www.huduser.gov/portal/datasets/home-income-limits.html","OHCS workbook, HOME/CDBG income (50% Limits), 2026"
"HUD-HOME","OR-JOSEPHINE","50","3","3","37650","2026-06-01","","","https://www.huduser.gov/portal/datasets/home-income-limits.html","OHCS workbook, HOME/CDBG income (50% Limits), 2026"
"HUD-HOME","OR-JOSEPHINE","50","4","4","41800","2026-06-01","","","https://www.huduser.gov/portal/datasets/home-income-limits.html","OHCS workbook, HOME/CDBG income (50% Limits), 2026"
"HUD-HOME","OR-JOSEPHINE","50","5","5","45150","2026-06-01","","","https://www.huduser.gov/portal/datasets/home-income-limits.html","OHCS workbook, HOME/CDBG income (50% Limits), 2026"
"HUD-HOME","OR-JOSEPHINE","50","6","6","48500","2026-06-01","","","https://www.huduser.gov/portal/datasets/home-income-limits.html","OHCS workbook, HOME/CDBG income (50% Limits), 2026"
"HUD-HOME","OR-JOSEPHINE","50","7","7","51850","2026-06-01","","","https://www.huduser.gov/portal/datasets/home-income-limits.html","OHCS workbook, HOME/CDBG income (50% Limits), 2026"
"HUD-HOME","OR-JOSEPHINE","50","8","8","55200","2026-06-01","","","https://www.huduser.gov/portal/datasets/home-income-limits.html","OHCS workbook, HOME/CDBG income (50% Limits), 2026"
"HUD-HOME","OR-JOSEPHINE","60","1","1","35160","2026-06-01","","","https://www.huduser.gov/portal/datasets/home-income-limits.html","OHCS workbook, HOME/CDBG income (60% Limits), 2026"
"HUD-HOME","OR-JOSEPHINE","60","2","2","40140","2026-06-01","","","https://www.huduser.gov/portal/datasets/home-income-limits.html","OHCS workbook, HOME/CDBG income (60% Limits), 2026"
"HUD-HOME","OR-JOSEPHINE","60","3","3","45180","2026-06-01","","","https://www.huduser.gov/portal/datasets/home-income-limits.html","OHCS workbook, HOME/CDBG income (60% Limits), 2026"
"HUD-HOME","OR-JOSEPHINE","60","4","4","50160","2026-06-01","","","https://www.huduser.gov/portal/datasets/home-income-limits.html","OHCS workbook, HOME/CDBG income (60% Limits), 2026"
"HUD-HOME","OR-JOSEPHINE","60","5","5","54180","2026-06-01","","","https://www.huduser.gov/portal/datasets/home-income-limits.html","OHCS workbook, HOME/CDBG income (60% Limits), 2026"
"HUD-HOME","OR-JOSEPHINE","60","6","6","58200","2026-06-01","","","https://www.huduser.gov/portal/datasets/home-income-limits.html","OHCS workbook, HOME/CDBG income (60% Limits), 2026"
"HUD-HOME","OR-JOSEPHINE","60","7","7","62220","2026-06-01","","","https://www.huduser.gov/portal/datasets/home-income-limits.html","OHCS workbook, HOME/CDBG income (60% Limits), 2026"
"HUD-HOME","OR-JOSEPHINE","60","8","8","66240","2026-06-01","","","https://www.huduser.gov/portal/datasets/home-income-limits.html","OHCS workbook, HOME/CDBG income (60% Limits), 2026"
"HUD-HOME","OR-JOSEPHINE","80","1","1","46850","2026-06-01","","","https://www.huduser.gov/portal/datasets/home-income-limits.html","OHCS workbook, HOME/CDBG income (80% Limits), 2026"
"HUD-HOME","OR-JOSEPHINE","80","2","2","53550","2026-06-01","","","https://www.huduser.gov/portal/datasets/home-income-limits.html","OHCS workbook, HOME/CDBG income (80% Limits), 2026"
"HUD-HOME","OR-JOSEPHINE","80","3","3","60250","2026-06-01","","","https://www.huduser.gov/portal/datasets/home-income-limits.html","OHCS workbook, HOME/CDBG income (80% Limits), 2026"
"HUD-HOME","OR-JOSEPHINE","80","4","4","66900","2026-06-01","","","https://www.huduser.gov/portal/datasets/home-income-limits.html","OHCS workbook, HOME/CDBG income (80% Limits), 2026"
"HUD-HOME","OR-JOSEPHINE","80","5","5","72300","2026-06-01","","","https://www.huduser.gov/portal/datasets/home-income-limits.html","OHCS workbook, HOME/CDBG income (80% Limits), 2026"
"HUD-HOME","OR-JOSEPHINE","80","6","6","77650","2026-06-01","","","https://www.huduser.gov/portal/datasets/home-income-limits.html","OHCS workbook, HOME/CDBG income (80% Limits), 2026"
"HUD-HOME","OR-JOSEPHINE","80","7","7","83000","2026-06-01","","","https://www.huduser.gov/portal/datasets/home-income-limits.html","OHCS workbook, HOME/CDBG income (80% Limits), 2026"
"HUD-HOME","OR-JOSEPHINE","80","8","8","88350","2026-06-01","","","https://www.huduser.gov/portal/datasets/home-income-limits.html","OHCS workbook, HOME/CDBG income (80% Limits), 2026"
"HUD-HOME","OR-JACKSON","30","1","1","19400","2025-06-01","","","https://www.huduser.gov/portal/datasets/home-income-limits.html","OHCS workbook, HOME/CDBG income (30% Limits), 2025"
"HUD-HOME","OR-JACKSON","30","2","2","22200","2025-06-01","","","https://www.huduser.gov/portal/datasets/home-income-limits.html","OHCS workbook, HOME/CDBG income (30% Limits), 2025"
"HUD-HOME","OR-JACKSON","30","3","3","24950","2025-06-01","","","https://www.huduser.gov/portal/datasets/home-income-limits.html","OHCS workbook, HOME/CDBG income (30% Limits), 2025"
"HUD-HOME","OR-JACKSON","30","4","4","27700","2025-06-01","","","https://www.huduser.gov/portal/datasets/home-income-limits.html","OHCS workbook, HOME/CDBG income (30% Limits), 2025"
"HUD-HOME","OR-JACKSON","30","5","5","29950","2025-06-01","","","https://www.huduser.gov/portal/datasets/home-income-limits.html","OHCS workbook, HOME/CDBG income (30% Limits), 2025"
"HUD-HOME","OR-JACKSON","30","6","6","32150","2025-06-01","","","https://www.huduser.gov/portal/datasets/home-income-limits.html","OHCS workbook, HOME/CDBG income (30% Limits), 2025"
"HUD-HOME","OR-JACKSON","30","7","7","34350","2025-06-01","","","https://www.huduser.gov/portal/datasets/home-income-limits.html","OHCS workbook, HOME/CDBG income (30% Limits), 2025"
"HUD-HOME","OR-JACKSON","30","8","8","36600","2025-06-01","","","https://www.huduser.gov/portal/datasets/home-income-limits.html","OHCS workbook, HOME/CDBG income (30% Limits), 2025"
"HUD-HOME","OR-JACKSON","50","1","1","32350","2025-06-01","","","https://www.huduser.gov/portal/datasets/home-income-limits.html","OHCS workbook, HOME/CDBG income (50% Limits), 2025"
"HUD-HOME","OR-JACKSON","50","2","2","37000","2025-06-01","","","https://www.huduser.gov/portal/datasets/home-income-limits.html","OHCS workbook, HOME/CDBG income (50% Limits), 2025"
"HUD-HOME","OR-JACKSON","50","3","3","41600","2025-06-01","","","https://www.huduser.gov/portal/datasets/home-income-limits.html","OHCS workbook, HOME/CDBG income (50% Limits), 2025"
"HUD-HOME","OR-JACKSON","50","4","4","46200","2025-06-01","","","https://www.huduser.gov/portal/datasets/home-income-limits.html","OHCS workbook, HOME/CDBG income (50% Limits), 2025"
"HUD-HOME","OR-JACKSON","50","5","5","49900","2025-06-01","","","https://www.huduser.gov/portal/datasets/home-income-limits.html","OHCS workbook, HOME/CDBG income (50% Limits), 2025"
"HUD-HOME","OR-JACKSON","50","6","6","53600","2025-06-01","","","https://www.huduser.gov/portal/datasets/home-income-limits.html","OHCS workbook, HOME/CDBG income (50% Limits), 2025"
"HUD-HOME","OR-JACKSON","50","7","7","57300","2025-06-01","","","https://www.huduser.gov/portal/datasets/home-income-limits.html","OHCS workbook, HOME/CDBG income (50% Limits), 2025"
"HUD-HOME","OR-JACKSON","50","8","8","61000","2025-06-01","","","https://www.huduser.gov/portal/datasets/home-income-limits.html","OHCS workbook, HOME/CDBG income (50% Limits), 2025"
"HUD-HOME","OR-JACKSON","60","1","1","38820","2025-06-01","","","https://www.huduser.gov/portal/datasets/home-income-limits.html","OHCS workbook, HOME/CDBG income (60% Limits), 2025"
"HUD-HOME","OR-JACKSON","60","2","2","44400","2025-06-01","","","https://www.huduser.gov/portal/datasets/home-income-limits.html","OHCS workbook, HOME/CDBG income (60% Limits), 2025"
"HUD-HOME","OR-JACKSON","60","3","3","49920","2025-06-01","","","https://www.huduser.gov/portal/datasets/home-income-limits.html","OHCS workbook, HOME/CDBG income (60% Limits), 2025"
"HUD-HOME","OR-JACKSON","60","4","4","55440","2025-06-01","","","https://www.huduser.gov/portal/datasets/home-income-limits.html","OHCS workbook, HOME/CDBG income (60% Limits), 2025"
"HUD-HOME","OR-JACKSON","60","5","5","59880","2025-06-01","","","https://www.huduser.gov/portal/datasets/home-income-limits.html","OHCS workbook, HOME/CDBG income (60% Limits), 2025"
"HUD-HOME","OR-JACKSON","60","6","6","64320","2025-06-01","","","https://www.huduser.gov/portal/datasets/home-income-limits.html","OHCS workbook, HOME/CDBG income (60% Limits), 2025"
"HUD-HOME","OR-JACKSON","60","7","7","68760","2025-06-01","","","https://www.huduser.gov/portal/datasets/home-income-limits.html","OHCS workbook, HOME/CDBG income (60% Limits), 2025"
"HUD-HOME","OR-JACKSON","60","8","8","73200","2025-06-01","","","https://www.huduser.gov/portal/datasets/home-income-limits.html","OHCS workbook, HOME/CDBG income (60% Limits), 2025"
"HUD-HOME","OR-JACKSON","80","1","1","51750","2025-06-01","","","https://www.huduser.gov/portal/datasets/home-income-limits.html","OHCS workbook, HOME/CDBG income (80% Limits), 2025"
"HUD-HOME","OR-JACKSON","80","2","2","59150","2025-06-01","","","https://www.huduser.gov/portal/datasets/home-income-limits.html","OHCS workbook, HOME/CDBG income (80% Limits), 2025"
"HUD-HOME","OR-JACKSON","80","3","3","66550","2025-06-01","","","https://www.huduser.gov/portal/datasets/home-income-limits.html","OHCS workbook, HOME/CDBG income (80% Limits), 2025"
"HUD-HOME","OR-JACKSON","80","4","4","73900","2025-06-01","","","https://www.huduser.gov/portal/datasets/home-income-limits.html","OHCS workbook, HOME/CDBG income (80% Limits), 2025"
"HUD-HOME","OR-JACKSON","80","5","5","79850","2025-06-01","","","https://www.huduser.gov/portal/datasets/home-income-limits.html","OHCS workbook, HOME/CDBG income (80% Limits), 2025"
"HUD-HOME","OR-JACKSON","80","6","6","85750","2025-06-01","","","https://www.huduser.gov/portal/datasets/home-income-limits.html","OHCS workbook, HOME/CDBG income (80% Limits), 2025"
"HUD-HOME","OR-JACKSON","80","7","7","91650","2025-06-01","","","https://www.huduser.gov/portal/datasets/home-income-limits.html","OHCS workbook, HOME/CDBG income (80% Limits), 2025"
"HUD-HOME","OR-JACKSON","80","8","8","97550","2025-06-01","","","https://www.huduser.gov/portal/datasets/home-income-limits.html","OHCS workbook, HOME/CDBG income (80% Limits), 2025"
"HUD-HOME","OR-JOSEPHINE","30","1","1","17850","2025-06-01","","","https://www.huduser.gov/portal/datasets/home-income-limits.html","OHCS workbook, HOME/CDBG income (30% Limits), 2025"
"HUD-HOME","OR-JOSEPHINE","30","2","2","20400","2025-06-01","","","https://www.huduser.gov/portal/datasets/home-income-limits.html","OHCS workbook, HOME/CDBG income (30% Limits), 2025"
"HUD-HOME","OR-JOSEPHINE","30","3","3","22950","2025-06-01","","","https://www.huduser.gov/portal/datasets/home-income-limits.html","OHCS workbook, HOME/CDBG income (30% Limits), 2025"
"HUD-HOME","OR-JOSEPHINE","30","4","4","25450","2025-06-01","","","https://www.huduser.gov/portal/datasets/home-income-limits.html","OHCS workbook, HOME/CDBG income (30% Limits), 2025"
"HUD-HOME","OR-JOSEPHINE","30","5","5","27500","2025-06-01","","","https://www.huduser.gov/portal/datasets/home-income-limits.html","OHCS workbook, HOME/CDBG income (30% Limits), 2025"
"HUD-HOME","OR-JOSEPHINE","30","6","6","29550","2025-06-01","","","https://www.huduser.gov/portal/datasets/home-income-limits.html","OHCS workbook, HOME/CDBG income (30% Limits), 2025"
"HUD-HOME","OR-JOSEPHINE","30","7","7","31600","2025-06-01","","","https://www.huduser.gov/portal/datasets/home-income-limits.html","OHCS workbook, HOME/CDBG income (30% Limits), 2025"
"HUD-HOME","OR-JOSEPHINE","30","8","8","33600","2025-06-01","","","https://www.huduser.gov/portal/datasets/home-income-limits.html","OHCS workbook, HOME/CDBG income (30% Limits), 2025"
"HUD-HOME","OR-JOSEPHINE","50","1","1","29700","2025-06-01","","","https://www.huduser.gov/portal/datasets/home-income-limits.html","OHCS workbook, HOME/CDBG income (50% Limits), 2025"
"HUD-HOME","OR-JOSEPHINE","50","2","2","33950","2025-06-01","","","https://www.huduser.gov/portal/datasets/home-income-limits.html","OHCS workbook, HOME/CDBG income (50% Limits), 2025"
"HUD-HOME","OR-JOSEPHINE","50","3","3","38200","2025-06-01","","","https://www.huduser.gov/portal/datasets/home-income-limits.html","OHCS workbook, HOME/CDBG income (50% Limits), 2025"
"HUD-HOME","OR-JOSEPHINE","50","4","4","42400","2025-06-01","","","https://www.huduser.gov/portal/datasets/home-income-limits.html","OHCS workbook, HOME/CDBG income (50% Limits), 2025"
"HUD-HOME","OR-JOSEPHINE","50","5","5","45800","2025-06-01","","","https://www.huduser.gov/portal/datasets/home-income-limits.html","OHCS workbook, HOME/CDBG income (50% Limits), 2025"
"HUD-HOME","OR-JOSEPHINE","50","6","6","49200","2025-06-01","","","https://www.huduser.gov/portal/datasets/home-income-limits.html","OHCS workbook, HOME/CDBG income (50% Limits), 2025"
"HUD-HOME","OR-JOSEPHINE","50","7","7","52600","2025-06-01","","","https://www.huduser.gov/portal/datasets/home-income-limits.html","OHCS workbook, HOME/CDBG income (50% Limits), 2025"
"HUD-HOME","OR-JOSEPHINE","50","8","8","56000","2025-06-01","","","https://www.huduser.gov/portal/datasets/home-income-limits.html","OHCS workbook, HOME/CDBG income (50% Limits), 2025"
"HUD-HOME","OR-JOSEPHINE","60","1","1","35640","2025-06-01","","","https://www.huduser.gov/portal/datasets/home-income-limits.html","OHCS workbook, HOME/CDBG income (60% Limits), 2025"
"HUD-HOME","OR-JOSEPHINE","60","2","2","40740","2025-06-01","","","https://www.huduser.gov/portal/datasets/home-income-limits.html","OHCS workbook, HOME/CDBG income (60% Limits), 2025"
"HUD-HOME","OR-JOSEPHINE","60","3","3","45840","2025-06-01","","","https://www.huduser.gov/portal/datasets/home-income-limits.html","OHCS workbook, HOME/CDBG income (60% Limits), 2025"
"HUD-HOME","OR-JOSEPHINE","60","4","4","50880","2025-06-01","","","https://www.huduser.gov/portal/datasets/home-income-limits.html","OHCS workbook, HOME/CDBG income (60% Limits), 2025"
"HUD-HOME","OR-JOSEPHINE","60","5","5","54960","2025-06-01","","","https://www.huduser.gov/portal/datasets/home-income-limits.html","OHCS workbook, HOME/CDBG income (60% Limits), 2025"
"HUD-HOME","OR-JOSEPHINE","60","6","6","59040","2025-06-01","","","https://www.huduser.gov/portal/datasets/home-income-limits.html","OHCS workbook, HOME/CDBG income (60% Limits), 2025"
"HUD-HOME","OR-JOSEPHINE","60","7","7","63120","2025-06-01","","","https://www.huduser.gov/portal/datasets/home-income-limits.html","OHCS workbook, HOME/CDBG income (60% Limits), 2025"
"HUD-HOME","OR-JOSEPHINE","60","8","8","67200","2025-06-01","","","https://www.huduser.gov/portal/datasets/home-income-limits.html","OHCS workbook, HOME/CDBG income (60% Limits), 2025"
"HUD-HOME","OR-JOSEPHINE","80","1","1","47500","2025-06-01","","","https://www.huduser.gov/portal/datasets/home-income-limits.html","OHCS workbook, HOME/CDBG income (80% Limits), 2025"
"HUD-HOME","OR-JOSEPHINE","80","2","2","54300","2025-06-01","","","https://www.huduser.gov/portal/datasets/home-income-limits.html","OHCS workbook, HOME/CDBG income (80% Limits), 2025"
"HUD-HOME","OR-JOSEPHINE","80","3","3","61100","2025-06-01","","","https://www.huduser.gov/portal/datasets/home-income-limits.html","OHCS workbook, HOME/CDBG income (80% Limits), 2025"
"HUD-HOME","OR-JOSEPHINE","80","4","4","67850","2025-06-01","","","https://www.huduser.gov/portal/datasets/home-income-limits.html","OHCS workbook, HOME/CDBG income (80% Limits), 2025"
"HUD-HOME","OR-JOSEPHINE","80","5","5","73300","2025-06-01","","","https://www.huduser.gov/portal/datasets/home-income-limits.html","OHCS workbook, HOME/CDBG income (80% Limits), 2025"
"HUD-HOME","OR-JOSEPHINE","80","6","6","78750","2025-06-01","","","https://www.huduser.gov/portal/datasets/home-income-limits.html","OHCS workbook, HOME/CDBG income (80% Limits), 2025"
"HUD-HOME","OR-JOSEPHINE","80","7","7","84150","2025-06-01","","","https://www.huduser.gov/portal/datasets/home-income-limits.html","OHCS workbook, HOME/CDBG income (80% Limits), 2025"
"HUD-HOME","OR-JOSEPHINE","80","8","8","89600","2025-06-01","","","https://www.huduser.gov/portal/datasets/home-income-limits.html","OHCS workbook, HOME/CDBG income (80% Limits), 2025"
"HUD-HOME","OR-JACKSON","30","1","1","18450","2024-06-01","","","https://www.huduser.gov/portal/datasets/home-income-limits.html","OHCS workbook, HOME/CDBG income (30% Limits), 2024"
"HUD-HOME","OR-JACKSON","30","2","2","21100","2024-06-01","","","https://www.huduser.gov/portal/datasets/home-income-limits.html","OHCS workbook, HOME/CDBG income (30% Limits), 2024"
"HUD-HOME","OR-JACKSON","30","3","3","23750","2024-06-01","","","https://www.huduser.gov/portal/datasets/home-income-limits.html","OHCS workbook, HOME/CDBG income (30% Limits), 2024"
"HUD-HOME","OR-JACKSON","30","4","4","26350","2024-06-01","","","https://www.huduser.gov/portal/datasets/home-income-limits.html","OHCS workbook, HOME/CDBG income (30% Limits), 2024"
"HUD-HOME","OR-JACKSON","30","5","5","28500","2024-06-01","","","https://www.huduser.gov/portal/datasets/home-income-limits.html","OHCS workbook, HOME/CDBG income (30% Limits), 2024"
"HUD-HOME","OR-JACKSON","30","6","6","30600","2024-06-01","","","https://www.huduser.gov/portal/datasets/home-income-limits.html","OHCS workbook, HOME/CDBG income (30% Limits), 2024"
"HUD-HOME","OR-JACKSON","30","7","7","32700","2024-06-01","","","https://www.huduser.gov/portal/datasets/home-income-limits.html","OHCS workbook, HOME/CDBG income (30% Limits), 2024"
"HUD-HOME","OR-JACKSON","30","8","8","34800","2024-06-01","","","https://www.huduser.gov/portal/datasets/home-income-limits.html","OHCS workbook, HOME/CDBG income (30% Limits), 2024"
"HUD-HOME","OR-JACKSON","50","1","1","30750","2024-06-01","","","https://www.huduser.gov/portal/datasets/home-income-limits.html","OHCS workbook, HOME/CDBG income (50% Limits), 2024"
"HUD-HOME","OR-JACKSON","50","2","2","35150","2024-06-01","","","https://www.huduser.gov/portal/datasets/home-income-limits.html","OHCS workbook, HOME/CDBG income (50% Limits), 2024"
"HUD-HOME","OR-JACKSON","50","3","3","39550","2024-06-01","","","https://www.huduser.gov/portal/datasets/home-income-limits.html","OHCS workbook, HOME/CDBG income (50% Limits), 2024"
"HUD-HOME","OR-JACKSON","50","4","4","43900","2024-06-01","","","https://www.huduser.gov/portal/datasets/home-income-limits.html","OHCS workbook, HOME/CDBG income (50% Limits), 2024"
"HUD-HOME","OR-JACKSON","50","5","5","47450","2024-06-01","","","https://www.huduser.gov/portal/datasets/home-income-limits.html","OHCS workbook, HOME/CDBG income (50% Limits), 2024"
"HUD-HOME","OR-JACKSON","50","6","6","50950","2024-06-01","","","https://www.huduser.gov/portal/datasets/home-income-limits.html","OHCS workbook, HOME/CDBG income (50% Limits), 2024"
"HUD-HOME","OR-JACKSON","50","7","7","54450","2024-06-01","","","https://www.huduser.gov/portal/datasets/home-income-limits.html","OHCS workbook, HOME/CDBG income (50% Limits), 2024"
"HUD-HOME","OR-JACKSON","50","8","8","57950","2024-06-01","","","https://www.huduser.gov/portal/datasets/home-income-limits.html","OHCS workbook, HOME/CDBG income (50% Limits), 2024"
"HUD-HOME","OR-JACKSON","60","1","1","36900","2024-06-01","","","https://www.huduser.gov/portal/datasets/home-income-limits.html","OHCS workbook, HOME/CDBG income (60% Limits), 2024"
"HUD-HOME","OR-JACKSON","60","2","2","42180","2024-06-01","","","https://www.huduser.gov/portal/datasets/home-income-limits.html","OHCS workbook, HOME/CDBG income (60% Limits), 2024"
"HUD-HOME","OR-JACKSON","60","3","3","47460","2024-06-01","","","https://www.huduser.gov/portal/datasets/home-income-limits.html","OHCS workbook, HOME/CDBG income (60% Limits), 2024"
"HUD-HOME","OR-JACKSON","60","4","4","52680","2024-06-01","","","https://www.huduser.gov/portal/datasets/home-income-limits.html","OHCS workbook, HOME/CDBG income (60% Limits), 2024"
"HUD-HOME","OR-JACKSON","60","5","5","56940","2024-06-01","","","https://www.huduser.gov/portal/datasets/home-income-limits.html","OHCS workbook, HOME/CDBG income (60% Limits), 2024"
"HUD-HOME","OR-JACKSON","60","6","6","61140","2024-06-01","","","https://www.huduser.gov/portal/datasets/home-income-limits.html","OHCS workbook, HOME/CDBG income (60% Limits), 2024"
"HUD-HOME","OR-JACKSON","60","7","7","65340","2024-06-01","","","https://www.huduser.gov/portal/datasets/home-income-limits.html","OHCS workbook, HOME/CDBG income (60% Limits), 2024"
"HUD-HOME","OR-JACKSON","60","8","8","69540","2024-06-01","","","https://www.huduser.gov/portal/datasets/home-income-limits.html","OHCS workbook, HOME/CDBG income (60% Limits), 2024"
"HUD-HOME","OR-JACKSON","80","1","1","49200","2024-06-01","","","https://www.huduser.gov/portal/datasets/home-income-limits.html","OHCS workbook, HOME/CDBG income (80% Limits), 2024"
"HUD-HOME","OR-JACKSON","80","2","2","56200","2024-06-01","","","https://www.huduser.gov/portal/datasets/home-income-limits.html","OHCS workbook, HOME/CDBG income (80% Limits), 2024"
"HUD-HOME","OR-JACKSON","80","3","3","63250","2024-06-01","","","https://www.huduser.gov/portal/datasets/home-income-limits.html","OHCS workbook, HOME/CDBG income (80% Limits), 2024"
"HUD-HOME","OR-JACKSON","80","4","4","70250","2024-06-01","","","https://www.huduser.gov/portal/datasets/home-income-limits.html","OHCS workbook, HOME/CDBG income (80% Limits), 2024"
"HUD-HOME","OR-JACKSON","80","5","5","75900","2024-06-01","","","https://www.huduser.gov/portal/datasets/home-income-limits.html","OHCS workbook, HOME/CDBG income (80% Limits), 2024"
"HUD-HOME","OR-JACKSON","80","6","6","81500","2024-06-01","","","https://www.huduser.gov/portal/datasets/home-income-limits.html","OHCS workbook, HOME/CDBG income (80% Limits), 2024"
"HUD-HOME","OR-JACKSON","80","7","7","87150","2024-06-01","","","https://www.huduser.gov/portal/datasets/home-income-limits.html","OHCS workbook, HOME/CDBG income (80% Limits), 2024"
"HUD-HOME","OR-JACKSON","80","8","8","92750","2024-06-01","","","https://www.huduser.gov/portal/datasets/home-income-limits.html","OHCS workbook, HOME/CDBG income (80% Limits), 2024"
"HUD-HOME","OR-JOSEPHINE","30","1","1","17000","2024-06-01","","","https://www.huduser.gov/portal/datasets/home-income-limits.html","OHCS workbook, HOME/CDBG income (30% Limits), 2024"
"HUD-HOME","OR-JOSEPHINE","30","2","2","19400","2024-06-01","","","https://www.huduser.gov/portal/datasets/home-income-limits.html","OHCS workbook, HOME/CDBG income (30% Limits), 2024"
"HUD-HOME","OR-JOSEPHINE","30","3","3","21850","2024-06-01","","","https://www.huduser.gov/portal/datasets/home-income-limits.html","OHCS workbook, HOME/CDBG income (30% Limits), 2024"
"HUD-HOME","OR-JOSEPHINE","30","4","4","24250","2024-06-01","","","https://www.huduser.gov/portal/datasets/home-income-limits.html","OHCS workbook, HOME/CDBG income (30% Limits), 2024"
"HUD-HOME","OR-JOSEPHINE","30","5","5","26200","2024-06-01","","","https://www.huduser.gov/portal/datasets/home-income-limits.html","OHCS workbook, HOME/CDBG income (30% Limits), 2024"
"HUD-HOME","OR-JOSEPHINE","30","6","6","28150","2024-06-01","","","https://www.huduser.gov/portal/datasets/home-income-limits.html","OHCS workbook, HOME/CDBG income (30% Limits), 2024"
"HUD-HOME","OR-JOSEPHINE","30","7","7","30100","2024-06-01","","","https://www.huduser.gov/portal/datasets/home-income-limits.html","OHCS workbook, HOME/CDBG income (30% Limits), 2024"
"HUD-HOME","OR-JOSEPHINE","30","8","8","32050","2024-06-01","","","https://www.huduser.gov/portal/datasets/home-income-limits.html","OHCS workbook, HOME/CDBG income (30% Limits), 2024"
"HUD-HOME","OR-JOSEPHINE","50","1","1","28350","2024-06-01","","","https://www.huduser.gov/portal/datasets/home-income-limits.html","OHCS workbook, HOME/CDBG income (50% Limits), 2024"
"HUD-HOME","OR-JOSEPHINE","50","2","2","32400","2024-06-01","","","https://www.huduser.gov/portal/datasets/home-income-limits.html","OHCS workbook, HOME/CDBG income (50% Limits), 2024"
"HUD-HOME","OR-JOSEPHINE","50","3","3","36450","2024-06-01","","","https://www.huduser.gov/portal/datasets/home-income-limits.html","OHCS workbook, HOME/CDBG income (50% Limits), 2024"
"HUD-HOME","OR-JOSEPHINE","50","4","4","40450","2024-06-01","","","https://www.huduser.gov/portal/datasets/home-income-limits.html","OHCS workbook, HOME/CDBG income (50% Limits), 2024"
"HUD-HOME","OR-JOSEPHINE","50","5","5","43700","2024-06-01","","","https://www.huduser.gov/portal/datasets/home-income-limits.html","OHCS workbook, HOME/CDBG income (50% Limits), 2024"
"HUD-HOME","OR-JOSEPHINE","50","6","6","46950","2024-06-01","","","https://www.huduser.gov/portal/datasets/home-income-limits.html","OHCS workbook, HOME/CDBG income (50% Limits), 2024"
"HUD-HOME","OR-JOSEPHINE","50","7","7","50200","2024-06-01","","","https://www.huduser.gov/portal/datasets/home-income-limits.html","OHCS workbook, HOME/CDBG income (50% Limits), 2024"
"HUD-HOME","OR-JOSEPHINE","50","8","8","53400","2024-06-01","","","https://www.huduser.gov/portal/datasets/home-income-limits.html","OHCS workbook, HOME/CDBG income (50% Limits), 2024"
"HUD-HOME","OR-JOSEPHINE","60","1","1","34020","2024-06-01","","","https://www.huduser.gov/portal/datasets/home-income-limits.html","OHCS workbook, HOME/CDBG income (60% Limits), 2024"
"HUD-HOME","OR-JOSEPHINE","60","2","2","38880","2024-06-01","","","https://www.huduser.gov/portal/datasets/home-income-limits.html","OHCS workbook, HOME/CDBG income (60% Limits), 2024"
"HUD-HOME","OR-JOSEPHINE","60","3","3","43740","2024-06-01","","","https://www.huduser.gov/portal/datasets/home-income-limits.html","OHCS workbook, HOME/CDBG income (60% Limits), 2024"
"HUD-HOME","OR-JOSEPHINE","60","4","4","48540","2024-06-01","","","https://www.huduser.gov/portal/datasets/home-income-limits.html","OHCS workbook, HOME/CDBG income (60% Limits), 2024"
"HUD-HOME","OR-JOSEPHINE","60","5","5","52440","2024-06-01","","","https://www.huduser.gov/portal/datasets/home-income-limits.html","OHCS workbook, HOME/CDBG income (60% Limits), 2024"
"HUD-HOME","OR-JOSEPHINE","60","6","6","56340","2024-06-01","","","https://www.huduser.gov/portal/datasets/home-income-limits.html","OHCS workbook, HOME/CDBG income (60% Limits), 2024"
"HUD-HOME","OR-JOSEPHINE","60","7","7","60240","2024-06-01","","","https://www.huduser.gov/portal/datasets/home-income-limits.html","OHCS workbook, HOME/CDBG income (60% Limits), 2024"
"HUD-HOME","OR-JOSEPHINE","60","8","8","64080","2024-06-01","","","https://www.huduser.gov/portal/datasets/home-income-limits.html","OHCS workbook, HOME/CDBG income (60% Limits), 2024"
"HUD-HOME","OR-JOSEPHINE","80","1","1","45300","2024-06-01","","","https://www.huduser.gov/portal/datasets/home-income-limits.html","OHCS workbook, HOME/CDBG income (80% Limits), 2024"
"HUD-HOME","OR-JOSEPHINE","80","2","2","51800","2024-06-01","","","https://www.huduser.gov/portal/datasets/home-income-limits.html","OHCS workbook, HOME/CDBG income (80% Limits), 2024"
"HUD-HOME","OR-JOSEPHINE","80","3","3","58250","2024-06-01","","","https://www.huduser.gov/portal/datasets/home-income-limits.html","OHCS workbook, HOME/CDBG income (80% Limits), 2024"
"HUD-HOME","OR-JOSEPHINE","80","4","4","64700","2024-06-01","","","https://www.huduser.gov/portal/datasets/home-income-limits.html","OHCS workbook, HOME/CDBG income (80% Limits), 2024"
"HUD-HOME","OR-JOSEPHINE","80","5","5","69900","2024-06-01","","","https://www.huduser.gov/portal/datasets/home-income-limits.html","OHCS workbook, HOME/CDBG income (80% Limits), 2024"
"HUD-HOME","OR-JOSEPHINE","80","6","6","75100","2024-06-01","","","https://www.huduser.gov/portal/datasets/home-income-limits.html","OHCS workbook, HOME/CDBG income (80% Limits), 2024"
"HUD-HOME","OR-JOSEPHINE","80","7","7","80250","2024-06-01","","","https://www.huduser.gov/portal/datasets/home-income-limits.html","OHCS workbook, HOME/CDBG income (80% Limits), 2024"
"HUD-HOME","OR-JOSEPHINE","80","8","8","85450","2024-06-01","","","https://www.huduser.gov/portal/datasets/home-income-limits.html","OHCS workbook, HOME/CDBG income (80% Limits), 2024"
"OHCS-MIRL","OR-JACKSON","50","1","1","34333","2026-06-01","","","https://www.huduser.gov/portal/datasets/cdbg-income-limits.html","OHCS workbook, MIRL, 2026"
"OHCS-MIRL","OR-JACKSON","50","2","2","39250","2026-06-01","","","https://www.huduser.gov/portal/datasets/cdbg-income-limits.html","OHCS workbook, MIRL, 2026"
"OHCS-MIRL","OR-JACKSON","50","3","3","44146","2026-06-01","","","https://www.huduser.gov/portal/datasets/cdbg-income-limits.html","OHCS workbook, MIRL, 2026"
"OHCS-MIRL","OR-JACKSON","50","4","4","49042","2026-06-01","","","https://www.huduser.gov/portal/datasets/cdbg-income-limits.html","OHCS workbook, MIRL, 2026"
"OHCS-MIRL","OR-JACKSON","50","5","5","52979","2026-06-01","","","https://www.huduser.gov/portal/datasets/cdbg-income-limits.html","OHCS workbook, MIRL, 2026"
"OHCS-MIRL","OR-JACKSON","50","6","6","56896","2026-06-01","","","https://www.huduser.gov/portal/datasets/cdbg-income-limits.html","OHCS workbook, MIRL, 2026"
"OHCS-MIRL","OR-JACKSON","50","7","7","60813","2026-06-01","","","https://www.huduser.gov/portal/datasets/cdbg-income-limits.html","OHCS workbook, MIRL, 2026"
"OHCS-MIRL","OR-JACKSON","50","8","8","64750","2026-06-01","","","https://www.huduser.gov/portal/datasets/cdbg-income-limits.html","OHCS workbook, MIRL, 2026"
"OHCS-MIRL","OR-JACKSON","80","1","1","54933","2026-06-01","","","https://www.huduser.gov/portal/datasets/cdbg-income-limits.html","OHCS workbook, MIRL, 2026"
"OHCS-MIRL","OR-JACKSON","80","2","2","62800","2026-06-01","","","https://www.huduser.gov/portal/datasets/cdbg-income-limits.html","OHCS workbook, MIRL, 2026"
"OHCS-MIRL","OR-JACKSON","80","3","3","70633","2026-06-01","","","https://www.huduser.gov/portal/datasets/cdbg-income-limits.html","OHCS workbook, MIRL, 2026"
"OHCS-MIRL","OR-JACKSON","80","4","4","78467","2026-06-01","","","https://www.huduser.gov/portal/datasets/cdbg-income-limits.html","OHCS workbook, MIRL, 2026"
"OHCS-MIRL","OR-JACKSON","80","5","5","84767","2026-06-01","","","https://www.huduser.gov/portal/datasets/cdbg-income-limits.html","OHCS workbook, MIRL, 2026"
"OHCS-MIRL","OR-JACKSON","80","6","6","91033","2026-06-01","","","https://www.huduser.gov/portal/datasets/cdbg-income-limits.html","OHCS workbook, MIRL, 2026"
"OHCS-MIRL","OR-JACKSON","80","7","7","97300","2026-06-01","","","https://www.huduser.gov/portal/datasets/cdbg-income-limits.html","OHCS workbook, MIRL, 2026"
"OHCS-MIRL","OR-JACKSON","80","8","8","103600","2026-06-01","","","https://www.huduser.gov/portal/datasets/cdbg-income-limits.html","OHCS workbook, MIRL, 2026"
"OHCS-MIRL","OR-JACKSON","100","1","1","68667","2026-06-01","","","https://www.huduser.gov/portal/datasets/cdbg-income-limits.html","OHCS workbook, MIRL, 2026"
"OHCS-MIRL","OR-JACKSON","100","2","2","78500","2026-06-01","","","https://www.huduser.gov/portal/datasets/cdbg-income-limits.html","OHCS workbook, MIRL, 2026"
"OHCS-MIRL","OR-JACKSON","100","3","3","88292","2026-06-01","","","https://www.huduser.gov/portal/datasets/cdbg-income-limits.html","OHCS workbook, MIRL, 2026"
"OHCS-MIRL","OR-JACKSON","100","4","4","98083","2026-06-01","","","https://www.huduser.gov/portal/datasets/cdbg-income-limits.html","OHCS workbook, MIRL, 2026"
"OHCS-MIRL","OR-JACKSON","100","5","5","105958","2026-06-01","","","https://www.huduser.gov/portal/datasets/cdbg-income-limits.html","OHCS workbook, MIRL, 2026"
"OHCS-MIRL","OR-JACKSON","100","6","6","113792","2026-06-01","","","https://www.huduser.gov/portal/datasets/cdbg-income-limits.html","OHCS workbook, MIRL, 2026"
"OHCS-MIRL","OR-JACKSON","100","7","7","121625","2026-06-01","","","https://www.huduser.gov/portal/datasets/cdbg-income-limits.html","OHCS workbook, MIRL, 2026"
"OHCS-MIRL","OR-JACKSON","100","8","8","129500","2026-06-01","","","https://www.huduser.gov/portal/datasets/cdbg-income-limits.html","OHCS workbook, MIRL, 2026"
"OHCS-MIRL","OR-JACKSON","120","1","1","82400","2026-06-01","","","https://www.huduser.gov/portal/datasets/cdbg-income-limits.html","OHCS workbook, MIRL, 2026"
"OHCS-MIRL","OR-JACKSON","120","2","2","94200","2026-06-01","","","https://www.huduser.gov/portal/datasets/cdbg-income-limits.html","OHCS workbook, MIRL, 2026"
"OHCS-MIRL","OR-JACKSON","120","3","3","105950","2026-06-01","","","https://www.huduser.gov/portal/datasets/cdbg-income-limits.html","OHCS workbook, MIRL, 2026"
"OHCS-MIRL","OR-JACKSON","120","4","4","117700","2026-06-01","","","https://www.huduser.gov/portal/datasets/cdbg-income-limits.html","OHCS workbook, MIRL, 2026"
"OHCS-MIRL","OR-JACKSON","120","5","5","127150","2026-06-01","","","https://www.huduser.gov/portal/datasets/cdbg-income-limits.html","OHCS workbook, MIRL, 2026"
"OHCS-MIRL","OR-JACKSON","120","6","6","136550","2026-06-01","","","https://www.huduser.gov/portal/datasets/cdbg-income-limits.html","OHCS workbook, MIRL, 2026"
"OHCS-MIRL","OR-JACKSON","120","7","7","145950","2026-06-01","","","https://www.huduser.gov/portal/datasets/cdbg-income-limits.html","OHCS workbook, MIRL, 2026"
"OHCS-MIRL","OR-JACKSON","120","8","8","155400","2026-06-01","","","https://www.huduser.gov/portal/datasets/cdbg-income-limits.html","OHCS workbook, MIRL, 2026"
"OHCS-MIRL","OR-JOSEPHINE","50","1","1","29250","2026-06-01","","","https://www.huduser.gov/portal/datasets/cdbg-income-limits.html","OHCS workbook, MIRL, 2026"
"OHCS-MIRL","OR-JOSEPHINE","50","2","2","33438","2026-06-01","","","https://www.huduser.gov/portal/datasets/cdbg-income-limits.html","OHCS workbook, MIRL, 2026"
"OHCS-MIRL","OR-JOSEPHINE","50","3","3","37625","2026-06-01","","","https://www.huduser.gov/portal/datasets/cdbg-income-limits.html","OHCS workbook, MIRL, 2026"
"OHCS-MIRL","OR-JOSEPHINE","50","4","4","41792","2026-06-01","","","https://www.huduser.gov/portal/datasets/cdbg-income-limits.html","OHCS workbook, MIRL, 2026"
"OHCS-MIRL","OR-JOSEPHINE","50","5","5","45146","2026-06-01","","","https://www.huduser.gov/portal/datasets/cdbg-income-limits.html","OHCS workbook, MIRL, 2026"
"OHCS-MIRL","OR-JOSEPHINE","50","6","6","48479","2026-06-01","","","https://www.huduser.gov/portal/datasets/cdbg-income-limits.html","OHCS workbook, MIRL, 2026"
"OHCS-MIRL","OR-JOSEPHINE","50","7","7","51833","2026-06-01","","","https://www.huduser.gov/portal/datasets/cdbg-income-limits.html","OHCS workbook, MIRL, 2026"
"OHCS-MIRL","OR-JOSEPHINE","50","8","8","55167","2026-06-01","","","https://www.huduser.gov/portal/datasets/cdbg-income-limits.html","OHCS workbook, MIRL, 2026"
"OHCS-MIRL","OR-JOSEPHINE","80","1","1","46800","2026-06-01","","","https://www.huduser.gov/portal/datasets/cdbg-income-limits.html","OHCS workbook, MIRL, 2026"
"OHCS-MIRL","OR-JOSEPHINE","80","2","2","53500","2026-06-01","","","https://www.huduser.gov/portal/datasets/cdbg-income-limits.html","OHCS workbook, MIRL, 2026"
"OHCS-MIRL","OR-JOSEPHINE","80","3","3","60200","2026-06-01","","","https://www.huduser.gov/portal/datasets/cdbg-income-limits.html","OHCS workbook, MIRL, 2026"
"OHCS-MIRL","OR-JOSEPHINE","80","4","4","66867","2026-06-01","","","https://www.huduser.gov/portal/datasets/cdbg-income-limits.html","OHCS workbook, MIRL, 2026"
"OHCS-MIRL","OR-JOSEPHINE","80","5","5","72233","2026-06-01","","","https://www.huduser.gov/portal/datasets/cdbg-income-limits.html","OHCS workbook, MIRL, 2026"
"OHCS-MIRL","OR-JOSEPHINE","80","6","6","77567","2026-06-01","","","https://www.huduser.gov/portal/datasets/cdbg-income-limits.html","OHCS workbook, MIRL, 2026"
"OHCS-MIRL","OR-JOSEPHINE","80","7","7","82933","2026-06-01","","","https://www.huduser.gov/portal/datasets/cdbg-income-limits.html","OHCS workbook, MIRL, 2026"
"OHCS-MIRL","OR-JOSEPHINE","80","8","8","88267","2026-06-01","","","https://www.huduser.gov/portal/datasets/cdbg-income-limits.html","OHCS workbook, MIRL, 2026"
"OHCS-MIRL","OR-JOSEPHINE","100","1","1","58500","2026-06-01","","","https://www.huduser.gov/portal/datasets/cdbg-income-limits.html","OHCS workbook, MIRL, 2026"
"OHCS-MIRL","OR-JOSEPHINE","100","2","2","66875","2026-06-01","","","https://www.huduser.gov/portal/datasets/cdbg-income-limits.html","OHCS workbook, MIRL, 2026"
"OHCS-MIRL","OR-JOSEPHINE","100","3","3","75250","2026-06-01","","","https://www.huduser.gov/portal/datasets/cdbg-income-limits.html","OHCS workbook, MIRL, 2026"
"OHCS-MIRL","OR-JOSEPHINE","100","4","4","83583","2026-06-01","","","https://www.huduser.gov/portal/datasets/cdbg-income-limits.html","OHCS workbook, MIRL, 2026"
"OHCS-MIRL","OR-JOSEPHINE","100","5","5","90292","2026-06-01","","","https://www.huduser.gov/portal/datasets/cdbg-income-limits.html","OHCS workbook, MIRL, 2026"
"OHCS-MIRL","OR-JOSEPHINE","100","6","6","96958","2026-06-01","","","https://www.huduser.gov/portal/datasets/cdbg-income-limits.html","OHCS workbook, MIRL, 2026"
"OHCS-MIRL","OR-JOSEPHINE","100","7","7","103667","2026-06-01","","","https://www.huduser.gov/portal/datasets/cdbg-income-limits.html","OHCS workbook, MIRL, 2026"
"OHCS-MIRL","OR-JOSEPHINE","100","8","8","110333","2026-06-01","","","https://www.huduser.gov/portal/datasets/cdbg-income-limits.html","OHCS workbook, MIRL, 2026"
"OHCS-MIRL","OR-JOSEPHINE","120","1","1","70200","2026-06-01","","","https://www.huduser.gov/portal/datasets/cdbg-income-limits.html","OHCS workbook, MIRL, 2026"
"OHCS-MIRL","OR-JOSEPHINE","120","2","2","80250","2026-06-01","","","https://www.huduser.gov/portal/datasets/cdbg-income-limits.html","OHCS workbook, MIRL, 2026"
"OHCS-MIRL","OR-JOSEPHINE","120","3","3","90300","2026-06-01","","","https://www.huduser.gov/portal/datasets/cdbg-income-limits.html","OHCS workbook, MIRL, 2026"
"OHCS-MIRL","OR-JOSEPHINE","120","4","4","100300","2026-06-01","","","https://www.huduser.gov/portal/datasets/cdbg-income-limits.html","OHCS workbook, MIRL, 2026"
"OHCS-MIRL","OR-JOSEPHINE","120","5","5","108350","2026-06-01","","","https://www.huduser.gov/portal/datasets/cdbg-income-limits.html","OHCS workbook, MIRL, 2026"
"OHCS-MIRL","OR-JOSEPHINE","120","6","6","116350","2026-06-01","","","https://www.huduser.gov/portal/datasets/cdbg-income-limits.html","OHCS workbook, MIRL, 2026"
"OHCS-MIRL","OR-JOSEPHINE","120","7","7","124400","2026-06-01","","","https://www.huduser.gov/portal/datasets/cdbg-income-limits.html","OHCS workbook, MIRL, 2026"
"OHCS-MIRL","OR-JOSEPHINE","120","8","8","132400","2026-06-01","","","https://www.huduser.gov/portal/datasets/cdbg-income-limits.html","OHCS workbook, MIRL, 2026"
"OHCS-MIRL","OR-JACKSON","50","1","1","32333","2025-06-01","","","https://www.huduser.gov/portal/datasets/cdbg-income-limits.html","OHCS workbook, MIRL, 2025"
"OHCS-MIRL","OR-JACKSON","50","2","2","36958","2025-06-01","","","https://www.huduser.gov/portal/datasets/cdbg-income-limits.html","OHCS workbook, MIRL, 2025"
"OHCS-MIRL","OR-JACKSON","50","3","3","41583","2025-06-01","","","https://www.huduser.gov/portal/datasets/cdbg-income-limits.html","OHCS workbook, MIRL, 2025"
"OHCS-MIRL","OR-JACKSON","50","4","4","46208","2025-06-01","","","https://www.huduser.gov/portal/datasets/cdbg-income-limits.html","OHCS workbook, MIRL, 2025"
"OHCS-MIRL","OR-JACKSON","50","5","5","49896","2025-06-01","","","https://www.huduser.gov/portal/datasets/cdbg-income-limits.html","OHCS workbook, MIRL, 2025"
"OHCS-MIRL","OR-JACKSON","50","6","6","53583","2025-06-01","","","https://www.huduser.gov/portal/datasets/cdbg-income-limits.html","OHCS workbook, MIRL, 2025"
"OHCS-MIRL","OR-JACKSON","50","7","7","57292","2025-06-01","","","https://www.huduser.gov/portal/datasets/cdbg-income-limits.html","OHCS workbook, MIRL, 2025"
"OHCS-MIRL","OR-JACKSON","50","8","8","60979","2025-06-01","","","https://www.huduser.gov/portal/datasets/cdbg-income-limits.html","OHCS workbook, MIRL, 2025"
"OHCS-MIRL","OR-JACKSON","80","1","1","51733","2025-06-01","","","https://www.huduser.gov/portal/datasets/cdbg-income-limits.html","OHCS workbook, MIRL, 2025"
"OHCS-MIRL","OR-JACKSON","80","2","2","59133","2025-06-01","","","https://www.huduser.gov/portal/datasets/cdbg-income-limits.html","OHCS workbook, MIRL, 2025"
"OHCS-MIRL","OR-JACKSON","80","3","3","66533","2025-06-01","","","https://www.huduser.gov/portal/datasets/cdbg-income-limits.html","OHCS workbook, MIRL, 2025"
"OHCS-MIRL","OR-JACKSON","80","4","4","73933","2025-06-01","","","https://www.huduser.gov/portal/datasets/cdbg-income-limits.html","OHCS workbook, MIRL, 2025"
"OHCS-MIRL","OR-JACKSON","80","5","5","79833","2025-06-01","","","https://www.huduser.gov/portal/datasets/cdbg-income-limits.html","OHCS workbook, MIRL, 2025"
"OHCS-MIRL","OR-JACKSON","80","6","6","85733","2025-06-01","","","https://www.huduser.gov/portal/datasets/cdbg-income-limits.html","OHCS workbook, MIRL, 2025"
"OHCS-MIRL","OR-JACKSON","80","7","7","91667","2025-06-01","","","https://www.huduser.gov/portal/datasets/cdbg-income-limits.html","OHCS workbook, MIRL, 2025"
"OHCS-MIRL","OR-JACKSON","80","8","8","97567","2025-06-01","","","https://www.huduser.gov/portal/datasets/cdbg-income-limits.html","OHCS workbook, MIRL, 2025"
"OHCS-MIRL","OR-JACKSON","100","1","1","64667","2025-06-01","","","https://www.huduser.gov/portal/datasets/cdbg-income-limits.html","OHCS workbook, MIRL, 2025"
"OHCS-MIRL","OR-JACKSON","100","2","2","73917","2025-06-01","","","https://www.huduser.gov/portal/datasets/cdbg-income-limits.html","OHCS workbook, MIRL, 2025"
"OHCS-MIRL","OR-JACKSON","100","3","3","83167","2025-06-01","","","https://www.huduser.gov/portal/datasets/cdbg-income-limits.html","OHCS workbook, MIRL, 2025"
"OHCS-MIRL","OR-JACKSON","100","4","4","92417","2025-06-01","","","https://www.huduser.gov/portal/datasets/cdbg-income-limits.html","OHCS workbook, MIRL, 2025"
"OHCS-MIRL","OR-JACKSON","100","5","5","99792","2025-06-01","","","https://www.huduser.gov/portal/datasets/cdbg-income-limits.html","OHCS workbook, MIRL, 2025"
"OHCS-MIRL","OR-JACKSON","100","6","6","107167","2025-06-01","","","https://www.huduser.gov/portal/datasets/cdbg-income-limits.html","OHCS workbook, MIRL, 2025"
"OHCS-MIRL","OR-JACKSON","100","7","7","114583","2025-06-01","","","https://www.huduser.gov/portal/datasets/cdbg-income-limits.html","OHCS workbook, MIRL, 2025"
"OHCS-MIRL","OR-JACKSON","100","8","8","121958","2025-06-01","","","https://www.huduser.gov/portal/datasets/cdbg-income-limits.html","OHCS workbook, MIRL, 2025"
"OHCS-MIRL","OR-JACKSON","120","1","1","77600","2025-06-01","","","https://www.huduser.gov/portal/datasets/cdbg-income-limits.html","OHCS workbook, MIRL, 2025"
"OHCS-MIRL","OR-JACKSON","120","2","2","88700","2025-06-01","","","https://www.huduser.gov/portal/datasets/cdbg-income-limits.html","OHCS workbook, MIRL, 2025"
"OHCS-MIRL","OR-JACKSON","120","3","3","99800","2025-06-01","","","https://www.huduser.gov/portal/datasets/cdbg-income-limits.html","OHCS workbook, MIRL, 2025"
"OHCS-MIRL","OR-JACKSON","120","4","4","110900","2025-06-01","","","https://www.huduser.gov/portal/datasets/cdbg-income-limits.html","OHCS workbook, MIRL, 2025"
"OHCS-MIRL","OR-JACKSON","120","5","5","119750","2025-06-01","","","https://www.huduser.gov/portal/datasets/cdbg-income-limits.html","OHCS workbook, MIRL, 2025"
"OHCS-MIRL","OR-JACKSON","120","6","6","128600","2025-06-01","","","https://www.huduser.gov/portal/datasets/cdbg-income-limits.html","OHCS workbook, MIRL, 2025"
"OHCS-MIRL","OR-JACKSON","120","7","7","137500","2025-06-01","","","https://www.huduser.gov/portal/datasets/cdbg-income-limits.html","OHCS workbook, MIRL, 2025"
"OHCS-MIRL","OR-JACKSON","120","8","8","146350","2025-06-01","","","https://www.huduser.gov/portal/datasets/cdbg-income-limits.html","OHCS workbook, MIRL, 2025"
"OHCS-MIRL","OR-JOSEPHINE","50","1","1","29688","2025-06-01","","","https://www.huduser.gov/portal/datasets/cdbg-income-limits.html","OHCS workbook, MIRL, 2025"
"OHCS-MIRL","OR-JOSEPHINE","50","2","2","33917","2025-06-01","","","https://www.huduser.gov/portal/datasets/cdbg-income-limits.html","OHCS workbook, MIRL, 2025"
"OHCS-MIRL","OR-JOSEPHINE","50","3","3","38167","2025-06-01","","","https://www.huduser.gov/portal/datasets/cdbg-income-limits.html","OHCS workbook, MIRL, 2025"
"OHCS-MIRL","OR-JOSEPHINE","50","4","4","42396","2025-06-01","","","https://www.huduser.gov/portal/datasets/cdbg-income-limits.html","OHCS workbook, MIRL, 2025"
"OHCS-MIRL","OR-JOSEPHINE","50","5","5","45792","2025-06-01","","","https://www.huduser.gov/portal/datasets/cdbg-income-limits.html","OHCS workbook, MIRL, 2025"
"OHCS-MIRL","OR-JOSEPHINE","50","6","6","49188","2025-06-01","","","https://www.huduser.gov/portal/datasets/cdbg-income-limits.html","OHCS workbook, MIRL, 2025"
"OHCS-MIRL","OR-JOSEPHINE","50","7","7","52583","2025-06-01","","","https://www.huduser.gov/portal/datasets/cdbg-income-limits.html","OHCS workbook, MIRL, 2025"
"OHCS-MIRL","OR-JOSEPHINE","50","8","8","55958","2025-06-01","","","https://www.huduser.gov/portal/datasets/cdbg-income-limits.html","OHCS workbook, MIRL, 2025"
"OHCS-MIRL","OR-JOSEPHINE","80","1","1","47500","2025-06-01","","","https://www.huduser.gov/portal/datasets/cdbg-income-limits.html","OHCS workbook, MIRL, 2025"
"OHCS-MIRL","OR-JOSEPHINE","80","2","2","54267","2025-06-01","","","https://www.huduser.gov/portal/datasets/cdbg-income-limits.html","OHCS workbook, MIRL, 2025"
"OHCS-MIRL","OR-JOSEPHINE","80","3","3","61067","2025-06-01","","","https://www.huduser.gov/portal/datasets/cdbg-income-limits.html","OHCS workbook, MIRL, 2025"
"OHCS-MIRL","OR-JOSEPHINE","80","4","4","67833","2025-06-01","","","https://www.huduser.gov/portal/datasets/cdbg-income-limits.html","OHCS workbook, MIRL, 2025"
"OHCS-MIRL","OR-JOSEPHINE","80","5","5","73267","2025-06-01","","","https://www.huduser.gov/portal/datasets/cdbg-income-limits.html","OHCS workbook, MIRL, 2025"
"OHCS-MIRL","OR-JOSEPHINE","80","6","6","78700","2025-06-01","","","https://www.huduser.gov/portal/datasets/cdbg-income-limits.html","OHCS workbook, MIRL, 2025"
"OHCS-MIRL","OR-JOSEPHINE","80","7","7","84133","2025-06-01","","","https://www.huduser.gov/portal/datasets/cdbg-income-limits.html","OHCS workbook, MIRL, 2025"
"OHCS-MIRL","OR-JOSEPHINE","80","8","8","89533","2025-06-01","","","https://www.huduser.gov/portal/datasets/cdbg-income-limits.html","OHCS workbook, MIRL, 2025"
"OHCS-MIRL","OR-JOSEPHINE","100","1","1","59375","2025-06-01","","","https://www.huduser.gov/portal/datasets/cdbg-income-limits.html","OHCS workbook, MIRL, 2025"
"OHCS-MIRL","OR-JOSEPHINE","100","2","2","67833","2025-06-01","","","https://www.huduser.gov/portal/datasets/cdbg-income-limits.html","OHCS workbook, MIRL, 2025"
"OHCS-MIRL","OR-JOSEPHINE","100","3","3","76333","2025-06-01","","","https://www.huduser.gov/portal/datasets/cdbg-income-limits.html","OHCS workbook, MIRL, 2025"
"OHCS-MIRL","OR-JOSEPHINE","100","4","4","84792","2025-06-01","","","https://www.huduser.gov/portal/datasets/cdbg-income-limits.html","OHCS workbook, MIRL, 2025"
"OHCS-MIRL","OR-JOSEPHINE","100","5","5","91583","2025-06-01","","","https://www.huduser.gov/portal/datasets/cdbg-income-limits.html","OHCS workbook, MIRL, 2025"
"OHCS-MIRL","OR-JOSEPHINE","100","6","6","98375","2025-06-01","","","https://www.huduser.gov/portal/datasets/cdbg-income-limits.html","OHCS workbook, MIRL, 2025"
"OHCS-MIRL","OR-JOSEPHINE","100","7","7","105167","2025-06-01","","","https://www.huduser.gov/portal/datasets/cdbg-income-limits.html","OHCS workbook, MIRL, 2025"
"OHCS-MIRL","OR-JOSEPHINE","100","8","8","111917","2025-06-01","","","https://www.huduser.gov/portal/datasets/cdbg-income-limits.html","OHCS workbook, MIRL, 2025"
"OHCS-MIRL","OR-JOSEPHINE","120","1","1","71250","2025-06-01","","","https://www.huduser.gov/portal/datasets/cdbg-income-limits.html","OHCS workbook, MIRL, 2025"
"OHCS-MIRL","OR-JOSEPHINE","120","2","2","81400","2025-06-01","","","https://www.huduser.gov/portal/datasets/cdbg-income-limits.html","OHCS workbook, MIRL, 2025"
"OHCS-MIRL","OR-JOSEPHINE","120","3","3","91600","2025-06-01","","","https://www.huduser.gov/portal/datasets/cdbg-income-limits.html","OHCS workbook, MIRL, 2025"
"OHCS-MIRL","OR-JOSEPHINE","120","4","4","101750","2025-06-01","","","https://www.huduser.gov/portal/datasets/cdbg-income-limits.html","OHCS workbook, MIRL, 2025"
"OHCS-MIRL","OR-JOSEPHINE","120","5","5","109900","2025-06-01","","","https://www.huduser.gov/portal/datasets/cdbg-income-limits.html","OHCS workbook, MIRL, 2025"
"OHCS-MIRL","OR-JOSEPHINE","120","6","6","118050","2025-06-01","","","https://www.huduser.gov/portal/datasets/cdbg-income-limits.html","OHCS workbook, MIRL, 2025"
"OHCS-MIRL","OR-JOSEPHINE","120","7","7","126200","2025-06-01","","","https://www.huduser.gov/portal/datasets/cdbg-income-limits.html","OHCS workbook, MIRL, 2025"
"OHCS-MIRL","OR-JOSEPHINE","120","8","8","134300","2025-06-01","","","https://www.huduser.gov/portal/datasets/cdbg-income-limits.html","OHCS workbook, MIRL, 2025"
"OHCS-MIRL","OR-JACKSON","50","1","1","37760","2024-06-01","","","https://www.huduser.gov/portal/datasets/cdbg-income-limits.html","OHCS workbook, MIRL, 2024"
"OHCS-MIRL","OR-JACKSON","50","2","2","43162","2024-06-01","","","https://www.huduser.gov/portal/datasets/cdbg-income-limits.html","OHCS workbook, MIRL, 2024"
"OHCS-MIRL","OR-JACKSON","50","3","3","48538","2024-06-01","","","https://www.huduser.gov/portal/datasets/cdbg-income-limits.html","OHCS workbook, MIRL, 2024"
"OHCS-MIRL","OR-JACKSON","50","4","4","53939","2024-06-01","","","https://www.huduser.gov/portal/datasets/cdbg-income-limits.html","OHCS workbook, MIRL, 2024"
"OHCS-MIRL","OR-JACKSON","50","5","5","58266","2024-06-01","","","https://www.huduser.gov/portal/datasets/cdbg-income-limits.html","OHCS workbook, MIRL, 2024"
"OHCS-MIRL","OR-JACKSON","50","6","6","62566","2024-06-01","","","https://www.huduser.gov/portal/datasets/cdbg-income-limits.html","OHCS workbook, MIRL, 2024"
"OHCS-MIRL","OR-JACKSON","50","7","7","66893","2024-06-01","","","https://www.huduser.gov/portal/datasets/cdbg-income-limits.html","OHCS workbook, MIRL, 2024"
"OHCS-MIRL","OR-JACKSON","50","8","8","71219","2024-06-01","","","https://www.huduser.gov/portal/datasets/cdbg-income-limits.html","OHCS workbook, MIRL, 2024"
"OHCS-MIRL","OR-JACKSON","80","1","1","47200","2024-06-01","","","https://www.huduser.gov/portal/datasets/cdbg-income-limits.html","OHCS workbook, MIRL, 2024"
"OHCS-MIRL","OR-JACKSON","80","2","2","53952","2024-06-01","","","https://www.huduser.gov/portal/datasets/cdbg-income-limits.html","OHCS workbook, MIRL, 2024"
"OHCS-MIRL","OR-JACKSON","80","3","3","60672","2024-06-01","","","https://www.huduser.gov/portal/datasets/cdbg-income-limits.html","OHCS workbook, MIRL, 2024"
"OHCS-MIRL","OR-JACKSON","80","4","4","67424","2024-06-01","","","https://www.huduser.gov/portal/datasets/cdbg-income-limits.html","OHCS workbook, MIRL, 2024"
"OHCS-MIRL","OR-JACKSON","80","5","5","72832","2024-06-01","","","https://www.huduser.gov/portal/datasets/cdbg-income-limits.html","OHCS workbook, MIRL, 2024"
"OHCS-MIRL","OR-JACKSON","80","6","6","78208","2024-06-01","","","https://www.huduser.gov/portal/datasets/cdbg-income-limits.html","OHCS workbook, MIRL, 2024"
"OHCS-MIRL","OR-JACKSON","80","7","7","83616","2024-06-01","","","https://www.huduser.gov/portal/datasets/cdbg-income-limits.html","OHCS workbook, MIRL, 2024"
"OHCS-MIRL","OR-JACKSON","80","8","8","89024","2024-06-01","","","https://www.huduser.gov/portal/datasets/cdbg-income-limits.html","OHCS workbook, MIRL, 2024"
"OHCS-MIRL","OR-JACKSON","100","1","1","59000","2024-06-01","","","https://www.huduser.gov/portal/datasets/cdbg-income-limits.html","OHCS workbook, MIRL, 2024"
"OHCS-MIRL","OR-JACKSON","100","2","2","67440","2024-06-01","","","https://www.huduser.gov/portal/datasets/cdbg-income-limits.html","OHCS workbook, MIRL, 2024"
"OHCS-MIRL","OR-JACKSON","100","3","3","75840","2024-06-01","","","https://www.huduser.gov/portal/datasets/cdbg-income-limits.html","OHCS workbook, MIRL, 2024"
"OHCS-MIRL","OR-JACKSON","100","4","4","84280","2024-06-01","","","https://www.huduser.gov/portal/datasets/cdbg-income-limits.html","OHCS workbook, MIRL, 2024"
"OHCS-MIRL","OR-JACKSON","100","5","5","91040","2024-06-01","","","https://www.huduser.gov/portal/datasets/cdbg-income-limits.html","OHCS workbook, MIRL, 2024"
"OHCS-MIRL","OR-JACKSON","100","6","6","97760","2024-06-01","","","https://www.huduser.gov/portal/datasets/cdbg-income-limits.html","OHCS workbook, MIRL, 2024"
"OHCS-MIRL","OR-JACKSON","100","7","7","104520","2024-06-01","","","https://www.huduser.gov/portal/datasets/cdbg-income-limits.html","OHCS workbook, MIRL, 2024"
"OHCS-MIRL","OR-JACKSON","100","8","8","111280","2024-06-01","","","https://www.huduser.gov/portal/datasets/cdbg-income-limits.html","OHCS workbook, MIRL, 2024"
"OHCS-MIRL","OR-JACKSON","120","1","1","73750","2024-06-01","","","https://www.huduser.gov/portal/datasets/cdbg-income-limits.html","OHCS workbook, MIRL, 2024"
"OHCS-MIRL","OR-JACKSON","120","2","2","84300","2024-06-01","","","https://www.huduser.gov/portal/datasets/cdbg-income-limits.html","OHCS workbook, MIRL, 2024"
"OHCS-MIRL","OR-JACKSON","120","3","3","94800","2024-06-01","","","https://www.huduser.gov/portal/datasets/cdbg-income-limits.html","OHCS workbook, MIRL, 2024"
"OHCS-MIRL","OR-JACKSON","120","4","4","105350","2024-06-01","","","https://www.huduser.gov/portal/datasets/cdbg-income-limits.html","OHCS workbook, MIRL, 2024"
"OHCS-MIRL","OR-JACKSON","120","5","5","113800","2024-06-01","","","https://www.huduser.gov/portal/datasets/cdbg-income-limits.html","OHCS workbook, MIRL, 2024"
"OHCS-MIRL","OR-JACKSON","120","6","6","122200","2024-06-01","","","https://www.huduser.gov/portal/datasets/cdbg-income-limits.html","OHCS workbook, MIRL, 2024"
"OHCS-MIRL","OR-JACKSON","120","7","7","130650","2024-06-01","","","https://www.huduser.gov/portal/datasets/cdbg-income-limits.html","OHCS workbook, MIRL, 2024"
"OHCS-MIRL","OR-JACKSON","120","8","8","139100","2024-06-01","","","https://www.huduser.gov/portal/datasets/cdbg-income-limits.html","OHCS workbook, MIRL, 2024"
"OHCS-MIRL","OR-JOSEPHINE","50","1","1","34790","2024-06-01","","","https://www.huduser.gov/portal/datasets/cdbg-income-limits.html","OHCS workbook, MIRL, 2024"
"OHCS-MIRL","OR-JOSEPHINE","50","2","2","39757","2024-06-01","","","https://www.huduser.gov/portal/datasets/cdbg-income-limits.html","OHCS workbook, MIRL, 2024"
"OHCS-MIRL","OR-JOSEPHINE","50","3","3","44723","2024-06-01","","","https://www.huduser.gov/portal/datasets/cdbg-income-limits.html","OHCS workbook, MIRL, 2024"
"OHCS-MIRL","OR-JOSEPHINE","50","4","4","49715","2024-06-01","","","https://www.huduser.gov/portal/datasets/cdbg-income-limits.html","OHCS workbook, MIRL, 2024"
"OHCS-MIRL","OR-JOSEPHINE","50","5","5","53683","2024-06-01","","","https://www.huduser.gov/portal/datasets/cdbg-income-limits.html","OHCS workbook, MIRL, 2024"
"OHCS-MIRL","OR-JOSEPHINE","50","6","6","57651","2024-06-01","","","https://www.huduser.gov/portal/datasets/cdbg-income-limits.html","OHCS workbook, MIRL, 2024"
"OHCS-MIRL","OR-JOSEPHINE","50","7","7","61645","2024-06-01","","","https://www.huduser.gov/portal/datasets/cdbg-income-limits.html","OHCS workbook, MIRL, 2024"
"OHCS-MIRL","OR-JOSEPHINE","50","8","8","65613","2024-06-01","","","https://www.huduser.gov/portal/datasets/cdbg-income-limits.html","OHCS workbook, MIRL, 2024"
"OHCS-MIRL","OR-JOSEPHINE","80","1","1","43488","2024-06-01","","","https://www.huduser.gov/portal/datasets/cdbg-income-limits.html","OHCS workbook, MIRL, 2024"
"OHCS-MIRL","OR-JOSEPHINE","80","2","2","49696","2024-06-01","","","https://www.huduser.gov/portal/datasets/cdbg-income-limits.html","OHCS workbook, MIRL, 2024"
"OHCS-MIRL","OR-JOSEPHINE","80","3","3","55904","2024-06-01","","","https://www.huduser.gov/portal/datasets/cdbg-income-limits.html","OHCS workbook, MIRL, 2024"
"OHCS-MIRL","OR-JOSEPHINE","80","4","4","62144","2024-06-01","","","https://www.huduser.gov/portal/datasets/cdbg-income-limits.html","OHCS workbook, MIRL, 2024"
"OHCS-MIRL","OR-JOSEPHINE","80","5","5","67104","2024-06-01","","","https://www.huduser.gov/portal/datasets/cdbg-income-limits.html","OHCS workbook, MIRL, 2024"
"OHCS-MIRL","OR-JOSEPHINE","80","6","6","72064","2024-06-01","","","https://www.huduser.gov/portal/datasets/cdbg-income-limits.html","OHCS workbook, MIRL, 2024"
"OHCS-MIRL","OR-JOSEPHINE","80","7","7","77056","2024-06-01","","","https://www.huduser.gov/portal/datasets/cdbg-income-limits.html","OHCS workbook, MIRL, 2024"
"OHCS-MIRL","OR-JOSEPHINE","80","8","8","82016","2024-06-01","","","https://www.huduser.gov/portal/datasets/cdbg-income-limits.html","OHCS workbook, MIRL, 2024"
"OHCS-MIRL","OR-JOSEPHINE","100","1","1","54360","2024-06-01","","","https://www.huduser.gov/portal/datasets/cdbg-income-limits.html","OHCS workbook, MIRL, 2024"
"OHCS-MIRL","OR-JOSEPHINE","100","2","2","62120","2024-06-01","","","https://www.huduser.gov/portal/datasets/cdbg-income-limits.html","OHCS workbook, MIRL, 2024"
"OHCS-MIRL","OR-JOSEPHINE","100","3","3","69880","2024-06-01","","","https://www.huduser.gov/portal/datasets/cdbg-income-limits.html","OHCS workbook, MIRL, 2024"
"OHCS-MIRL","OR-JOSEPHINE","100","4","4","77680","2024-06-01","","","https://www.huduser.gov/portal/datasets/cdbg-income-limits.html","OHCS workbook, MIRL, 2024"
"OHCS-MIRL","OR-JOSEPHINE","100","5","5","83880","2024-06-01","","","https://www.huduser.gov/portal/datasets/cdbg-income-limits.html","OHCS workbook, MIRL, 2024"
"OHCS-MIRL","OR-JOSEPHINE","100","6","6","90080","2024-06-01","","","https://www.huduser.gov/portal/datasets/cdbg-income-limits.html","OHCS workbook, MIRL, 2024"
"OHCS-MIRL","OR-JOSEPHINE","100","7","7","96320","2024-06-01","","","https://www.huduser.gov/portal/datasets/cdbg-income-limits.html","OHCS workbook, MIRL, 2024"
"OHCS-MIRL","OR-JOSEPHINE","100","8","8","102520","2024-06-01","","","https://www.huduser.gov/portal/datasets/cdbg-income-limits.html","OHCS workbook, MIRL, 2024"
"OHCS-MIRL","OR-JOSEPHINE","120","1","1","67950","2024-06-01","","","https://www.huduser.gov/portal/datasets/cdbg-income-limits.html","OHCS workbook, MIRL, 2024"
"OHCS-MIRL","OR-JOSEPHINE","120","2","2","77650","2024-06-01","","","https://www.huduser.gov/portal/datasets/cdbg-income-limits.html","OHCS workbook, MIRL, 2024"
"OHCS-MIRL","OR-JOSEPHINE","120","3","3","87350","2024-06-01","","","https://www.huduser.gov/portal/datasets/cdbg-income-limits.html","OHCS workbook, MIRL, 2024"
"OHCS-MIRL","OR-JOSEPHINE","120","4","4","97100","2024-06-01","","","https://www.huduser.gov/portal/datasets/cdbg-income-limits.html","OHCS workbook, MIRL, 2024"
"OHCS-MIRL","OR-JOSEPHINE","120","5","5","104850","2024-06-01","","","https://www.huduser.gov/portal/datasets/cdbg-income-limits.html","OHCS workbook, MIRL, 2024"
"OHCS-MIRL","OR-JOSEPHINE","120","6","6","112600","2024-06-01","","","https://www.huduser.gov/portal/datasets/cdbg-income-limits.html","OHCS workbook, MIRL, 2024"
"OHCS-MIRL","OR-JOSEPHINE","120","7","7","120400","2024-06-01","","","https://www.huduser.gov/portal/datasets/cdbg-income-limits.html","OHCS workbook, MIRL, 2024"
"OHCS-MIRL","OR-JOSEPHINE","120","8","8","128150","2024-06-01","","","https://www.huduser.gov/portal/datasets/cdbg-income-limits.html","OHCS workbook, MIRL, 2024"
"OHCS-THGF","OR-JACKSON","50","1","1","34333","2026-06-30","","","https://www.huduser.gov/portal/datasets/cdbg-income-limits.html","OHCS workbook, THGF, 2026"
"OHCS-THGF","OR-JACKSON","50","2","2","39250","2026-06-30","","","https://www.huduser.gov/portal/datasets/cdbg-income-limits.html","OHCS workbook, THGF, 2026"
"OHCS-THGF","OR-JACKSON","50","3","3","44146","2026-06-30","","","https://www.huduser.gov/portal/datasets/cdbg-income-limits.html","OHCS workbook, THGF, 2026"
"OHCS-THGF","OR-JACKSON","50","4","4","49042","2026-06-30","","","https://www.huduser.gov/portal/datasets/cdbg-income-limits.html","OHCS workbook, THGF, 2026"
"OHCS-THGF","OR-JACKSON","50","5","5","52979","2026-06-30","","","https://www.huduser.gov/portal/datasets/cdbg-income-limits.html","OHCS workbook, THGF, 2026"
"OHCS-THGF","OR-JACKSON","50","6","6","56896","2026-06-30","","","https://www.huduser.gov/portal/datasets/cdbg-income-limits.html","OHCS workbook, THGF, 2026"
"OHCS-THGF","OR-JACKSON","50","7","7","60813","2026-06-30","","","https://www.huduser.gov/portal/datasets/cdbg-income-limits.html","OHCS workbook, THGF, 2026"
"OHCS-THGF","OR-JACKSON","50","8","8","64750","2026-06-30","","","https://www.huduser.gov/portal/datasets/cdbg-income-limits.html","OHCS workbook, THGF, 2026"
"OHCS-THGF","OR-JACKSON","80","1","1","54933","2026-06-30","","","https://www.huduser.gov/portal/datasets/cdbg-income-limits.html","OHCS workbook, THGF, 2026"
"OHCS-THGF","OR-JACKSON","80","2","2","62800","2026-06-30","","","https://www.huduser.gov/portal/datasets/cdbg-income-limits.html","OHCS workbook, THGF, 2026"
"OHCS-THGF","OR-JACKSON","80","3","3","70633","2026-06-30","","","https://www.huduser.gov/portal/datasets/cdbg-income-limits.html","OHCS workbook, THGF, 2026"
"OHCS-THGF","OR-JACKSON","80","4","4","78467","2026-06-30","","","https://www.huduser.gov/portal/datasets/cdbg-income-limits.html","OHCS workbook, THGF, 2026"
"OHCS-THGF","OR-JACKSON","80","5","5","84767","2026-06-30","","","https://www.huduser.gov/portal/datasets/cdbg-income-limits.html","OHCS workbook, THGF, 2026"
"OHCS-THGF","OR-JACKSON","80","6","6","91033","2026-06-30","","","https://www.huduser.gov/portal/datasets/cdbg-income-limits.html","OHCS workbook, THGF, 2026"
"OHCS-THGF","OR-JACKSON","80","7","7","97300","2026-06-30","","","https://www.huduser.gov/portal/datasets/cdbg-income-limits.html","OHCS workbook, THGF, 2026"
"OHCS-THGF","OR-JACKSON","80","8","8","103600","2026-06-30","","","https://www.huduser.gov/portal/datasets/cdbg-income-limits.html","OHCS workbook, THGF, 2026"
"OHCS-THGF","OR-JACKSON","100","1","1","68667","2026-06-30","","","https://www.huduser.gov/portal/datasets/cdbg-income-limits.html","OHCS workbook, THGF, 2026"
"OHCS-THGF","OR-JACKSON","100","2","2","78500","2026-06-30","","","https://www.huduser.gov/portal/datasets/cdbg-income-limits.html","OHCS workbook, THGF, 2026"
"OHCS-THGF","OR-JACKSON","100","3","3","88292","2026-06-30","","","https://www.huduser.gov/portal/datasets/cdbg-income-limits.html","OHCS workbook, THGF, 2026"
"OHCS-THGF","OR-JACKSON","100","4","4","98083","2026-06-30","","","https://www.huduser.gov/portal/datasets/cdbg-income-limits.html","OHCS workbook, THGF, 2026"
"OHCS-THGF","OR-JACKSON","100","5","5","105958","2026-06-30","","","https://www.huduser.gov/portal/datasets/cdbg-income-limits.html","OHCS workbook, THGF, 2026"
"OHCS-THGF","OR-JACKSON","100","6","6","113792","2026-06-30","","","https://www.huduser.gov/portal/datasets/cdbg-income-limits.html","OHCS workbook, THGF, 2026"
"OHCS-THGF","OR-JACKSON","100","7","7","121625","2026-06-30","","","https://www.huduser.gov/portal/datasets/cdbg-income-limits.html","OHCS workbook, THGF, 2026"
"OHCS-THGF","OR-JACKSON","100","8","8","129500","2026-06-30","","","https://www.huduser.gov/portal/datasets/cdbg-income-limits.html","OHCS workbook, THGF, 2026"
"OHCS-THGF","OR-JACKSON","120","1","1","82400","2026-06-30","","","https://www.huduser.gov/portal/datasets/cdbg-income-limits.html","OHCS workbook, THGF, 2026"
"OHCS-THGF","OR-JACKSON","120","2","2","94200","2026-06-30","","","https://www.huduser.gov/portal/datasets/cdbg-income-limits.html","OHCS workbook, THGF, 2026"
"OHCS-THGF","OR-JACKSON","120","3","3","105950","2026-06-30","","","https://www.huduser.gov/portal/datasets/cdbg-income-limits.html","OHCS workbook, THGF, 2026"
"OHCS-THGF","OR-JACKSON","120","4","4","117700","2026-06-30","","","https://www.huduser.gov/portal/datasets/cdbg-income-limits.html","OHCS workbook, THGF, 2026"
"OHCS-THGF","OR-JACKSON","120","5","5","127150","2026-06-30","","","https://www.huduser.gov/portal/datasets/cdbg-income-limits.html","OHCS workbook, THGF, 2026"
"OHCS-THGF","OR-JACKSON","120","6","6","136550","2026-06-30","","","https://www.huduser.gov/portal/datasets/cdbg-income-limits.html","OHCS workbook, THGF, 2026"
"OHCS-THGF","OR-JACKSON","120","7","7","145950","2026-06-30","","","https://www.huduser.gov/portal/datasets/cdbg-income-limits.html","OHCS workbook, THGF, 2026"
"OHCS-THGF","OR-JACKSON","120","8","8","155400","2026-06-30","","","https://www.huduser.gov/portal/datasets/cdbg-income-limits.html","OHCS workbook, THGF, 2026"
"OHCS-THGF","OR-JOSEPHINE","50","1","1","29250","2026-06-30","","","https://www.huduser.gov/portal/datasets/cdbg-income-limits.html","OHCS workbook, THGF, 2026"
"OHCS-THGF","OR-JOSEPHINE","50","2","2","33438","2026-06-30","","","https://www.huduser.gov/portal/datasets/cdbg-income-limits.html","OHCS workbook, THGF, 2026"
"OHCS-THGF","OR-JOSEPHINE","50","3","3","37625","2026-06-30","","","https://www.huduser.gov/portal/datasets/cdbg-income-limits.html","OHCS workbook, THGF, 2026"
"OHCS-THGF","OR-JOSEPHINE","50","4","4","41792","2026-06-30","","","https://www.huduser.gov/portal/datasets/cdbg-income-limits.html","OHCS workbook, THGF, 2026"
"OHCS-THGF","OR-JOSEPHINE","50","5","5","45146","2026-06-30","","","https://www.huduser.gov/portal/datasets/cdbg-income-limits.html","OHCS workbook, THGF, 2026"
"OHCS-THGF","OR-JOSEPHINE","50","6","6","48479","2026-06-30","","","https://www.huduser.gov/portal/datasets/cdbg-income-limits.html","OHCS workbook, THGF, 2026"
"OHCS-THGF","OR-JOSEPHINE","50","7","7","51833","2026-06-30","","","https://www.huduser.gov/portal/datasets/cdbg-income-limits.html","OHCS workbook, THGF, 2026"
"OHCS-THGF","OR-JOSEPHINE","50","8","8","55167","2026-06-30","","","https://www.huduser.gov/portal/datasets/cdbg-income-limits.html","OHCS workbook, THGF, 2026"
"OHCS-THGF","OR-JOSEPHINE","80","1","1","46800","2026-06-30","","","https://www.huduser.gov/portal/datasets/cdbg-income-limits.html","OHCS workbook, THGF, 2026"
"OHCS-THGF","OR-JOSEPHINE","80","2","2","53500","2026-06-30","","","https://www.huduser.gov/portal/datasets/cdbg-income-limits.html","OHCS workbook, THGF, 2026"
"OHCS-THGF","OR-JOSEPHINE","80","3","3","60200","2026-06-30","","","https://www.huduser.gov/portal/datasets/cdbg-income-limits.html","OHCS workbook, THGF, 2026"
"OHCS-THGF","OR-JOSEPHINE","80","4","4","66867","2026-06-30","","","https://www.huduser.gov/portal/datasets/cdbg-income-limits.html","OHCS workbook, THGF, 2026"
"OHCS-THGF","OR-JOSEPHINE","80","5","5","72233","2026-06-30","","","https://www.huduser.gov/portal/datasets/cdbg-income-limits.html","OHCS workbook, THGF, 2026"
"OHCS-THGF","OR-JOSEPHINE","80","6","6","77567","2026-06-30","","","https://www.huduser.gov/portal/datasets/cdbg-income-limits.html","OHCS workbook, THGF, 2026"
"OHCS-THGF","OR-JOSEPHINE","80","7","7","82933","2026-06-30","","","https://www.huduser.gov/portal/datasets/cdbg-income-limits.html","OHCS workbook, THGF, 2026"
"OHCS-THGF","OR-JOSEPHINE","80","8","8","88267","2026-06-30","","","https://www.huduser.gov/portal/datasets/cdbg-income-limits.html","OHCS workbook, THGF, 2026"
"OHCS-THGF","OR-JOSEPHINE","100","1","1","58500","2026-06-30","","","https://www.huduser.gov/portal/datasets/cdbg-income-limits.html","OHCS workbook, THGF, 2026"
"OHCS-THGF","OR-JOSEPHINE","100","2","2","66875","2026-06-30","","","https://www.huduser.gov/portal/datasets/cdbg-income-limits.html","OHCS workbook, THGF, 2026"
"OHCS-THGF","OR-JOSEPHINE","100","3","3","75250","2026-06-30","","","https://www.huduser.gov/portal/datasets/cdbg-income-limits.html","OHCS workbook, THGF, 2026"
"OHCS-THGF","OR-JOSEPHINE","100","4","4","83583","2026-06-30","","","https://www.huduser.gov/portal/datasets/cdbg-income-limits.html","OHCS workbook, THGF, 2026"
"OHCS-THGF","OR-JOSEPHINE","100","5","5","90292","2026-06-30","","","https://www.huduser.gov/portal/datasets/cdbg-income-limits.html","OHCS workbook, THGF, 2026"
"OHCS-THGF","OR-JOSEPHINE","100","6","6","96958","2026-06-30","","","https://www.huduser.gov/portal/datasets/cdbg-income-limits.html","OHCS workbook, THGF, 2026"
"OHCS-THGF","OR-JOSEPHINE","100","7","7","103667","2026-06-30","","","https://www.huduser.gov/portal/datasets/cdbg-income-limits.html","OHCS workbook, THGF, 2026"
"OHCS-THGF","OR-JOSEPHINE","100","8","8","110333","2026-06-30","","","https://www.huduser.gov/portal/datasets/cdbg-income-limits.html","OHCS workbook, THGF, 2026"
"OHCS-THGF","OR-JOSEPHINE","120","1","1","70200","2026-06-30","","","https://www.huduser.gov/portal/datasets/cdbg-income-limits.html","OHCS workbook, THGF, 2026"
"OHCS-THGF","OR-JOSEPHINE","120","2","2","80250","2026-06-30","","","https://www.huduser.gov/portal/datasets/cdbg-income-limits.html","OHCS workbook, THGF, 2026"
"OHCS-THGF","OR-JOSEPHINE","120","3","3","90300","2026-06-30","","","https://www.huduser.gov/portal/datasets/cdbg-income-limits.html","OHCS workbook, THGF, 2026"
"OHCS-THGF","OR-JOSEPHINE","120","4","4","100300","2026-06-30","","","https://www.huduser.gov/portal/datasets/cdbg-income-limits.html","OHCS workbook, THGF, 2026"
"OHCS-THGF","OR-JOSEPHINE","120","5","5","108350","2026-06-30","","","https://www.huduser.gov/portal/datasets/cdbg-income-limits.html","OHCS workbook, THGF, 2026"
"OHCS-THGF","OR-JOSEPHINE","120","6","6","116350","2026-06-30","","","https://www.huduser.gov/portal/datasets/cdbg-income-limits.html","OHCS workbook, THGF, 2026"
"OHCS-THGF","OR-JOSEPHINE","120","7","7","124400","2026-06-30","","","https://www.huduser.gov/portal/datasets/cdbg-income-limits.html","OHCS workbook, THGF, 2026"
"OHCS-THGF","OR-JOSEPHINE","120","8","8","132400","2026-06-30","","","https://www.huduser.gov/portal/datasets/cdbg-income-limits.html","OHCS workbook, THGF, 2026"
