"standard_id","area_id","tier_pct","rent_kind","bedrooms","amount","effective_date","expires_date","source_url","notes"
"HUD-MTSP-HERA","OR-JACKSON","20","max_rent","0","322","2024-04-01","","https://www.huduser.gov/portal/datasets/mtsp.html#data_2026","OHCS workbook, MTSP HERA Special, 2024"
"HUD-MTSP-HERA","OR-JACKSON","20","max_rent","1","345","2024-04-01","","https://www.huduser.gov/portal/datasets/mtsp.html#data_2026","OHCS workbook, MTSP HERA Special, 2024"
"HUD-MTSP-HERA","OR-JACKSON","20","max_rent","2","414","2024-04-01","","https://www.huduser.gov/portal/datasets/mtsp.html#data_2026","OHCS workbook, MTSP HERA Special, 2024"
"HUD-MTSP-HERA","OR-JACKSON","20","max_rent","3","478","2024-04-01","","https://www.huduser.gov/portal/datasets/mtsp.html#data_2026","OHCS workbook, MTSP HERA Special, 2024"
"HUD-MTSP-HERA","OR-JACKSON","20","max_rent","4","534","2024-04-01","","https://www.huduser.gov/portal/datasets/mtsp.html#data_2026","OHCS workbook, MTSP HERA Special, 2024"
"HUD-MTSP-HERA","OR-JACKSON","20","max_rent","5","589","2024-04-01","","https://www.huduser.gov/portal/datasets/mtsp.html#data_2026","OHCS workbook, MTSP HERA Special, 2024"
"HUD-MTSP-HERA","OR-JACKSON","20","max_rent_75pct_0br","0","241","2024-04-01","","https://www.huduser.gov/portal/datasets/mtsp.html#data_2026","OHCS workbook, MTSP HERA Special, 2024"
"HUD-MTSP-HERA","OR-JACKSON","30","max_rent","0","483","2024-04-01","","https://www.huduser.gov/portal/datasets/mtsp.html#data_2026","OHCS workbook, MTSP HERA Special, 2024"
"HUD-MTSP-HERA","OR-JACKSON","30","max_rent","1","517","2024-04-01","","https://www.huduser.gov/portal/datasets/mtsp.html#data_2026","OHCS workbook, MTSP HERA Special, 2024"
"HUD-MTSP-HERA","OR-JACKSON","30","max_rent","2","621","2024-04-01","","https://www.huduser.gov/portal/datasets/mtsp.html#data_2026","OHCS workbook, MTSP HERA Special, 2024"
"HUD-MTSP-HERA","OR-JACKSON","30","max_rent","3","717","2024-04-01","","https://www.huduser.gov/portal/datasets/mtsp.html#data_2026","OHCS workbook, MTSP HERA Special, 2024"
"HUD-MTSP-HERA","OR-JACKSON","30","max_rent","4","801","2024-04-01","","https://www.huduser.gov/portal/datasets/mtsp.html#data_2026","OHCS workbook, MTSP HERA Special, 2024"
"HUD-MTSP-HERA","OR-JACKSON","30","max_rent","5","883","2024-04-01","","https://www.huduser.gov/portal/datasets/mtsp.html#data_2026","OHCS workbook, MTSP HERA Special, 2024"
"HUD-MTSP-HERA","OR-JACKSON","30","max_rent_75pct_0br","0","362","2024-04-01","","https://www.huduser.gov/portal/datasets/mtsp.html#data_2026","OHCS workbook, MTSP HERA Special, 2024"
"HUD-MTSP-HERA","OR-JACKSON","35","max_rent","0","563","2024-04-01","","https://www.huduser.gov/portal/datasets/mtsp.html#data_2026","OHCS workbook, MTSP HERA Special, 2024"
"HUD-MTSP-HERA","OR-JACKSON","35","max_rent","1","603","2024-04-01","","https://www.huduser.gov/portal/datasets/mtsp.html#data_2026","OHCS workbook, MTSP HERA Special, 2024"
"HUD-MTSP-HERA","OR-JACKSON","35","max_rent","2","724","2024-04-01","","https://www.huduser.gov/portal/datasets/mtsp.html#data_2026","OHCS workbook, MTSP HERA Special, 2024"
"HUD-MTSP-HERA","OR-JACKSON","35","max_rent","3","837","2024-04-01","","https://www.huduser.gov/portal/datasets/mtsp.html#data_2026","OHCS workbook, MTSP HERA Special, 2024"
"HUD-MTSP-HERA","OR-JACKSON","35","max_rent","4","934","2024-04-01","","https://www.huduser.gov/portal/datasets/mtsp.html#data_2026","OHCS workbook, MTSP HERA Special, 2024"
"HUD-MTSP-HERA","OR-JACKSON","35","max_rent","5","1030","2024-04-01","","https://www.huduser.gov/portal/datasets/mtsp.html#data_2026","OHCS workbook, MTSP HERA Special, 2024"
"HUD-MTSP-HERA","OR-JACKSON","35","max_rent_75pct_0br","0","422","2024-04-01","","https://www.huduser.gov/portal/datasets/mtsp.html#data_2026","OHCS workbook, MTSP HERA Special, 2024"
"HUD-MTSP-HERA","OR-JACKSON","40","max_rent","0","644","2024-04-01","","https://www.huduser.gov/portal/datasets/mtsp.html#data_2026","OHCS workbook, MTSP HERA Special, 2024"
"HUD-MTSP-HERA","OR-JACKSON","40","max_rent","1","690","2024-04-01","","https://www.huduser.gov/portal/datasets/mtsp.html#data_2026","OHCS workbook, MTSP HERA Special, 2024"
"HUD-MTSP-HERA","OR-JACKSON","40","max_rent","2","828","2024-04-01","","https://www.huduser.gov/portal/datasets/mtsp.html#data_2026","OHCS workbook, MTSP HERA Special, 2024"
"HUD-MTSP-HERA","OR-JACKSON","40","max_rent","3","957","2024-04-01","","https://www.huduser.gov/portal/datasets/mtsp.html#data_2026","OHCS workbook, MTSP HERA Special, 2024"
"HUD-MTSP-HERA","OR-JACKSON","40","max_rent","4","1068","2024-04-01","","https://www.huduser.gov/portal/datasets/mtsp.html#data_2026","OHCS workbook, MTSP HERA Special, 2024"
"HUD-MTSP-HERA","OR-JACKSON","40","max_rent","5","1178","2024-04-01","","https://www.huduser.gov/portal/datasets/mtsp.html#data_2026","OHCS workbook, MTSP HERA Special, 2024"
"HUD-MTSP-HERA","OR-JACKSON","40","max_rent_75pct_0br","0","483","2024-04-01","","https://www.huduser.gov/portal/datasets/mtsp.html#data_2026","OHCS workbook, MTSP HERA Special, 2024"
"HUD-MTSP-HERA","OR-JACKSON","45","max_rent","0","724","2024-04-01","","https://www.huduser.gov/portal/datasets/mtsp.html#data_2026","OHCS workbook, MTSP HERA Special, 2024"
"HUD-MTSP-HERA","OR-JACKSON","45","max_rent","1","776","2024-04-01","","https://www.huduser.gov/portal/datasets/mtsp.html#data_2026","OHCS workbook, MTSP HERA Special, 2024"
"HUD-MTSP-HERA","OR-JACKSON","45","max_rent","2","931","2024-04-01","","https://www.huduser.gov/portal/datasets/mtsp.html#data_2026","OHCS workbook, MTSP HERA Special, 2024"
"HUD-MTSP-HERA","OR-JACKSON","45","max_rent","3","1076","2024-04-01","","https://www.huduser.gov/portal/datasets/mtsp.html#data_2026","OHCS workbook, MTSP HERA Special, 2024"
"HUD-MTSP-HERA","OR-JACKSON","45","max_rent","4","1201","2024-04-01","","https://www.huduser.gov/portal/datasets/mtsp.html#data_2026","OHCS workbook, MTSP HERA Special, 2024"
"HUD-MTSP-HERA","OR-JACKSON","45","max_rent","5","1325","2024-04-01","","https://www.huduser.gov/portal/datasets/mtsp.html#data_2026","OHCS workbook, MTSP HERA Special, 2024"
"HUD-MTSP-HERA","OR-JACKSON","45","max_rent_75pct_0br","0","543","2024-04-01","","https://www.huduser.gov/portal/datasets/mtsp.html#data_2026","OHCS workbook, MTSP HERA Special, 2024"
"HUD-MTSP-HERA","OR-JACKSON","50","max_rent","0","805","2024-04-01","","https://www.huduser.gov/portal/datasets/mtsp.html#data_2026","OHCS workbook, MTSP HERA Special, 2024"
"HUD-MTSP-HERA","OR-JACKSON","50","max_rent","1","862","2024-04-01","","https://www.huduser.gov/portal/datasets/mtsp.html#data_2026","OHCS workbook, MTSP HERA Special, 2024"
"HUD-MTSP-HERA","OR-JACKSON","50","max_rent","2","1035","2024-04-01","","https://www.huduser.gov/portal/datasets/mtsp.html#data_2026","OHCS workbook, MTSP HERA Special, 2024"
"HUD-MTSP-HERA","OR-JACKSON","50","max_rent","3","1196","2024-04-01","","https://www.huduser.gov/portal/datasets/mtsp.html#data_2026","OHCS workbook, MTSP HERA Special, 2024"
"HUD-MTSP-HERA","OR-JACKSON","50","max_rent","4","1335","2024-04-01","","https://www.huduser.gov/portal/datasets/mtsp.html#data_2026","OHCS workbook, MTSP HERA Special, 2024"
"HUD-MTSP-HERA","OR-JACKSON","50","max_rent","5","1472","2024-04-01","","https://www.huduser.gov/portal/datasets/mtsp.html#data_2026","OHCS workbook, MTSP HERA Special, 2024"
"HUD-MTSP-HERA","OR-JACKSON","50","max_rent_75pct_0br","0","603","2024-04-01","","https://www.huduser.gov/portal/datasets/mtsp.html#data_2026","OHCS workbook, MTSP HERA Special, 2024"
"HUD-MTSP-HERA","OR-JACKSON","55","max_rent","0","885","2024-04-01","","https://www.huduser.gov/portal/datasets/mtsp.html#data_2026","OHCS workbook, MTSP HERA Special, 2024"
"HUD-MTSP-HERA","OR-JACKSON","55","max_rent","1","948","2024-04-01","","https://www.huduser.gov/portal/datasets/mtsp.html#data_2026","OHCS workbook, MTSP HERA Special, 2024"
"HUD-MTSP-HERA","OR-JACKSON","55","max_rent","2","1138","2024-04-01","","https://www.huduser.gov/portal/datasets/mtsp.html#data_2026","OHCS workbook, MTSP HERA Special, 2024"
"HUD-MTSP-HERA","OR-JACKSON","55","max_rent","3","1315","2024-04-01","","https://www.huduser.gov/portal/datasets/mtsp.html#data_2026","OHCS workbook, MTSP HERA Special, 2024"
"HUD-MTSP-HERA","OR-JACKSON","55","max_rent","4","1468","2024-04-01","","https://www.huduser.gov/portal/datasets/mtsp.html#data_2026","OHCS workbook, MTSP HERA Special, 2024"
"HUD-MTSP-HERA","OR-JACKSON","55","max_rent","5","1619","2024-04-01","","https://www.huduser.gov/portal/datasets/mtsp.html#data_2026","OHCS workbook, MTSP HERA Special, 2024"
"HUD-MTSP-HERA","OR-JACKSON","55","max_rent_75pct_0br","0","663","2024-04-01","","https://www.huduser.gov/portal/datasets/mtsp.html#data_2026","OHCS workbook, MTSP HERA Special, 2024"
"HUD-MTSP-HERA","OR-JACKSON","60","max_rent","0","966","2024-04-01","","https://www.huduser.gov/portal/datasets/mtsp.html#data_2026","OHCS workbook, MTSP HERA Special, 2024"
"HUD-MTSP-HERA","OR-JACKSON","60","max_rent","1","1035","2024-04-01","","https://www.huduser.gov/portal/datasets/mtsp.html#data_2026","OHCS workbook, MTSP HERA Special, 2024"
"HUD-MTSP-HERA","OR-JACKSON","60","max_rent","2","1242","2024-04-01","","https://www.huduser.gov/portal/datasets/mtsp.html#data_2026","OHCS workbook, MTSP HERA Special, 2024"
"HUD-MTSP-HERA","OR-JACKSON","60","max_rent","3","1435","2024-04-01","","https://www.huduser.gov/portal/datasets/mtsp.html#data_2026","OHCS workbook, MTSP HERA Special, 2024"
"HUD-MTSP-HERA","OR-JACKSON","60","max_rent","4","1602","2024-04-01","","https://www.huduser.gov/portal/datasets/mtsp.html#data_2026","OHCS workbook, MTSP HERA Special, 2024"
"HUD-MTSP-HERA","OR-JACKSON","60","max_rent","5","1767","2024-04-01","","https://www.huduser.gov/portal/datasets/mtsp.html#data_2026","OHCS workbook, MTSP HERA Special, 2024"
"HUD-MTSP-HERA","OR-JACKSON","60","max_rent_75pct_0br","0","724","2024-04-01","","https://www.huduser.gov/portal/datasets/mtsp.html#data_2026","OHCS workbook, MTSP HERA Special, 2024"
"HUD-MTSP-HERA","OR-JACKSON","70","max_rent","0","1127","2024-04-01","","https://www.huduser.gov/portal/datasets/mtsp.html#data_2026","OHCS workbook, MTSP HERA Special, 2024"
"HUD-MTSP-HERA","OR-JACKSON","70","max_rent","1","1207","2024-04-01","","https://www.huduser.gov/portal/datasets/mtsp.html#data_2026","OHCS workbook, MTSP HERA Special, 2024"
"HUD-MTSP-HERA","OR-JACKSON","70","max_rent","2","1449","2024-04-01","","https://www.huduser.gov/portal/datasets/mtsp.html#data_2026","OHCS workbook, MTSP HERA Special, 2024"
"HUD-MTSP-HERA","OR-JACKSON","70","max_rent","3","1674","2024-04-01","","https://www.huduser.gov/portal/datasets/mtsp.html#data_2026","OHCS workbook, MTSP HERA Special, 2024"
"HUD-MTSP-HERA","OR-JACKSON","70","max_rent","4","1869","2024-04-01","","https://www.huduser.gov/portal/datasets/mtsp.html#data_2026","OHCS workbook, MTSP HERA Special, 2024"
"HUD-MTSP-HERA","OR-JACKSON","70","max_rent","5","2061","2024-04-01","","https://www.huduser.gov/portal/datasets/mtsp.html#data_2026","OHCS workbook, MTSP HERA Special, 2024"
"HUD-MTSP-HERA","OR-JACKSON","70","max_rent_75pct_0br","0","845","2024-04-01","","https://www.huduser.gov/portal/datasets/mtsp.html#data_2026","OHCS workbook, MTSP HERA Special, 2024"
"HUD-MTSP-HERA","OR-JACKSON","80","max_rent","0","1288","2024-04-01","","https://www.huduser.gov/portal/datasets/mtsp.html#data_2026","OHCS workbook, MTSP HERA Special, 2024"
"HUD-MTSP-HERA","OR-JACKSON","80","max_rent","1","1380","2024-04-01","","https://www.huduser.gov/portal/datasets/mtsp.html#data_2026","OHCS workbook, MTSP HERA Special, 2024"
"HUD-MTSP-HERA","OR-JACKSON","80","max_rent","2","1656","2024-04-01","","https://www.huduser.gov/portal/datasets/mtsp.html#data_2026","OHCS workbook, MTSP HERA Special, 2024"
"HUD-MTSP-HERA","OR-JACKSON","80","max_rent","3","1914","2024-04-01","","https://www.huduser.gov/portal/datasets/mtsp.html#data_2026","OHCS workbook, MTSP HERA Special, 2024"
"HUD-MTSP-HERA","OR-JACKSON","80","max_rent","4","2136","2024-04-01","","https://www.huduser.gov/portal/datasets/mtsp.html#data_2026","OHCS workbook, MTSP HERA Special, 2024"
"HUD-MTSP-HERA","OR-JACKSON","80","max_rent","5","2356","2024-04-01","","https://www.huduser.gov/portal/datasets/mtsp.html#data_2026","OHCS workbook, MTSP HERA Special, 2024"
"HUD-MTSP-HERA","OR-JACKSON","80","max_rent_75pct_0br","0","966","2024-04-01","","https://www.huduser.gov/portal/datasets/mtsp.html#data_2026","OHCS workbook, MTSP HERA Special, 2024"
"HUD-MTSP-HERA","OR-JACKSON","20","max_rent","0","339","2025-04-01","","https://www.huduser.gov/portal/datasets/mtsp.html#data_2026","OHCS workbook, MTSP HERA Special, 2025"
"HUD-MTSP-HERA","OR-JACKSON","20","max_rent","1","363","2025-04-01","","https://www.huduser.gov/portal/datasets/mtsp.html#data_2026","OHCS workbook, MTSP HERA Special, 2025"
"HUD-MTSP-HERA","OR-JACKSON","20","max_rent","2","436","2025-04-01","","https://www.huduser.gov/portal/datasets/mtsp.html#data_2026","OHCS workbook, MTSP HERA Special, 2025"
"HUD-MTSP-HERA","OR-JACKSON","20","max_rent","3","503","2025-04-01","","https://www.huduser.gov/portal/datasets/mtsp.html#data_2026","OHCS workbook, MTSP HERA Special, 2025"
"HUD-MTSP-HERA","OR-JACKSON","20","max_rent","4","561","2025-04-01","","https://www.huduser.gov/portal/datasets/mtsp.html#data_2026","OHCS workbook, MTSP HERA Special, 2025"
"HUD-MTSP-HERA","OR-JACKSON","20","max_rent","5","619","2025-04-01","","https://www.huduser.gov/portal/datasets/mtsp.html#data_2026","OHCS workbook, MTSP HERA Special, 2025"
"HUD-MTSP-HERA","OR-JACKSON","20","max_rent_75pct_0br","0","254","2025-04-01","","https://www.huduser.gov/portal/datasets/mtsp.html#data_2026","OHCS workbook, MTSP HERA Special, 2025"
"HUD-MTSP-HERA","OR-JACKSON","30","max_rent","0","508","2025-04-01","","https://www.huduser.gov/portal/datasets/mtsp.html#data_2026","OHCS workbook, MTSP HERA Special, 2025"
"HUD-MTSP-HERA","OR-JACKSON","30","max_rent","1","544","2025-04-01","","https://www.huduser.gov/portal/datasets/mtsp.html#data_2026","OHCS workbook, MTSP HERA Special, 2025"
"HUD-MTSP-HERA","OR-JACKSON","30","max_rent","2","654","2025-04-01","","https://www.huduser.gov/portal/datasets/mtsp.html#data_2026","OHCS workbook, MTSP HERA Special, 2025"
"HUD-MTSP-HERA","OR-JACKSON","30","max_rent","3","755","2025-04-01","","https://www.huduser.gov/portal/datasets/mtsp.html#data_2026","OHCS workbook, MTSP HERA Special, 2025"
"HUD-MTSP-HERA","OR-JACKSON","30","max_rent","4","842","2025-04-01","","https://www.huduser.gov/portal/datasets/mtsp.html#data_2026","OHCS workbook, MTSP HERA Special, 2025"
"HUD-MTSP-HERA","OR-JACKSON","30","max_rent","5","929","2025-04-01","","https://www.huduser.gov/portal/datasets/mtsp.html#data_2026","OHCS workbook, MTSP HERA Special, 2025"
"HUD-MTSP-HERA","OR-JACKSON","30","max_rent_75pct_0br","0","381","2025-04-01","","https://www.huduser.gov/portal/datasets/mtsp.html#data_2026","OHCS workbook, MTSP HERA Special, 2025"
"HUD-MTSP-HERA","OR-JACKSON","35","max_rent","0","593","2025-04-01","","https://www.huduser.gov/portal/datasets/mtsp.html#data_2026","OHCS workbook, MTSP HERA Special, 2025"
"HUD-MTSP-HERA","OR-JACKSON","35","max_rent","1","635","2025-04-01","","https://www.huduser.gov/portal/datasets/mtsp.html#data_2026","OHCS workbook, MTSP HERA Special, 2025"
"HUD-MTSP-HERA","OR-JACKSON","35","max_rent","2","763","2025-04-01","","https://www.huduser.gov/portal/datasets/mtsp.html#data_2026","OHCS workbook, MTSP HERA Special, 2025"
"HUD-MTSP-HERA","OR-JACKSON","35","max_rent","3","881","2025-04-01","","https://www.huduser.gov/portal/datasets/mtsp.html#data_2026","OHCS workbook, MTSP HERA Special, 2025"
"HUD-MTSP-HERA","OR-JACKSON","35","max_rent","4","982","2025-04-01","","https://www.huduser.gov/portal/datasets/mtsp.html#data_2026","OHCS workbook, MTSP HERA Special, 2025"
"HUD-MTSP-HERA","OR-JACKSON","35","max_rent","5","1084","2025-04-01","","https://www.huduser.gov/portal/datasets/mtsp.html#data_2026","OHCS workbook, MTSP HERA Special, 2025"
"HUD-MTSP-HERA","OR-JACKSON","35","max_rent_75pct_0br","0","444","2025-04-01","","https://www.huduser.gov/portal/datasets/mtsp.html#data_2026","OHCS workbook, MTSP HERA Special, 2025"
"HUD-MTSP-HERA","OR-JACKSON","40","max_rent","0","678","2025-04-01","","https://www.huduser.gov/portal/datasets/mtsp.html#data_2026","OHCS workbook, MTSP HERA Special, 2025"
"HUD-MTSP-HERA","OR-JACKSON","40","max_rent","1","726","2025-04-01","","https://www.huduser.gov/portal/datasets/mtsp.html#data_2026","OHCS workbook, MTSP HERA Special, 2025"
"HUD-MTSP-HERA","OR-JACKSON","40","max_rent","2","872","2025-04-01","","https://www.huduser.gov/portal/datasets/mtsp.html#data_2026","OHCS workbook, MTSP HERA Special, 2025"
"HUD-MTSP-HERA","OR-JACKSON","40","max_rent","3","1007","2025-04-01","","https://www.huduser.gov/portal/datasets/mtsp.html#data_2026","OHCS workbook, MTSP HERA Special, 2025"
"HUD-MTSP-HERA","OR-JACKSON","40","max_rent","4","1123","2025-04-01","","https://www.huduser.gov/portal/datasets/mtsp.html#data_2026","OHCS workbook, MTSP HERA Special, 2025"
"HUD-MTSP-HERA","OR-JACKSON","40","max_rent","5","1239","2025-04-01","","https://www.huduser.gov/portal/datasets/mtsp.html#data_2026","OHCS workbook, MTSP HERA Special, 2025"
"HUD-MTSP-HERA","OR-JACKSON","40","max_rent_75pct_0br","0","508","2025-04-01","","https://www.huduser.gov/portal/datasets/mtsp.html#data_2026","OHCS workbook, MTSP HERA Special, 2025"
"HUD-MTSP-HERA","OR-JACKSON","45","max_rent","0","762","2025-04-01","","https://www.huduser.gov/portal/datasets/mtsp.html#data_2026","OHCS workbook, MTSP HERA Special, 2025"
"HUD-MTSP-HERA","OR-JACKSON","45","max_rent","1","817","2025-04-01","","https://www.huduser.gov/portal/datasets/mtsp.html#data_2026","OHCS workbook, MTSP HERA Special, 2025"
"HUD-MTSP-HERA","OR-JACKSON","45","max_rent","2","981","2025-04-01","","https://www.huduser.gov/portal/datasets/mtsp.html#data_2026","OHCS workbook, MTSP HERA Special, 2025"
"HUD-MTSP-HERA","OR-JACKSON","45","max_rent","3","1132","2025-04-01","","https://www.huduser.gov/portal/datasets/mtsp.html#data_2026","OHCS workbook, MTSP HERA Special, 2025"
"HUD-MTSP-HERA","OR-JACKSON","45","max_rent","4","1263","2025-04-01","","https://www.huduser.gov/portal/datasets/mtsp.html#data_2026","OHCS workbook, MTSP HERA Special, 2025"
"HUD-MTSP-HERA","OR-JACKSON","45","max_rent","5","1394","2025-04-01","","https://www.huduser.gov/portal/datasets/mtsp.html#data_2026","OHCS workbook, MTSP HERA Special, 2025"
"HUD-MTSP-HERA","OR-JACKSON","45","max_rent_75pct_0br","0","571","2025-04-01","","https://www.huduser.gov/portal/datasets/mtsp.html#data_2026","OHCS workbook, MTSP HERA Special, 2025"
"HUD-MTSP-HERA","OR-JACKSON","50","max_rent","0","847","2025-04-01","","https://www.huduser.gov/portal/datasets/mtsp.html#data_2026","OHCS workbook, MTSP HERA Special, 2025"
"HUD-MTSP-HERA","OR-JACKSON","50","max_rent","1","908","2025-04-01","","https://www.huduser.gov/portal/datasets/mtsp.html#data_2026","OHCS workbook, MTSP HERA Special, 2025"
"HUD-MTSP-HERA","OR-JACKSON","50","max_rent","2","1090","2025-04-01","","https://www.huduser.gov/portal/datasets/mtsp.html#data_2026","OHCS workbook, MTSP HERA Special, 2025"
"HUD-MTSP-HERA","OR-JACKSON","50","max_rent","3","1258","2025-04-01","","https://www.huduser.gov/portal/datasets/mtsp.html#data_2026","OHCS workbook, MTSP HERA Special, 2025"
"HUD-MTSP-HERA","OR-JACKSON","50","max_rent","4","1403","2025-04-01","","https://www.huduser.gov/portal/datasets/mtsp.html#data_2026","OHCS workbook, MTSP HERA Special, 2025"
"HUD-MTSP-HERA","OR-JACKSON","50","max_rent","5","1549","2025-04-01","","https://www.huduser.gov/portal/datasets/mtsp.html#data_2026","OHCS workbook, MTSP HERA Special, 2025"
"HUD-MTSP-HERA","OR-JACKSON","50","max_rent_75pct_0br","0","635","2025-04-01","","https://www.huduser.gov/portal/datasets/mtsp.html#data_2026","OHCS workbook, MTSP HERA Special, 2025"
"HUD-MTSP-HERA","OR-JACKSON","55","max_rent","0","932","2025-04-01","","https://www.huduser.gov/portal/datasets/mtsp.html#data_2026","OHCS workbook, MTSP HERA Special, 2025"
"HUD-MTSP-HERA","OR-JACKSON","55","max_rent","1","998","2025-04-01","","https://www.huduser.gov/portal/datasets/mtsp.html#data_2026","OHCS workbook, MTSP HERA Special, 2025"
"HUD-MTSP-HERA","OR-JACKSON","55","max_rent","2","1199","2025-04-01","","https://www.huduser.gov/portal/datasets/mtsp.html#data_2026","OHCS workbook, MTSP HERA Special, 2025"
"HUD-MTSP-HERA","OR-JACKSON","55","max_rent","3","1384","2025-04-01","","https://www.huduser.gov/portal/datasets/mtsp.html#data_2026","OHCS workbook, MTSP HERA Special, 2025"
"HUD-MTSP-HERA","OR-JACKSON","55","max_rent","4","1544","2025-04-01","","https://www.huduser.gov/portal/datasets/mtsp.html#data_2026","OHCS workbook, MTSP HERA Special, 2025"
"HUD-MTSP-HERA","OR-JACKSON","55","max_rent","5","1704","2025-04-01","","https://www.huduser.gov/portal/datasets/mtsp.html#data_2026","OHCS workbook, MTSP HERA Special, 2025"
"HUD-MTSP-HERA","OR-JACKSON","55","max_rent_75pct_0br","0","699","2025-04-01","","https://www.huduser.gov/portal/datasets/mtsp.html#data_2026","OHCS workbook, MTSP HERA Special, 2025"
"HUD-MTSP-HERA","OR-JACKSON","60","max_rent","0","1017","2025-04-01","","https://www.huduser.gov/portal/datasets/mtsp.html#data_2026","OHCS workbook, MTSP HERA Special, 2025"
"HUD-MTSP-HERA","OR-JACKSON","60","max_rent","1","1089","2025-04-01","","https://www.huduser.gov/portal/datasets/mtsp.html#data_2026","OHCS workbook, MTSP HERA Special, 2025"
"HUD-MTSP-HERA","OR-JACKSON","60","max_rent","2","1308","2025-04-01","","https://www.huduser.gov/portal/datasets/mtsp.html#data_2026","OHCS workbook, MTSP HERA Special, 2025"
"HUD-MTSP-HERA","OR-JACKSON","60","max_rent","3","1510","2025-04-01","","https://www.huduser.gov/portal/datasets/mtsp.html#data_2026","OHCS workbook, MTSP HERA Special, 2025"
"HUD-MTSP-HERA","OR-JACKSON","60","max_rent","4","1684","2025-04-01","","https://www.huduser.gov/portal/datasets/mtsp.html#data_2026","OHCS workbook, MTSP HERA Special, 2025"
"HUD-MTSP-HERA","OR-JACKSON","60","max_rent","5","1859","2025-04-01","","https://www.huduser.gov/portal/datasets/mtsp.html#data_2026","OHCS workbook, MTSP HERA Special, 2025"
"HUD-MTSP-HERA","OR-JACKSON","60","max_rent_75pct_0br","0","762","2025-04-01","","https://www.huduser.gov/portal/datasets/mtsp.html#data_2026","OHCS workbook, MTSP HERA Special, 2025"
"HUD-MTSP-HERA","OR-JACKSON","70","max_rent","0","1186","2025-04-01","","https://www.huduser.gov/portal/datasets/mtsp.html#data_2026","OHCS workbook, MTSP HERA Special, 2025"
"HUD-MTSP-HERA","OR-JACKSON","70","max_rent","1","1271","2025-04-01","","https://www.huduser.gov/portal/datasets/mtsp.html#data_2026","OHCS workbook, MTSP HERA Special, 2025"
"HUD-MTSP-HERA","OR-JACKSON","70","max_rent","2","1526","2025-04-01","","https://www.huduser.gov/portal/datasets/mtsp.html#data_2026","OHCS workbook, MTSP HERA Special, 2025"
"HUD-MTSP-HERA","OR-JACKSON","70","max_rent","3","1762","2025-04-01","","https://www.huduser.gov/portal/datasets/mtsp.html#data_2026","OHCS workbook, MTSP HERA Special, 2025"
"HUD-MTSP-HERA","OR-JACKSON","70","max_rent","4","1965","2025-04-01","","https://www.huduser.gov/portal/datasets/mtsp.html#data_2026","OHCS workbook, MTSP HERA Special, 2025"
"HUD-MTSP-HERA","OR-JACKSON","70","max_rent","5","2169","2025-04-01","","https://www.huduser.gov/portal/datasets/mtsp.html#data_2026","OHCS workbook, MTSP HERA Special, 2025"
"HUD-MTSP-HERA","OR-JACKSON","70","max_rent_75pct_0br","0","889","2025-04-01","","https://www.huduser.gov/portal/datasets/mtsp.html#data_2026","OHCS workbook, MTSP HERA Special, 2025"
"HUD-MTSP-HERA","OR-JACKSON","80","max_rent","0","1356","2025-04-01","","https://www.huduser.gov/portal/datasets/mtsp.html#data_2026","OHCS workbook, MTSP HERA Special, 2025"
"HUD-MTSP-HERA","OR-JACKSON","80","max_rent","1","1453","2025-04-01","","https://www.huduser.gov/portal/datasets/mtsp.html#data_2026","OHCS workbook, MTSP HERA Special, 2025"
"HUD-MTSP-HERA","OR-JACKSON","80","max_rent","2","1744","2025-04-01","","https://www.huduser.gov/portal/datasets/mtsp.html#data_2026","OHCS workbook, MTSP HERA Special, 2025"
"HUD-MTSP-HERA","OR-JACKSON","80","max_rent","3","2014","2025-04-01","","https://www.huduser.gov/portal/datasets/mtsp.html#data_2026","OHCS workbook, MTSP HERA Special, 2025"
"HUD-MTSP-HERA","OR-JACKSON","80","max_rent","4","2246","2025-04-01","","https://www.huduser.gov/portal/datasets/mtsp.html#data_2026","OHCS workbook, MTSP HERA Special, 2025"
"HUD-MTSP-HERA","OR-JACKSON","80","max_rent","5","2479","2025-04-01","","https://www.huduser.gov/portal/datasets/mtsp.html#data_2026","OHCS workbook, MTSP HERA Special, 2025"
"HUD-MTSP-HERA","OR-JACKSON","80","max_rent_75pct_0br","0","1017","2025-04-01","","https://www.huduser.gov/portal/datasets/mtsp.html#data_2026","OHCS workbook, MTSP HERA Special, 2025"
"HUD-MTSP-HERA","OR-JOSEPHINE","20","max_rent","0","299","2025-04-01","","https://www.huduser.gov/portal/datasets/mtsp.html#data_2026","OHCS workbook, MTSP HERA Special, 2025"
"HUD-MTSP-HERA","OR-JOSEPHINE","20","max_rent","1","320","2025-04-01","","https://www.huduser.gov/portal/datasets/mtsp.html#data_2026","OHCS workbook, MTSP HERA Special, 2025"
"HUD-MTSP-HERA","OR-JOSEPHINE","20","max_rent","2","385","2025-04-01","","https://www.huduser.gov/portal/datasets/mtsp.html#data_2026","OHCS workbook, MTSP HERA Special, 2025"
"HUD-MTSP-HERA","OR-JOSEPHINE","20","max_rent","3","444","2025-04-01","","https://www.huduser.gov/portal/datasets/mtsp.html#data_2026","OHCS workbook, MTSP HERA Special, 2025"
"HUD-MTSP-HERA","OR-JOSEPHINE","20","max_rent","4","496","2025-04-01","","https://www.huduser.gov/portal/datasets/mtsp.html#data_2026","OHCS workbook, MTSP HERA Special, 2025"
"HUD-MTSP-HERA","OR-JOSEPHINE","20","max_rent","5","547","2025-04-01","","https://www.huduser.gov/portal/datasets/mtsp.html#data_2026","OHCS workbook, MTSP HERA Special, 2025"
"HUD-MTSP-HERA","OR-JOSEPHINE","20","max_rent_75pct_0br","0","224","2025-04-01","","https://www.huduser.gov/portal/datasets/mtsp.html#data_2026","OHCS workbook, MTSP HERA Special, 2025"
"HUD-MTSP-HERA","OR-JOSEPHINE","30","max_rent","0","449","2025-04-01","","https://www.huduser.gov/portal/datasets/mtsp.html#data_2026","OHCS workbook, MTSP HERA Special, 2025"
"HUD-MTSP-HERA","OR-JOSEPHINE","30","max_rent","1","481","2025-04-01","","https://www.huduser.gov/portal/datasets/mtsp.html#data_2026","OHCS workbook, MTSP HERA Special, 2025"
"HUD-MTSP-HERA","OR-JOSEPHINE","30","max_rent","2","577","2025-04-01","","https://www.huduser.gov/portal/datasets/mtsp.html#data_2026","OHCS workbook, MTSP HERA Special, 2025"
"HUD-MTSP-HERA","OR-JOSEPHINE","30","max_rent","3","667","2025-04-01","","https://www.huduser.gov/portal/datasets/mtsp.html#data_2026","OHCS workbook, MTSP HERA Special, 2025"
"HUD-MTSP-HERA","OR-JOSEPHINE","30","max_rent","4","744","2025-04-01","","https://www.huduser.gov/portal/datasets/mtsp.html#data_2026","OHCS workbook, MTSP HERA Special, 2025"
"HUD-MTSP-HERA","OR-JOSEPHINE","30","max_rent","5","821","2025-04-01","","https://www.huduser.gov/portal/datasets/mtsp.html#data_2026","OHCS workbook, MTSP HERA Special, 2025"
"HUD-MTSP-HERA","OR-JOSEPHINE","30","max_rent_75pct_0br","0","336","2025-04-01","","https://www.huduser.gov/portal/datasets/mtsp.html#data_2026","OHCS workbook, MTSP HERA Special, 2025"
"HUD-MTSP-HERA","OR-JOSEPHINE","35","max_rent","0","524","2025-04-01","","https://www.huduser.gov/portal/datasets/mtsp.html#data_2026","OHCS workbook, MTSP HERA Special, 2025"
"HUD-MTSP-HERA","OR-JOSEPHINE","35","max_rent","1","561","2025-04-01","","https://www.huduser.gov/portal/datasets/mtsp.html#data_2026","OHCS workbook, MTSP HERA Special, 2025"
"HUD-MTSP-HERA","OR-JOSEPHINE","35","max_rent","2","673","2025-04-01","","https://www.huduser.gov/portal/datasets/mtsp.html#data_2026","OHCS workbook, MTSP HERA Special, 2025"
"HUD-MTSP-HERA","OR-JOSEPHINE","35","max_rent","3","778","2025-04-01","","https://www.huduser.gov/portal/datasets/mtsp.html#data_2026","OHCS workbook, MTSP HERA Special, 2025"
"HUD-MTSP-HERA","OR-JOSEPHINE","35","max_rent","4","868","2025-04-01","","https://www.huduser.gov/portal/datasets/mtsp.html#data_2026","OHCS workbook, MTSP HERA Special, 2025"
"HUD-MTSP-HERA","OR-JOSEPHINE","35","max_rent","5","958","2025-04-01","","https://www.huduser.gov/portal/datasets/mtsp.html#data_2026","OHCS workbook, MTSP HERA Special, 2025"
"HUD-MTSP-HERA","OR-JOSEPHINE","35","max_rent_75pct_0br","0","393","2025-04-01","","https://www.huduser.gov/portal/datasets/mtsp.html#data_2026","OHCS workbook, MTSP HERA Special, 2025"
"HUD-MTSP-HERA","OR-JOSEPHINE","40","max_rent","0","599","2025-04-01","","https://www.huduser.gov/portal/datasets/mtsp.html#data_2026","OHCS workbook, MTSP HERA Special, 2025"
"HUD-MTSP-HERA","OR-JOSEPHINE","40","max_rent","1","641","2025-04-01","","https://www.huduser.gov/portal/datasets/mtsp.html#data_2026","OHCS workbook, MTSP HERA Special, 2025"
"HUD-MTSP-HERA","OR-JOSEPHINE","40","max_rent","2","770","2025-04-01","","https://www.huduser.gov/portal/datasets/mtsp.html#data_2026","OHCS workbook, MTSP HERA Special, 2025"
"HUD-MTSP-HERA","OR-JOSEPHINE","40","max_rent","3","889","2025-04-01","","https://www.huduser.gov/portal/datasets/mtsp.html#data_2026","OHCS workbook, MTSP HERA Special, 2025"
"HUD-MTSP-HERA","OR-JOSEPHINE","40","max_rent","4","992","2025-04-01","","https://www.huduser.gov/portal/datasets/mtsp.html#data_2026","OHCS workbook, MTSP HERA Special, 2025"
"HUD-MTSP-HERA","OR-JOSEPHINE","40","max_rent","5","1095","2025-04-01","","https://www.huduser.gov/portal/datasets/mtsp.html#data_2026","OHCS workbook, MTSP HERA Special, 2025"
"HUD-MTSP-HERA","OR-JOSEPHINE","40","max_rent_75pct_0br","0","449","2025-04-01","","https://www.huduser.gov/portal/datasets/mtsp.html#data_2026","OHCS workbook, MTSP HERA Special, 2025"
"HUD-MTSP-HERA","OR-JOSEPHINE","45","max_rent","0","673","2025-04-01","","https://www.huduser.gov/portal/datasets/mtsp.html#data_2026","OHCS workbook, MTSP HERA Special, 2025"
"HUD-MTSP-HERA","OR-JOSEPHINE","45","max_rent","1","721","2025-04-01","","https://www.huduser.gov/portal/datasets/mtsp.html#data_2026","OHCS workbook, MTSP HERA Special, 2025"
"HUD-MTSP-HERA","OR-JOSEPHINE","45","max_rent","2","866","2025-04-01","","https://www.huduser.gov/portal/datasets/mtsp.html#data_2026","OHCS workbook, MTSP HERA Special, 2025"
"HUD-MTSP-HERA","OR-JOSEPHINE","45","max_rent","3","1000","2025-04-01","","https://www.huduser.gov/portal/datasets/mtsp.html#data_2026","OHCS workbook, MTSP HERA Special, 2025"
"HUD-MTSP-HERA","OR-JOSEPHINE","45","max_rent","4","1116","2025-04-01","","https://www.huduser.gov/portal/datasets/mtsp.html#data_2026","OHCS workbook, MTSP HERA Special, 2025"
"HUD-MTSP-HERA","OR-JOSEPHINE","45","max_rent","5","1231","2025-04-01","","https://www.huduser.gov/portal/datasets/mtsp.html#data_2026","OHCS workbook, MTSP HERA Special, 2025"
"HUD-MTSP-HERA","OR-JOSEPHINE","45","max_rent_75pct_0br","0","504","2025-04-01","","https://www.huduser.gov/portal/datasets/mtsp.html#data_2026","OHCS workbook, MTSP HERA Special, 2025"
"HUD-MTSP-HERA","OR-JOSEPHINE","50","max_rent","0","748","2025-04-01","","https://www.huduser.gov/portal/datasets/mtsp.html#data_2026","OHCS workbook, MTSP HERA Special, 2025"
"HUD-MTSP-HERA","OR-JOSEPHINE","50","max_rent","1","801","2025-04-01","","https://www.huduser.gov/portal/datasets/mtsp.html#data_2026","OHCS workbook, MTSP HERA Special, 2025"
"HUD-MTSP-HERA","OR-JOSEPHINE","50","max_rent","2","962","2025-04-01","","https://www.huduser.gov/portal/datasets/mtsp.html#data_2026","OHCS workbook, MTSP HERA Special, 2025"
"HUD-MTSP-HERA","OR-JOSEPHINE","50","max_rent","3","1111","2025-04-01","","https://www.huduser.gov/portal/datasets/mtsp.html#data_2026","OHCS workbook, MTSP HERA Special, 2025"
"HUD-MTSP-HERA","OR-JOSEPHINE","50","max_rent","4","1240","2025-04-01","","https://www.huduser.gov/portal/datasets/mtsp.html#data_2026","OHCS workbook, MTSP HERA Special, 2025"
"HUD-MTSP-HERA","OR-JOSEPHINE","50","max_rent","5","1368","2025-04-01","","https://www.huduser.gov/portal/datasets/mtsp.html#data_2026","OHCS workbook, MTSP HERA Special, 2025"
"HUD-MTSP-HERA","OR-JOSEPHINE","50","max_rent_75pct_0br","0","561","2025-04-01","","https://www.huduser.gov/portal/datasets/mtsp.html#data_2026","OHCS workbook, MTSP HERA Special, 2025"
"HUD-MTSP-HERA","OR-JOSEPHINE","55","max_rent","0","823","2025-04-01","","https://www.huduser.gov/portal/datasets/mtsp.html#data_2026","OHCS workbook, MTSP HERA Special, 2025"
"HUD-MTSP-HERA","OR-JOSEPHINE","55","max_rent","1","882","2025-04-01","","https://www.huduser.gov/portal/datasets/mtsp.html#data_2026","OHCS workbook, MTSP HERA Special, 2025"
"HUD-MTSP-HERA","OR-JOSEPHINE","55","max_rent","2","1058","2025-04-01","","https://www.huduser.gov/portal/datasets/mtsp.html#data_2026","OHCS workbook, MTSP HERA Special, 2025"
"HUD-MTSP-HERA","OR-JOSEPHINE","55","max_rent","3","1223","2025-04-01","","https://www.huduser.gov/portal/datasets/mtsp.html#data_2026","OHCS workbook, MTSP HERA Special, 2025"
"HUD-MTSP-HERA","OR-JOSEPHINE","55","max_rent","4","1364","2025-04-01","","https://www.huduser.gov/portal/datasets/mtsp.html#data_2026","OHCS workbook, MTSP HERA Special, 2025"
"HUD-MTSP-HERA","OR-JOSEPHINE","55","max_rent","5","1505","2025-04-01","","https://www.huduser.gov/portal/datasets/mtsp.html#data_2026","OHCS workbook, MTSP HERA Special, 2025"
"HUD-MTSP-HERA","OR-JOSEPHINE","55","max_rent_75pct_0br","0","617","2025-04-01","","https://www.huduser.gov/portal/datasets/mtsp.html#data_2026","OHCS workbook, MTSP HERA Special, 2025"
"HUD-MTSP-HERA","OR-JOSEPHINE","60","max_rent","0","898","2025-04-01","","https://www.huduser.gov/portal/datasets/mtsp.html#data_2026","OHCS workbook, MTSP HERA Special, 2025"
"HUD-MTSP-HERA","OR-JOSEPHINE","60","max_rent","1","962","2025-04-01","","https://www.huduser.gov/portal/datasets/mtsp.html#data_2026","OHCS workbook, MTSP HERA Special, 2025"
"HUD-MTSP-HERA","OR-JOSEPHINE","60","max_rent","2","1155","2025-04-01","","https://www.huduser.gov/portal/datasets/mtsp.html#data_2026","OHCS workbook, MTSP HERA Special, 2025"
"HUD-MTSP-HERA","OR-JOSEPHINE","60","max_rent","3","1334","2025-04-01","","https://www.huduser.gov/portal/datasets/mtsp.html#data_2026","OHCS workbook, MTSP HERA Special, 2025"
"HUD-MTSP-HERA","OR-JOSEPHINE","60","max_rent","4","1488","2025-04-01","","https://www.huduser.gov/portal/datasets/mtsp.html#data_2026","OHCS workbook, MTSP HERA Special, 2025"
"HUD-MTSP-HERA","OR-JOSEPHINE","60","max_rent","5","1642","2025-04-01","","https://www.huduser.gov/portal/datasets/mtsp.html#data_2026","OHCS workbook, MTSP HERA Special, 2025"
"HUD-MTSP-HERA","OR-JOSEPHINE","60","max_rent_75pct_0br","0","673","2025-04-01","","https://www.huduser.gov/portal/datasets/mtsp.html#data_2026","OHCS workbook, MTSP HERA Special, 2025"
"HUD-MTSP-HERA","OR-JOSEPHINE","70","max_rent","0","1048","2025-04-01","","https://www.huduser.gov/portal/datasets/mtsp.html#data_2026","OHCS workbook, MTSP HERA Special, 2025"
"HUD-MTSP-HERA","OR-JOSEPHINE","70","max_rent","1","1122","2025-04-01","","https://www.huduser.gov/portal/datasets/mtsp.html#data_2026","OHCS workbook, MTSP HERA Special, 2025"
"HUD-MTSP-HERA","OR-JOSEPHINE","70","max_rent","2","1347","2025-04-01","","https://www.huduser.gov/portal/datasets/mtsp.html#data_2026","OHCS workbook, MTSP HERA Special, 2025"
"HUD-MTSP-HERA","OR-JOSEPHINE","70","max_rent","3","1556","2025-04-01","","https://www.huduser.gov/portal/datasets/mtsp.html#data_2026","OHCS workbook, MTSP HERA Special, 2025"
"HUD-MTSP-HERA","OR-JOSEPHINE","70","max_rent","4","1736","2025-04-01","","https://www.huduser.gov/portal/datasets/mtsp.html#data_2026","OHCS workbook, MTSP HERA Special, 2025"
"HUD-MTSP-HERA","OR-JOSEPHINE","70","max_rent","5","1916","2025-04-01","","https://www.huduser.gov/portal/datasets/mtsp.html#data_2026","OHCS workbook, MTSP HERA Special, 2025"
"HUD-MTSP-HERA","OR-JOSEPHINE","70","max_rent_75pct_0br","0","786","2025-04-01","","https://www.huduser.gov/portal/datasets/mtsp.html#data_2026","OHCS workbook, MTSP HERA Special, 2025"
"HUD-MTSP-HERA","OR-JOSEPHINE","80","max_rent","0","1198","2025-04-01","","https://www.huduser.gov/portal/datasets/mtsp.html#data_2026","OHCS workbook, MTSP HERA Special, 2025"
"HUD-MTSP-HERA","OR-JOSEPHINE","80","max_rent","1","1283","2025-04-01","","https://www.huduser.gov/portal/datasets/mtsp.html#data_2026","OHCS workbook, MTSP HERA Special, 2025"
"HUD-MTSP-HERA","OR-JOSEPHINE","80","max_rent","2","1540","2025-04-01","","https://www.huduser.gov/portal/datasets/mtsp.html#data_2026","OHCS workbook, MTSP HERA Special, 2025"
"HUD-MTSP-HERA","OR-JOSEPHINE","80","max_rent","3","1779","2025-04-01","","https://www.huduser.gov/portal/datasets/mtsp.html#data_2026","OHCS workbook, MTSP HERA Special, 2025"
"HUD-MTSP-HERA","OR-JOSEPHINE","80","max_rent","4","1984","2025-04-01","","https://www.huduser.gov/portal/datasets/mtsp.html#data_2026","OHCS workbook, MTSP HERA Special, 2025"
"HUD-MTSP-HERA","OR-JOSEPHINE","80","max_rent","5","2190","2025-04-01","","https://www.huduser.gov/portal/datasets/mtsp.html#data_2026","OHCS workbook, MTSP HERA Special, 2025"
"HUD-MTSP-HERA","OR-JOSEPHINE","80","max_rent_75pct_0br","0","898","2025-04-01","","https://www.huduser.gov/portal/datasets/mtsp.html#data_2026","OHCS workbook, MTSP HERA Special, 2025"
"HUD-MTSP-HERA","OR-JACKSON","20","max_rent","0","360","2026-05-01","","https://www.huduser.gov/portal/datasets/mtsp.html#data_2026","OHCS workbook, MTSP HERA Special, 2026"
"HUD-MTSP-HERA","OR-JACKSON","20","max_rent","1","385","2026-05-01","","https://www.huduser.gov/portal/datasets/mtsp.html#data_2026","OHCS workbook, MTSP HERA Special, 2026"
"HUD-MTSP-HERA","OR-JACKSON","20","max_rent","2","463","2026-05-01","","https://www.huduser.gov/portal/datasets/mtsp.html#data_2026","OHCS workbook, MTSP HERA Special, 2026"
"HUD-MTSP-HERA","OR-JACKSON","20","max_rent","3","534","2026-05-01","","https://www.huduser.gov/portal/datasets/mtsp.html#data_2026","OHCS workbook, MTSP HERA Special, 2026"
"HUD-MTSP-HERA","OR-JACKSON","20","max_rent","4","596","2026-05-01","","https://www.huduser.gov/portal/datasets/mtsp.html#data_2026","OHCS workbook, MTSP HERA Special, 2026"
"HUD-MTSP-HERA","OR-JACKSON","20","max_rent","5","658","2026-05-01","","https://www.huduser.gov/portal/datasets/mtsp.html#data_2026","OHCS workbook, MTSP HERA Special, 2026"
"HUD-MTSP-HERA","OR-JACKSON","20","max_rent_75pct_0br","0","270","2026-05-01","","https://www.huduser.gov/portal/datasets/mtsp.html#data_2026","OHCS workbook, MTSP HERA Special, 2026"
"HUD-MTSP-HERA","OR-JACKSON","30","max_rent","0","540","2026-05-01","","https://www.huduser.gov/portal/datasets/mtsp.html#data_2026","OHCS workbook, MTSP HERA Special, 2026"
"HUD-MTSP-HERA","OR-JACKSON","30","max_rent","1","578","2026-05-01","","https://www.huduser.gov/portal/datasets/mtsp.html#data_2026","OHCS workbook, MTSP HERA Special, 2026"
"HUD-MTSP-HERA","OR-JACKSON","30","max_rent","2","694","2026-05-01","","https://www.huduser.gov/portal/datasets/mtsp.html#data_2026","OHCS workbook, MTSP HERA Special, 2026"
"HUD-MTSP-HERA","OR-JACKSON","30","max_rent","3","802","2026-05-01","","https://www.huduser.gov/portal/datasets/mtsp.html#data_2026","OHCS workbook, MTSP HERA Special, 2026"
"HUD-MTSP-HERA","OR-JACKSON","30","max_rent","4","894","2026-05-01","","https://www.huduser.gov/portal/datasets/mtsp.html#data_2026","OHCS workbook, MTSP HERA Special, 2026"
"HUD-MTSP-HERA","OR-JACKSON","30","max_rent","5","987","2026-05-01","","https://www.huduser.gov/portal/datasets/mtsp.html#data_2026","OHCS workbook, MTSP HERA Special, 2026"
"HUD-MTSP-HERA","OR-JACKSON","30","max_rent_75pct_0br","0","405","2026-05-01","","https://www.huduser.gov/portal/datasets/mtsp.html#data_2026","OHCS workbook, MTSP HERA Special, 2026"
"HUD-MTSP-HERA","OR-JACKSON","35","max_rent","0","630","2026-05-01","","https://www.huduser.gov/portal/datasets/mtsp.html#data_2026","OHCS workbook, MTSP HERA Special, 2026"
"HUD-MTSP-HERA","OR-JACKSON","35","max_rent","1","675","2026-05-01","","https://www.huduser.gov/portal/datasets/mtsp.html#data_2026","OHCS workbook, MTSP HERA Special, 2026"
"HUD-MTSP-HERA","OR-JACKSON","35","max_rent","2","810","2026-05-01","","https://www.huduser.gov/portal/datasets/mtsp.html#data_2026","OHCS workbook, MTSP HERA Special, 2026"
"HUD-MTSP-HERA","OR-JACKSON","35","max_rent","3","935","2026-05-01","","https://www.huduser.gov/portal/datasets/mtsp.html#data_2026","OHCS workbook, MTSP HERA Special, 2026"
"HUD-MTSP-HERA","OR-JACKSON","35","max_rent","4","1043","2026-05-01","","https://www.huduser.gov/portal/datasets/mtsp.html#data_2026","OHCS workbook, MTSP HERA Special, 2026"
"HUD-MTSP-HERA","OR-JACKSON","35","max_rent","5","1151","2026-05-01","","https://www.huduser.gov/portal/datasets/mtsp.html#data_2026","OHCS workbook, MTSP HERA Special, 2026"
"HUD-MTSP-HERA","OR-JACKSON","35","max_rent_75pct_0br","0","472","2026-05-01","","https://www.huduser.gov/portal/datasets/mtsp.html#data_2026","OHCS workbook, MTSP HERA Special, 2026"
"HUD-MTSP-HERA","OR-JACKSON","40","max_rent","0","720","2026-05-01","","https://www.huduser.gov/portal/datasets/mtsp.html#data_2026","OHCS workbook, MTSP HERA Special, 2026"
"HUD-MTSP-HERA","OR-JACKSON","40","max_rent","1","771","2026-05-01","","https://www.huduser.gov/portal/datasets/mtsp.html#data_2026","OHCS workbook, MTSP HERA Special, 2026"
"HUD-MTSP-HERA","OR-JACKSON","40","max_rent","2","926","2026-05-01","","https://www.huduser.gov/portal/datasets/mtsp.html#data_2026","OHCS workbook, MTSP HERA Special, 2026"
"HUD-MTSP-HERA","OR-JACKSON","40","max_rent","3","1069","2026-05-01","","https://www.huduser.gov/portal/datasets/mtsp.html#data_2026","OHCS workbook, MTSP HERA Special, 2026"
"HUD-MTSP-HERA","OR-JACKSON","40","max_rent","4","1193","2026-05-01","","https://www.huduser.gov/portal/datasets/mtsp.html#data_2026","OHCS workbook, MTSP HERA Special, 2026"
"HUD-MTSP-HERA","OR-JACKSON","40","max_rent","5","1316","2026-05-01","","https://www.huduser.gov/portal/datasets/mtsp.html#data_2026","OHCS workbook, MTSP HERA Special, 2026"
"HUD-MTSP-HERA","OR-JACKSON","40","max_rent_75pct_0br","0","540","2026-05-01","","https://www.huduser.gov/portal/datasets/mtsp.html#data_2026","OHCS workbook, MTSP HERA Special, 2026"
"HUD-MTSP-HERA","OR-JACKSON","45","max_rent","0","810","2026-05-01","","https://www.huduser.gov/portal/datasets/mtsp.html#data_2026","OHCS workbook, MTSP HERA Special, 2026"
"HUD-MTSP-HERA","OR-JACKSON","45","max_rent","1","867","2026-05-01","","https://www.huduser.gov/portal/datasets/mtsp.html#data_2026","OHCS workbook, MTSP HERA Special, 2026"
"HUD-MTSP-HERA","OR-JACKSON","45","max_rent","2","1041","2026-05-01","","https://www.huduser.gov/portal/datasets/mtsp.html#data_2026","OHCS workbook, MTSP HERA Special, 2026"
"HUD-MTSP-HERA","OR-JACKSON","45","max_rent","3","1203","2026-05-01","","https://www.huduser.gov/portal/datasets/mtsp.html#data_2026","OHCS workbook, MTSP HERA Special, 2026"
"HUD-MTSP-HERA","OR-JACKSON","45","max_rent","4","1342","2026-05-01","","https://www.huduser.gov/portal/datasets/mtsp.html#data_2026","OHCS workbook, MTSP HERA Special, 2026"
"HUD-MTSP-HERA","OR-JACKSON","45","max_rent","5","1480","2026-05-01","","https://www.huduser.gov/portal/datasets/mtsp.html#data_2026","OHCS workbook, MTSP HERA Special, 2026"
"HUD-MTSP-HERA","OR-JACKSON","45","max_rent_75pct_0br","0","607","2026-05-01","","https://www.huduser.gov/portal/datasets/mtsp.html#data_2026","OHCS workbook, MTSP HERA Special, 2026"
"HUD-MTSP-HERA","OR-JACKSON","50","max_rent","0","900","2026-05-01","","https://www.huduser.gov/portal/datasets/mtsp.html#data_2026","OHCS workbook, MTSP HERA Special, 2026"
"HUD-MTSP-HERA","OR-JACKSON","50","max_rent","1","964","2026-05-01","","https://www.huduser.gov/portal/datasets/mtsp.html#data_2026","OHCS workbook, MTSP HERA Special, 2026"
"HUD-MTSP-HERA","OR-JACKSON","50","max_rent","2","1157","2026-05-01","","https://www.huduser.gov/portal/datasets/mtsp.html#data_2026","OHCS workbook, MTSP HERA Special, 2026"
"HUD-MTSP-HERA","OR-JACKSON","50","max_rent","3","1336","2026-05-01","","https://www.huduser.gov/portal/datasets/mtsp.html#data_2026","OHCS workbook, MTSP HERA Special, 2026"
"HUD-MTSP-HERA","OR-JACKSON","50","max_rent","4","1491","2026-05-01","","https://www.huduser.gov/portal/datasets/mtsp.html#data_2026","OHCS workbook, MTSP HERA Special, 2026"
"HUD-MTSP-HERA","OR-JACKSON","50","max_rent","5","1645","2026-05-01","","https://www.huduser.gov/portal/datasets/mtsp.html#data_2026","OHCS workbook, MTSP HERA Special, 2026"
"HUD-MTSP-HERA","OR-JACKSON","50","max_rent_75pct_0br","0","675","2026-05-01","","https://www.huduser.gov/portal/datasets/mtsp.html#data_2026","OHCS workbook, MTSP HERA Special, 2026"
"HUD-MTSP-HERA","OR-JACKSON","55","max_rent","0","990","2026-05-01","","https://www.huduser.gov/portal/datasets/mtsp.html#data_2026","OHCS workbook, MTSP HERA Special, 2026"
"HUD-MTSP-HERA","OR-JACKSON","55","max_rent","1","1060","2026-05-01","","https://www.huduser.gov/portal/datasets/mtsp.html#data_2026","OHCS workbook, MTSP HERA Special, 2026"
"HUD-MTSP-HERA","OR-JACKSON","55","max_rent","2","1273","2026-05-01","","https://www.huduser.gov/portal/datasets/mtsp.html#data_2026","OHCS workbook, MTSP HERA Special, 2026"
"HUD-MTSP-HERA","OR-JACKSON","55","max_rent","3","1470","2026-05-01","","https://www.huduser.gov/portal/datasets/mtsp.html#data_2026","OHCS workbook, MTSP HERA Special, 2026"
"HUD-MTSP-HERA","OR-JACKSON","55","max_rent","4","1640","2026-05-01","","https://www.huduser.gov/portal/datasets/mtsp.html#data_2026","OHCS workbook, MTSP HERA Special, 2026"
"HUD-MTSP-HERA","OR-JACKSON","55","max_rent","5","1809","2026-05-01","","https://www.huduser.gov/portal/datasets/mtsp.html#data_2026","OHCS workbook, MTSP HERA Special, 2026"
"HUD-MTSP-HERA","OR-JACKSON","55","max_rent_75pct_0br","0","742","2026-05-01","","https://www.huduser.gov/portal/datasets/mtsp.html#data_2026","OHCS workbook, MTSP HERA Special, 2026"
"HUD-MTSP-HERA","OR-JACKSON","60","max_rent","0","1080","2026-05-01","","https://www.huduser.gov/portal/datasets/mtsp.html#data_2026","OHCS workbook, MTSP HERA Special, 2026"
"HUD-MTSP-HERA","OR-JACKSON","60","max_rent","1","1157","2026-05-01","","https://www.huduser.gov/portal/datasets/mtsp.html#data_2026","OHCS workbook, MTSP HERA Special, 2026"
"HUD-MTSP-HERA","OR-JACKSON","60","max_rent","2","1389","2026-05-01","","https://www.huduser.gov/portal/datasets/mtsp.html#data_2026","OHCS workbook, MTSP HERA Special, 2026"
"HUD-MTSP-HERA","OR-JACKSON","60","max_rent","3","1604","2026-05-01","","https://www.huduser.gov/portal/datasets/mtsp.html#data_2026","OHCS workbook, MTSP HERA Special, 2026"
"HUD-MTSP-HERA","OR-JACKSON","60","max_rent","4","1789","2026-05-01","","https://www.huduser.gov/portal/datasets/mtsp.html#data_2026","OHCS workbook, MTSP HERA Special, 2026"
"HUD-MTSP-HERA","OR-JACKSON","60","max_rent","5","1974","2026-05-01","","https://www.huduser.gov/portal/datasets/mtsp.html#data_2026","OHCS workbook, MTSP HERA Special, 2026"
"HUD-MTSP-HERA","OR-JACKSON","60","max_rent_75pct_0br","0","810","2026-05-01","","https://www.huduser.gov/portal/datasets/mtsp.html#data_2026","OHCS workbook, MTSP HERA Special, 2026"
"HUD-MTSP-HERA","OR-JACKSON","70","max_rent","0","1260","2026-05-01","","https://www.huduser.gov/portal/datasets/mtsp.html#data_2026","OHCS workbook, MTSP HERA Special, 2026"
"HUD-MTSP-HERA","OR-JACKSON","70","max_rent","1","1350","2026-05-01","","https://www.huduser.gov/portal/datasets/mtsp.html#data_2026","OHCS workbook, MTSP HERA Special, 2026"
"HUD-MTSP-HERA","OR-JACKSON","70","max_rent","2","1620","2026-05-01","","https://www.huduser.gov/portal/datasets/mtsp.html#data_2026","OHCS workbook, MTSP HERA Special, 2026"
"HUD-MTSP-HERA","OR-JACKSON","70","max_rent","3","1871","2026-05-01","","https://www.huduser.gov/portal/datasets/mtsp.html#data_2026","OHCS workbook, MTSP HERA Special, 2026"
"HUD-MTSP-HERA","OR-JACKSON","70","max_rent","4","2087","2026-05-01","","https://www.huduser.gov/portal/datasets/mtsp.html#data_2026","OHCS workbook, MTSP HERA Special, 2026"
"HUD-MTSP-HERA","OR-JACKSON","70","max_rent","5","2303","2026-05-01","","https://www.huduser.gov/portal/datasets/mtsp.html#data_2026","OHCS workbook, MTSP HERA Special, 2026"
"HUD-MTSP-HERA","OR-JACKSON","70","max_rent_75pct_0br","0","945","2026-05-01","","https://www.huduser.gov/portal/datasets/mtsp.html#data_2026","OHCS workbook, MTSP HERA Special, 2026"
"HUD-MTSP-HERA","OR-JACKSON","80","max_rent","0","1440","2026-05-01","","https://www.huduser.gov/portal/datasets/mtsp.html#data_2026","OHCS workbook, MTSP HERA Special, 2026"
"HUD-MTSP-HERA","OR-JACKSON","80","max_rent","1","1543","2026-05-01","","https://www.huduser.gov/portal/datasets/mtsp.html#data_2026","OHCS workbook, MTSP HERA Special, 2026"
"HUD-MTSP-HERA","OR-JACKSON","80","max_rent","2","1852","2026-05-01","","https://www.huduser.gov/portal/datasets/mtsp.html#data_2026","OHCS workbook, MTSP HERA Special, 2026"
"HUD-MTSP-HERA","OR-JACKSON","80","max_rent","3","2139","2026-05-01","","https://www.huduser.gov/portal/datasets/mtsp.html#data_2026","OHCS workbook, MTSP HERA Special, 2026"
"HUD-MTSP-HERA","OR-JACKSON","80","max_rent","4","2386","2026-05-01","","https://www.huduser.gov/portal/datasets/mtsp.html#data_2026","OHCS workbook, MTSP HERA Special, 2026"
"HUD-MTSP-HERA","OR-JACKSON","80","max_rent","5","2632","2026-05-01","","https://www.huduser.gov/portal/datasets/mtsp.html#data_2026","OHCS workbook, MTSP HERA Special, 2026"
"HUD-MTSP-HERA","OR-JACKSON","80","max_rent_75pct_0br","0","1080","2026-05-01","","https://www.huduser.gov/portal/datasets/mtsp.html#data_2026","OHCS workbook, MTSP HERA Special, 2026"
"HUD-MTSP-HERA","OR-JOSEPHINE","20","max_rent","0","299","2026-05-01","","https://www.huduser.gov/portal/datasets/mtsp.html#data_2026","OHCS workbook, MTSP HERA Special, 2026"
"HUD-MTSP-HERA","OR-JOSEPHINE","20","max_rent","1","320","2026-05-01","","https://www.huduser.gov/portal/datasets/mtsp.html#data_2026","OHCS workbook, MTSP HERA Special, 2026"
"HUD-MTSP-HERA","OR-JOSEPHINE","20","max_rent","2","385","2026-05-01","","https://www.huduser.gov/portal/datasets/mtsp.html#data_2026","OHCS workbook, MTSP HERA Special, 2026"
"HUD-MTSP-HERA","OR-JOSEPHINE","20","max_rent","3","444","2026-05-01","","https://www.huduser.gov/portal/datasets/mtsp.html#data_2026","OHCS workbook, MTSP HERA Special, 2026"
"HUD-MTSP-HERA","OR-JOSEPHINE","20","max_rent","4","496","2026-05-01","","https://www.huduser.gov/portal/datasets/mtsp.html#data_2026","OHCS workbook, MTSP HERA Special, 2026"
"HUD-MTSP-HERA","OR-JOSEPHINE","20","max_rent","5","547","2026-05-01","","https://www.huduser.gov/portal/datasets/mtsp.html#data_2026","OHCS workbook, MTSP HERA Special, 2026"
"HUD-MTSP-HERA","OR-JOSEPHINE","20","max_rent_75pct_0br","0","224","2026-05-01","","https://www.huduser.gov/portal/datasets/mtsp.html#data_2026","OHCS workbook, MTSP HERA Special, 2026"
"HUD-MTSP-HERA","OR-JOSEPHINE","30","max_rent","0","449","2026-05-01","","https://www.huduser.gov/portal/datasets/mtsp.html#data_2026","OHCS workbook, MTSP HERA Special, 2026"
"HUD-MTSP-HERA","OR-JOSEPHINE","30","max_rent","1","481","2026-05-01","","https://www.huduser.gov/portal/datasets/mtsp.html#data_2026","OHCS workbook, MTSP HERA Special, 2026"
"HUD-MTSP-HERA","OR-JOSEPHINE","30","max_rent","2","577","2026-05-01","","https://www.huduser.gov/portal/datasets/mtsp.html#data_2026","OHCS workbook, MTSP HERA Special, 2026"
"HUD-MTSP-HERA","OR-JOSEPHINE","30","max_rent","3","667","2026-05-01","","https://www.huduser.gov/portal/datasets/mtsp.html#data_2026","OHCS workbook, MTSP HERA Special, 2026"
"HUD-MTSP-HERA","OR-JOSEPHINE","30","max_rent","4","744","2026-05-01","","https://www.huduser.gov/portal/datasets/mtsp.html#data_2026","OHCS workbook, MTSP HERA Special, 2026"
"HUD-MTSP-HERA","OR-JOSEPHINE","30","max_rent","5","821","2026-05-01","","https://www.huduser.gov/portal/datasets/mtsp.html#data_2026","OHCS workbook, MTSP HERA Special, 2026"
"HUD-MTSP-HERA","OR-JOSEPHINE","30","max_rent_75pct_0br","0","336","2026-05-01","","https://www.huduser.gov/portal/datasets/mtsp.html#data_2026","OHCS workbook, MTSP HERA Special, 2026"
"HUD-MTSP-HERA","OR-JOSEPHINE","35","max_rent","0","524","2026-05-01","","https://www.huduser.gov/portal/datasets/mtsp.html#data_2026","OHCS workbook, MTSP HERA Special, 2026"
"HUD-MTSP-HERA","OR-JOSEPHINE","35","max_rent","1","561","2026-05-01","","https://www.huduser.gov/portal/datasets/mtsp.html#data_2026","OHCS workbook, MTSP HERA Special, 2026"
"HUD-MTSP-HERA","OR-JOSEPHINE","35","max_rent","2","673","2026-05-01","","https://www.huduser.gov/portal/datasets/mtsp.html#data_2026","OHCS workbook, MTSP HERA Special, 2026"
"HUD-MTSP-HERA","OR-JOSEPHINE","35","max_rent","3","778","2026-05-01","","https://www.huduser.gov/portal/datasets/mtsp.html#data_2026","OHCS workbook, MTSP HERA Special, 2026"
"HUD-MTSP-HERA","OR-JOSEPHINE","35","max_rent","4","868","2026-05-01","","https://www.huduser.gov/portal/datasets/mtsp.html#data_2026","OHCS workbook, MTSP HERA Special, 2026"
"HUD-MTSP-HERA","OR-JOSEPHINE","35","max_rent","5","958","2026-05-01","","https://www.huduser.gov/portal/datasets/mtsp.html#data_2026","OHCS workbook, MTSP HERA Special, 2026"
"HUD-MTSP-HERA","OR-JOSEPHINE","35","max_rent_75pct_0br","0","393","2026-05-01","","https://www.huduser.gov/portal/datasets/mtsp.html#data_2026","OHCS workbook, MTSP HERA Special, 2026"
"HUD-MTSP-HERA","OR-JOSEPHINE","40","max_rent","0","599","2026-05-01","","https://www.huduser.gov/portal/datasets/mtsp.html#data_2026","OHCS workbook, MTSP HERA Special, 2026"
"HUD-MTSP-HERA","OR-JOSEPHINE","40","max_rent","1","641","2026-05-01","","https://www.huduser.gov/portal/datasets/mtsp.html#data_2026","OHCS workbook, MTSP HERA Special, 2026"
"HUD-MTSP-HERA","OR-JOSEPHINE","40","max_rent","2","770","2026-05-01","","https://www.huduser.gov/portal/datasets/mtsp.html#data_2026","OHCS workbook, MTSP HERA Special, 2026"
"HUD-MTSP-HERA","OR-JOSEPHINE","40","max_rent","3","889","2026-05-01","","https://www.huduser.gov/portal/datasets/mtsp.html#data_2026","OHCS workbook, MTSP HERA Special, 2026"
"HUD-MTSP-HERA","OR-JOSEPHINE","40","max_rent","4","992","2026-05-01","","https://www.huduser.gov/portal/datasets/mtsp.html#data_2026","OHCS workbook, MTSP HERA Special, 2026"
"HUD-MTSP-HERA","OR-JOSEPHINE","40","max_rent","5","1095","2026-05-01","","https://www.huduser.gov/portal/datasets/mtsp.html#data_2026","OHCS workbook, MTSP HERA Special, 2026"
"HUD-MTSP-HERA","OR-JOSEPHINE","40","max_rent_75pct_0br","0","449","2026-05-01","","https://www.huduser.gov/portal/datasets/mtsp.html#data_2026","OHCS workbook, MTSP HERA Special, 2026"
"HUD-MTSP-HERA","OR-JOSEPHINE","45","max_rent","0","673","2026-05-01","","https://www.huduser.gov/portal/datasets/mtsp.html#data_2026","OHCS workbook, MTSP HERA Special, 2026"
"HUD-MTSP-HERA","OR-JOSEPHINE","45","max_rent","1","721","2026-05-01","","https://www.huduser.gov/portal/datasets/mtsp.html#data_2026","OHCS workbook, MTSP HERA Special, 2026"
"HUD-MTSP-HERA","OR-JOSEPHINE","45","max_rent","2","866","2026-05-01","","https://www.huduser.gov/portal/datasets/mtsp.html#data_2026","OHCS workbook, MTSP HERA Special, 2026"
"HUD-MTSP-HERA","OR-JOSEPHINE","45","max_rent","3","1000","2026-05-01","","https://www.huduser.gov/portal/datasets/mtsp.html#data_2026","OHCS workbook, MTSP HERA Special, 2026"
"HUD-MTSP-HERA","OR-JOSEPHINE","45","max_rent","4","1116","2026-05-01","","https://www.huduser.gov/portal/datasets/mtsp.html#data_2026","OHCS workbook, MTSP HERA Special, 2026"
"HUD-MTSP-HERA","OR-JOSEPHINE","45","max_rent","5","1231","2026-05-01","","https://www.huduser.gov/portal/datasets/mtsp.html#data_2026","OHCS workbook, MTSP HERA Special, 2026"
"HUD-MTSP-HERA","OR-JOSEPHINE","45","max_rent_75pct_0br","0","504","2026-05-01","","https://www.huduser.gov/portal/datasets/mtsp.html#data_2026","OHCS workbook, MTSP HERA Special, 2026"
"HUD-MTSP-HERA","OR-JOSEPHINE","50","max_rent","0","748","2026-05-01","","https://www.huduser.gov/portal/datasets/mtsp.html#data_2026","OHCS workbook, MTSP HERA Special, 2026"
"HUD-MTSP-HERA","OR-JOSEPHINE","50","max_rent","1","801","2026-05-01","","https://www.huduser.gov/portal/datasets/mtsp.html#data_2026","OHCS workbook, MTSP HERA Special, 2026"
"HUD-MTSP-HERA","OR-JOSEPHINE","50","max_rent","2","962","2026-05-01","","https://www.huduser.gov/portal/datasets/mtsp.html#data_2026","OHCS workbook, MTSP HERA Special, 2026"
"HUD-MTSP-HERA","OR-JOSEPHINE","50","max_rent","3","1111","2026-05-01","","https://www.huduser.gov/portal/datasets/mtsp.html#data_2026","OHCS workbook, MTSP HERA Special, 2026"
"HUD-MTSP-HERA","OR-JOSEPHINE","50","max_rent","4","1240","2026-05-01","","https://www.huduser.gov/portal/datasets/mtsp.html#data_2026","OHCS workbook, MTSP HERA Special, 2026"
"HUD-MTSP-HERA","OR-JOSEPHINE","50","max_rent","5","1368","2026-05-01","","https://www.huduser.gov/portal/datasets/mtsp.html#data_2026","OHCS workbook, MTSP HERA Special, 2026"
"HUD-MTSP-HERA","OR-JOSEPHINE","50","max_rent_75pct_0br","0","561","2026-05-01","","https://www.huduser.gov/portal/datasets/mtsp.html#data_2026","OHCS workbook, MTSP HERA Special, 2026"
"HUD-MTSP-HERA","OR-JOSEPHINE","55","max_rent","0","823","2026-05-01","","https://www.huduser.gov/portal/datasets/mtsp.html#data_2026","OHCS workbook, MTSP HERA Special, 2026"
"HUD-MTSP-HERA","OR-JOSEPHINE","55","max_rent","1","882","2026-05-01","","https://www.huduser.gov/portal/datasets/mtsp.html#data_2026","OHCS workbook, MTSP HERA Special, 2026"
"HUD-MTSP-HERA","OR-JOSEPHINE","55","max_rent","2","1058","2026-05-01","","https://www.huduser.gov/portal/datasets/mtsp.html#data_2026","OHCS workbook, MTSP HERA Special, 2026"
"HUD-MTSP-HERA","OR-JOSEPHINE","55","max_rent","3","1223","2026-05-01","","https://www.huduser.gov/portal/datasets/mtsp.html#data_2026","OHCS workbook, MTSP HERA Special, 2026"
"HUD-MTSP-HERA","OR-JOSEPHINE","55","max_rent","4","1364","2026-05-01","","https://www.huduser.gov/portal/datasets/mtsp.html#data_2026","OHCS workbook, MTSP HERA Special, 2026"
"HUD-MTSP-HERA","OR-JOSEPHINE","55","max_rent","5","1505","2026-05-01","","https://www.huduser.gov/portal/datasets/mtsp.html#data_2026","OHCS workbook, MTSP HERA Special, 2026"
"HUD-MTSP-HERA","OR-JOSEPHINE","55","max_rent_75pct_0br","0","617","2026-05-01","","https://www.huduser.gov/portal/datasets/mtsp.html#data_2026","OHCS workbook, MTSP HERA Special, 2026"
"HUD-MTSP-HERA","OR-JOSEPHINE","60","max_rent","0","898","2026-05-01","","https://www.huduser.gov/portal/datasets/mtsp.html#data_2026","OHCS workbook, MTSP HERA Special, 2026"
"HUD-MTSP-HERA","OR-JOSEPHINE","60","max_rent","1","962","2026-05-01","","https://www.huduser.gov/portal/datasets/mtsp.html#data_2026","OHCS workbook, MTSP HERA Special, 2026"
"HUD-MTSP-HERA","OR-JOSEPHINE","60","max_rent","2","1155","2026-05-01","","https://www.huduser.gov/portal/datasets/mtsp.html#data_2026","OHCS workbook, MTSP HERA Special, 2026"
"HUD-MTSP-HERA","OR-JOSEPHINE","60","max_rent","3","1334","2026-05-01","","https://www.huduser.gov/portal/datasets/mtsp.html#data_2026","OHCS workbook, MTSP HERA Special, 2026"
"HUD-MTSP-HERA","OR-JOSEPHINE","60","max_rent","4","1488","2026-05-01","","https://www.huduser.gov/portal/datasets/mtsp.html#data_2026","OHCS workbook, MTSP HERA Special, 2026"
"HUD-MTSP-HERA","OR-JOSEPHINE","60","max_rent","5","1642","2026-05-01","","https://www.huduser.gov/portal/datasets/mtsp.html#data_2026","OHCS workbook, MTSP HERA Special, 2026"
"HUD-MTSP-HERA","OR-JOSEPHINE","60","max_rent_75pct_0br","0","673","2026-05-01","","https://www.huduser.gov/portal/datasets/mtsp.html#data_2026","OHCS workbook, MTSP HERA Special, 2026"
"HUD-MTSP-HERA","OR-JOSEPHINE","70","max_rent","0","1048","2026-05-01","","https://www.huduser.gov/portal/datasets/mtsp.html#data_2026","OHCS workbook, MTSP HERA Special, 2026"
"HUD-MTSP-HERA","OR-JOSEPHINE","70","max_rent","1","1122","2026-05-01","","https://www.huduser.gov/portal/datasets/mtsp.html#data_2026","OHCS workbook, MTSP HERA Special, 2026"
"HUD-MTSP-HERA","OR-JOSEPHINE","70","max_rent","2","1347","2026-05-01","","https://www.huduser.gov/portal/datasets/mtsp.html#data_2026","OHCS workbook, MTSP HERA Special, 2026"
"HUD-MTSP-HERA","OR-JOSEPHINE","70","max_rent","3","1556","2026-05-01","","https://www.huduser.gov/portal/datasets/mtsp.html#data_2026","OHCS workbook, MTSP HERA Special, 2026"
"HUD-MTSP-HERA","OR-JOSEPHINE","70","max_rent","4","1736","2026-05-01","","https://www.huduser.gov/portal/datasets/mtsp.html#data_2026","OHCS workbook, MTSP HERA Special, 2026"
"HUD-MTSP-HERA","OR-JOSEPHINE","70","max_rent","5","1916","2026-05-01","","https://www.huduser.gov/portal/datasets/mtsp.html#data_2026","OHCS workbook, MTSP HERA Special, 2026"
"HUD-MTSP-HERA","OR-JOSEPHINE","70","max_rent_75pct_0br","0","786","2026-05-01","","https://www.huduser.gov/portal/datasets/mtsp.html#data_2026","OHCS workbook, MTSP HERA Special, 2026"
"HUD-MTSP-HERA","OR-JOSEPHINE","80","max_rent","0","1198","2026-05-01","","https://www.huduser.gov/portal/datasets/mtsp.html#data_2026","OHCS workbook, MTSP HERA Special, 2026"
"HUD-MTSP-HERA","OR-JOSEPHINE","80","max_rent","1","1283","2026-05-01","","https://www.huduser.gov/portal/datasets/mtsp.html#data_2026","OHCS workbook, MTSP HERA Special, 2026"
"HUD-MTSP-HERA","OR-JOSEPHINE","80","max_rent","2","1540","2026-05-01","","https://www.huduser.gov/portal/datasets/mtsp.html#data_2026","OHCS workbook, MTSP HERA Special, 2026"
"HUD-MTSP-HERA","OR-JOSEPHINE","80","max_rent","3","1779","2026-05-01","","https://www.huduser.gov/portal/datasets/mtsp.html#data_2026","OHCS workbook, MTSP HERA Special, 2026"
"HUD-MTSP-HERA","OR-JOSEPHINE","80","max_rent","4","1984","2026-05-01","","https://www.huduser.gov/portal/datasets/mtsp.html#data_2026","OHCS workbook, MTSP HERA Special, 2026"
"HUD-MTSP-HERA","OR-JOSEPHINE","80","max_rent","5","2190","2026-05-01","","https://www.huduser.gov/portal/datasets/mtsp.html#data_2026","OHCS workbook, MTSP HERA Special, 2026"
"HUD-MTSP-HERA","OR-JOSEPHINE","80","max_rent_75pct_0br","0","898","2026-05-01","","https://www.huduser.gov/portal/datasets/mtsp.html#data_2026","OHCS workbook, MTSP HERA Special, 2026"
"HUD-MTSP","OR-JACKSON","20","max_rent","0","343","2026-05-01","","https://www.huduser.gov/portal/datasets/mtsp.html#data_2026","OHCS workbook, Actual MTSP, 2026"
"HUD-MTSP","OR-JACKSON","20","max_rent","1","368","2026-05-01","","https://www.huduser.gov/portal/datasets/mtsp.html#data_2026","OHCS workbook, Actual MTSP, 2026"
"HUD-MTSP","OR-JACKSON","20","max_rent","2","441","2026-05-01","","https://www.huduser.gov/portal/datasets/mtsp.html#data_2026","OHCS workbook, Actual MTSP, 2026"
"HUD-MTSP","OR-JACKSON","20","max_rent","3","510","2026-05-01","","https://www.huduser.gov/portal/datasets/mtsp.html#data_2026","OHCS workbook, Actual MTSP, 2026"
"HUD-MTSP","OR-JACKSON","20","max_rent","4","569","2026-05-01","","https://www.huduser.gov/portal/datasets/mtsp.html#data_2026","OHCS workbook, Actual MTSP, 2026"
"HUD-MTSP","OR-JACKSON","20","max_rent","5","628","2026-05-01","","https://www.huduser.gov/portal/datasets/mtsp.html#data_2026","OHCS workbook, Actual MTSP, 2026"
"HUD-MTSP","OR-JACKSON","20","max_rent_75pct_0br","0","257","2026-05-01","","https://www.huduser.gov/portal/datasets/mtsp.html#data_2026","OHCS workbook, Actual MTSP, 2026"
"HUD-MTSP","OR-JACKSON","30","max_rent","0","515","2026-05-01","","https://www.huduser.gov/portal/datasets/mtsp.html#data_2026","OHCS workbook, Actual MTSP, 2026"
"HUD-MTSP","OR-JACKSON","30","max_rent","1","552","2026-05-01","","https://www.huduser.gov/portal/datasets/mtsp.html#data_2026","OHCS workbook, Actual MTSP, 2026"
"HUD-MTSP","OR-JACKSON","30","max_rent","2","662","2026-05-01","","https://www.huduser.gov/portal/datasets/mtsp.html#data_2026","OHCS workbook, Actual MTSP, 2026"
"HUD-MTSP","OR-JACKSON","30","max_rent","3","765","2026-05-01","","https://www.huduser.gov/portal/datasets/mtsp.html#data_2026","OHCS workbook, Actual MTSP, 2026"
"HUD-MTSP","OR-JACKSON","30","max_rent","4","853","2026-05-01","","https://www.huduser.gov/portal/datasets/mtsp.html#data_2026","OHCS workbook, Actual MTSP, 2026"
"HUD-MTSP","OR-JACKSON","30","max_rent","5","942","2026-05-01","","https://www.huduser.gov/portal/datasets/mtsp.html#data_2026","OHCS workbook, Actual MTSP, 2026"
"HUD-MTSP","OR-JACKSON","30","max_rent_75pct_0br","0","386","2026-05-01","","https://www.huduser.gov/portal/datasets/mtsp.html#data_2026","OHCS workbook, Actual MTSP, 2026"
"HUD-MTSP","OR-JACKSON","35","max_rent","0","601","2026-05-01","","https://www.huduser.gov/portal/datasets/mtsp.html#data_2026","OHCS workbook, Actual MTSP, 2026"
"HUD-MTSP","OR-JACKSON","35","max_rent","1","644","2026-05-01","","https://www.huduser.gov/portal/datasets/mtsp.html#data_2026","OHCS workbook, Actual MTSP, 2026"
"HUD-MTSP","OR-JACKSON","35","max_rent","2","772","2026-05-01","","https://www.huduser.gov/portal/datasets/mtsp.html#data_2026","OHCS workbook, Actual MTSP, 2026"
"HUD-MTSP","OR-JACKSON","35","max_rent","3","892","2026-05-01","","https://www.huduser.gov/portal/datasets/mtsp.html#data_2026","OHCS workbook, Actual MTSP, 2026"
"HUD-MTSP","OR-JACKSON","35","max_rent","4","995","2026-05-01","","https://www.huduser.gov/portal/datasets/mtsp.html#data_2026","OHCS workbook, Actual MTSP, 2026"
"HUD-MTSP","OR-JACKSON","35","max_rent","5","1099","2026-05-01","","https://www.huduser.gov/portal/datasets/mtsp.html#data_2026","OHCS workbook, Actual MTSP, 2026"
"HUD-MTSP","OR-JACKSON","35","max_rent_75pct_0br","0","450","2026-05-01","","https://www.huduser.gov/portal/datasets/mtsp.html#data_2026","OHCS workbook, Actual MTSP, 2026"
"HUD-MTSP","OR-JACKSON","40","max_rent","0","687","2026-05-01","","https://www.huduser.gov/portal/datasets/mtsp.html#data_2026","OHCS workbook, Actual MTSP, 2026"
"HUD-MTSP","OR-JACKSON","40","max_rent","1","736","2026-05-01","","https://www.huduser.gov/portal/datasets/mtsp.html#data_2026","OHCS workbook, Actual MTSP, 2026"
"HUD-MTSP","OR-JACKSON","40","max_rent","2","883","2026-05-01","","https://www.huduser.gov/portal/datasets/mtsp.html#data_2026","OHCS workbook, Actual MTSP, 2026"
"HUD-MTSP","OR-JACKSON","40","max_rent","3","1020","2026-05-01","","https://www.huduser.gov/portal/datasets/mtsp.html#data_2026","OHCS workbook, Actual MTSP, 2026"
"HUD-MTSP","OR-JACKSON","40","max_rent","4","1138","2026-05-01","","https://www.huduser.gov/portal/datasets/mtsp.html#data_2026","OHCS workbook, Actual MTSP, 2026"
"HUD-MTSP","OR-JACKSON","40","max_rent","5","1256","2026-05-01","","https://www.huduser.gov/portal/datasets/mtsp.html#data_2026","OHCS workbook, Actual MTSP, 2026"
"HUD-MTSP","OR-JACKSON","40","max_rent_75pct_0br","0","515","2026-05-01","","https://www.huduser.gov/portal/datasets/mtsp.html#data_2026","OHCS workbook, Actual MTSP, 2026"
"HUD-MTSP","OR-JACKSON","45","max_rent","0","772","2026-05-01","","https://www.huduser.gov/portal/datasets/mtsp.html#data_2026","OHCS workbook, Actual MTSP, 2026"
"HUD-MTSP","OR-JACKSON","45","max_rent","1","828","2026-05-01","","https://www.huduser.gov/portal/datasets/mtsp.html#data_2026","OHCS workbook, Actual MTSP, 2026"
"HUD-MTSP","OR-JACKSON","45","max_rent","2","993","2026-05-01","","https://www.huduser.gov/portal/datasets/mtsp.html#data_2026","OHCS workbook, Actual MTSP, 2026"
"HUD-MTSP","OR-JACKSON","45","max_rent","3","1148","2026-05-01","","https://www.huduser.gov/portal/datasets/mtsp.html#data_2026","OHCS workbook, Actual MTSP, 2026"
"HUD-MTSP","OR-JACKSON","45","max_rent","4","1280","2026-05-01","","https://www.huduser.gov/portal/datasets/mtsp.html#data_2026","OHCS workbook, Actual MTSP, 2026"
"HUD-MTSP","OR-JACKSON","45","max_rent","5","1413","2026-05-01","","https://www.huduser.gov/portal/datasets/mtsp.html#data_2026","OHCS workbook, Actual MTSP, 2026"
"HUD-MTSP","OR-JACKSON","45","max_rent_75pct_0br","0","579","2026-05-01","","https://www.huduser.gov/portal/datasets/mtsp.html#data_2026","OHCS workbook, Actual MTSP, 2026"
"HUD-MTSP","OR-JACKSON","50","max_rent","0","858","2026-05-01","","https://www.huduser.gov/portal/datasets/mtsp.html#data_2026","OHCS workbook, Actual MTSP, 2026"
"HUD-MTSP","OR-JACKSON","50","max_rent","1","920","2026-05-01","","https://www.huduser.gov/portal/datasets/mtsp.html#data_2026","OHCS workbook, Actual MTSP, 2026"
"HUD-MTSP","OR-JACKSON","50","max_rent","2","1103","2026-05-01","","https://www.huduser.gov/portal/datasets/mtsp.html#data_2026","OHCS workbook, Actual MTSP, 2026"
"HUD-MTSP","OR-JACKSON","50","max_rent","3","1275","2026-05-01","","https://www.huduser.gov/portal/datasets/mtsp.html#data_2026","OHCS workbook, Actual MTSP, 2026"
"HUD-MTSP","OR-JACKSON","50","max_rent","4","1422","2026-05-01","","https://www.huduser.gov/portal/datasets/mtsp.html#data_2026","OHCS workbook, Actual MTSP, 2026"
"HUD-MTSP","OR-JACKSON","50","max_rent","5","1570","2026-05-01","","https://www.huduser.gov/portal/datasets/mtsp.html#data_2026","OHCS workbook, Actual MTSP, 2026"
"HUD-MTSP","OR-JACKSON","50","max_rent_75pct_0br","0","643","2026-05-01","","https://www.huduser.gov/portal/datasets/mtsp.html#data_2026","OHCS workbook, Actual MTSP, 2026"
"HUD-MTSP","OR-JACKSON","55","max_rent","0","944","2026-05-01","","https://www.huduser.gov/portal/datasets/mtsp.html#data_2026","OHCS workbook, Actual MTSP, 2026"
"HUD-MTSP","OR-JACKSON","55","max_rent","1","1012","2026-05-01","","https://www.huduser.gov/portal/datasets/mtsp.html#data_2026","OHCS workbook, Actual MTSP, 2026"
"HUD-MTSP","OR-JACKSON","55","max_rent","2","1214","2026-05-01","","https://www.huduser.gov/portal/datasets/mtsp.html#data_2026","OHCS workbook, Actual MTSP, 2026"
"HUD-MTSP","OR-JACKSON","55","max_rent","3","1403","2026-05-01","","https://www.huduser.gov/portal/datasets/mtsp.html#data_2026","OHCS workbook, Actual MTSP, 2026"
"HUD-MTSP","OR-JACKSON","55","max_rent","4","1564","2026-05-01","","https://www.huduser.gov/portal/datasets/mtsp.html#data_2026","OHCS workbook, Actual MTSP, 2026"
"HUD-MTSP","OR-JACKSON","55","max_rent","5","1727","2026-05-01","","https://www.huduser.gov/portal/datasets/mtsp.html#data_2026","OHCS workbook, Actual MTSP, 2026"
"HUD-MTSP","OR-JACKSON","55","max_rent_75pct_0br","0","708","2026-05-01","","https://www.huduser.gov/portal/datasets/mtsp.html#data_2026","OHCS workbook, Actual MTSP, 2026"
"HUD-MTSP","OR-JACKSON","60","max_rent","0","1030","2026-05-01","","https://www.huduser.gov/portal/datasets/mtsp.html#data_2026","OHCS workbook, Actual MTSP, 2026"
"HUD-MTSP","OR-JACKSON","60","max_rent","1","1104","2026-05-01","","https://www.huduser.gov/portal/datasets/mtsp.html#data_2026","OHCS workbook, Actual MTSP, 2026"
"HUD-MTSP","OR-JACKSON","60","max_rent","2","1324","2026-05-01","","https://www.huduser.gov/portal/datasets/mtsp.html#data_2026","OHCS workbook, Actual MTSP, 2026"
"HUD-MTSP","OR-JACKSON","60","max_rent","3","1530","2026-05-01","","https://www.huduser.gov/portal/datasets/mtsp.html#data_2026","OHCS workbook, Actual MTSP, 2026"
"HUD-MTSP","OR-JACKSON","60","max_rent","4","1707","2026-05-01","","https://www.huduser.gov/portal/datasets/mtsp.html#data_2026","OHCS workbook, Actual MTSP, 2026"
"HUD-MTSP","OR-JACKSON","60","max_rent","5","1884","2026-05-01","","https://www.huduser.gov/portal/datasets/mtsp.html#data_2026","OHCS workbook, Actual MTSP, 2026"
"HUD-MTSP","OR-JACKSON","60","max_rent_75pct_0br","0","772","2026-05-01","","https://www.huduser.gov/portal/datasets/mtsp.html#data_2026","OHCS workbook, Actual MTSP, 2026"
"HUD-MTSP","OR-JACKSON","70","max_rent","0","1202","2026-05-01","","https://www.huduser.gov/portal/datasets/mtsp.html#data_2026","OHCS workbook, Actual MTSP, 2026"
"HUD-MTSP","OR-JACKSON","70","max_rent","1","1288","2026-05-01","","https://www.huduser.gov/portal/datasets/mtsp.html#data_2026","OHCS workbook, Actual MTSP, 2026"
"HUD-MTSP","OR-JACKSON","70","max_rent","2","1545","2026-05-01","","https://www.huduser.gov/portal/datasets/mtsp.html#data_2026","OHCS workbook, Actual MTSP, 2026"
"HUD-MTSP","OR-JACKSON","70","max_rent","3","1785","2026-05-01","","https://www.huduser.gov/portal/datasets/mtsp.html#data_2026","OHCS workbook, Actual MTSP, 2026"
"HUD-MTSP","OR-JACKSON","70","max_rent","4","1991","2026-05-01","","https://www.huduser.gov/portal/datasets/mtsp.html#data_2026","OHCS workbook, Actual MTSP, 2026"
"HUD-MTSP","OR-JACKSON","70","max_rent","5","2198","2026-05-01","","https://www.huduser.gov/portal/datasets/mtsp.html#data_2026","OHCS workbook, Actual MTSP, 2026"
"HUD-MTSP","OR-JACKSON","70","max_rent_75pct_0br","0","901","2026-05-01","","https://www.huduser.gov/portal/datasets/mtsp.html#data_2026","OHCS workbook, Actual MTSP, 2026"
"HUD-MTSP","OR-JACKSON","80","max_rent","0","1374","2026-05-01","","https://www.huduser.gov/portal/datasets/mtsp.html#data_2026","OHCS workbook, Actual MTSP, 2026"
"HUD-MTSP","OR-JACKSON","80","max_rent","1","1472","2026-05-01","","https://www.huduser.gov/portal/datasets/mtsp.html#data_2026","OHCS workbook, Actual MTSP, 2026"
"HUD-MTSP","OR-JACKSON","80","max_rent","2","1766","2026-05-01","","https://www.huduser.gov/portal/datasets/mtsp.html#data_2026","OHCS workbook, Actual MTSP, 2026"
"HUD-MTSP","OR-JACKSON","80","max_rent","3","2041","2026-05-01","","https://www.huduser.gov/portal/datasets/mtsp.html#data_2026","OHCS workbook, Actual MTSP, 2026"
"HUD-MTSP","OR-JACKSON","80","max_rent","4","2276","2026-05-01","","https://www.huduser.gov/portal/datasets/mtsp.html#data_2026","OHCS workbook, Actual MTSP, 2026"
"HUD-MTSP","OR-JACKSON","80","max_rent","5","2512","2026-05-01","","https://www.huduser.gov/portal/datasets/mtsp.html#data_2026","OHCS workbook, Actual MTSP, 2026"
"HUD-MTSP","OR-JACKSON","80","max_rent_75pct_0br","0","1030","2026-05-01","","https://www.huduser.gov/portal/datasets/mtsp.html#data_2026","OHCS workbook, Actual MTSP, 2026"
"HUD-MTSP","OR-JOSEPHINE","20","max_rent","0","293","2026-05-01","","https://www.huduser.gov/portal/datasets/mtsp.html#data_2026","OHCS workbook, Actual MTSP, 2026"
"HUD-MTSP","OR-JOSEPHINE","20","max_rent","1","313","2026-05-01","","https://www.huduser.gov/portal/datasets/mtsp.html#data_2026","OHCS workbook, Actual MTSP, 2026"
"HUD-MTSP","OR-JOSEPHINE","20","max_rent","2","376","2026-05-01","","https://www.huduser.gov/portal/datasets/mtsp.html#data_2026","OHCS workbook, Actual MTSP, 2026"
"HUD-MTSP","OR-JOSEPHINE","20","max_rent","3","434","2026-05-01","","https://www.huduser.gov/portal/datasets/mtsp.html#data_2026","OHCS workbook, Actual MTSP, 2026"
"HUD-MTSP","OR-JOSEPHINE","20","max_rent","4","485","2026-05-01","","https://www.huduser.gov/portal/datasets/mtsp.html#data_2026","OHCS workbook, Actual MTSP, 2026"
"HUD-MTSP","OR-JOSEPHINE","20","max_rent","5","535","2026-05-01","","https://www.huduser.gov/portal/datasets/mtsp.html#data_2026","OHCS workbook, Actual MTSP, 2026"
"HUD-MTSP","OR-JOSEPHINE","20","max_rent_75pct_0br","0","219","2026-05-01","","https://www.huduser.gov/portal/datasets/mtsp.html#data_2026","OHCS workbook, Actual MTSP, 2026"
"HUD-MTSP","OR-JOSEPHINE","30","max_rent","0","439","2026-05-01","","https://www.huduser.gov/portal/datasets/mtsp.html#data_2026","OHCS workbook, Actual MTSP, 2026"
"HUD-MTSP","OR-JOSEPHINE","30","max_rent","1","470","2026-05-01","","https://www.huduser.gov/portal/datasets/mtsp.html#data_2026","OHCS workbook, Actual MTSP, 2026"
"HUD-MTSP","OR-JOSEPHINE","30","max_rent","2","564","2026-05-01","","https://www.huduser.gov/portal/datasets/mtsp.html#data_2026","OHCS workbook, Actual MTSP, 2026"
"HUD-MTSP","OR-JOSEPHINE","30","max_rent","3","652","2026-05-01","","https://www.huduser.gov/portal/datasets/mtsp.html#data_2026","OHCS workbook, Actual MTSP, 2026"
"HUD-MTSP","OR-JOSEPHINE","30","max_rent","4","727","2026-05-01","","https://www.huduser.gov/portal/datasets/mtsp.html#data_2026","OHCS workbook, Actual MTSP, 2026"
"HUD-MTSP","OR-JOSEPHINE","30","max_rent","5","802","2026-05-01","","https://www.huduser.gov/portal/datasets/mtsp.html#data_2026","OHCS workbook, Actual MTSP, 2026"
"HUD-MTSP","OR-JOSEPHINE","30","max_rent_75pct_0br","0","329","2026-05-01","","https://www.huduser.gov/portal/datasets/mtsp.html#data_2026","OHCS workbook, Actual MTSP, 2026"
"HUD-MTSP","OR-JOSEPHINE","35","max_rent","0","512","2026-05-01","","https://www.huduser.gov/portal/datasets/mtsp.html#data_2026","OHCS workbook, Actual MTSP, 2026"
"HUD-MTSP","OR-JOSEPHINE","35","max_rent","1","549","2026-05-01","","https://www.huduser.gov/portal/datasets/mtsp.html#data_2026","OHCS workbook, Actual MTSP, 2026"
"HUD-MTSP","OR-JOSEPHINE","35","max_rent","2","658","2026-05-01","","https://www.huduser.gov/portal/datasets/mtsp.html#data_2026","OHCS workbook, Actual MTSP, 2026"
"HUD-MTSP","OR-JOSEPHINE","35","max_rent","3","760","2026-05-01","","https://www.huduser.gov/portal/datasets/mtsp.html#data_2026","OHCS workbook, Actual MTSP, 2026"
"HUD-MTSP","OR-JOSEPHINE","35","max_rent","4","848","2026-05-01","","https://www.huduser.gov/portal/datasets/mtsp.html#data_2026","OHCS workbook, Actual MTSP, 2026"
"HUD-MTSP","OR-JOSEPHINE","35","max_rent","5","936","2026-05-01","","https://www.huduser.gov/portal/datasets/mtsp.html#data_2026","OHCS workbook, Actual MTSP, 2026"
"HUD-MTSP","OR-JOSEPHINE","35","max_rent_75pct_0br","0","384","2026-05-01","","https://www.huduser.gov/portal/datasets/mtsp.html#data_2026","OHCS workbook, Actual MTSP, 2026"
"HUD-MTSP","OR-JOSEPHINE","40","max_rent","0","586","2026-05-01","","https://www.huduser.gov/portal/datasets/mtsp.html#data_2026","OHCS workbook, Actual MTSP, 2026"
"HUD-MTSP","OR-JOSEPHINE","40","max_rent","1","627","2026-05-01","","https://www.huduser.gov/portal/datasets/mtsp.html#data_2026","OHCS workbook, Actual MTSP, 2026"
"HUD-MTSP","OR-JOSEPHINE","40","max_rent","2","753","2026-05-01","","https://www.huduser.gov/portal/datasets/mtsp.html#data_2026","OHCS workbook, Actual MTSP, 2026"
"HUD-MTSP","OR-JOSEPHINE","40","max_rent","3","869","2026-05-01","","https://www.huduser.gov/portal/datasets/mtsp.html#data_2026","OHCS workbook, Actual MTSP, 2026"
"HUD-MTSP","OR-JOSEPHINE","40","max_rent","4","970","2026-05-01","","https://www.huduser.gov/portal/datasets/mtsp.html#data_2026","OHCS workbook, Actual MTSP, 2026"
"HUD-MTSP","OR-JOSEPHINE","40","max_rent","5","1070","2026-05-01","","https://www.huduser.gov/portal/datasets/mtsp.html#data_2026","OHCS workbook, Actual MTSP, 2026"
"HUD-MTSP","OR-JOSEPHINE","40","max_rent_75pct_0br","0","439","2026-05-01","","https://www.huduser.gov/portal/datasets/mtsp.html#data_2026","OHCS workbook, Actual MTSP, 2026"
"HUD-MTSP","OR-JOSEPHINE","45","max_rent","0","659","2026-05-01","","https://www.huduser.gov/portal/datasets/mtsp.html#data_2026","OHCS workbook, Actual MTSP, 2026"
"HUD-MTSP","OR-JOSEPHINE","45","max_rent","1","705","2026-05-01","","https://www.huduser.gov/portal/datasets/mtsp.html#data_2026","OHCS workbook, Actual MTSP, 2026"
"HUD-MTSP","OR-JOSEPHINE","45","max_rent","2","847","2026-05-01","","https://www.huduser.gov/portal/datasets/mtsp.html#data_2026","OHCS workbook, Actual MTSP, 2026"
"HUD-MTSP","OR-JOSEPHINE","45","max_rent","3","978","2026-05-01","","https://www.huduser.gov/portal/datasets/mtsp.html#data_2026","OHCS workbook, Actual MTSP, 2026"
"HUD-MTSP","OR-JOSEPHINE","45","max_rent","4","1091","2026-05-01","","https://www.huduser.gov/portal/datasets/mtsp.html#data_2026","OHCS workbook, Actual MTSP, 2026"
"HUD-MTSP","OR-JOSEPHINE","45","max_rent","5","1204","2026-05-01","","https://www.huduser.gov/portal/datasets/mtsp.html#data_2026","OHCS workbook, Actual MTSP, 2026"
"HUD-MTSP","OR-JOSEPHINE","45","max_rent_75pct_0br","0","494","2026-05-01","","https://www.huduser.gov/portal/datasets/mtsp.html#data_2026","OHCS workbook, Actual MTSP, 2026"
"HUD-MTSP","OR-JOSEPHINE","50","max_rent","0","732","2026-05-01","","https://www.huduser.gov/portal/datasets/mtsp.html#data_2026","OHCS workbook, Actual MTSP, 2026"
"HUD-MTSP","OR-JOSEPHINE","50","max_rent","1","784","2026-05-01","","https://www.huduser.gov/portal/datasets/mtsp.html#data_2026","OHCS workbook, Actual MTSP, 2026"
"HUD-MTSP","OR-JOSEPHINE","50","max_rent","2","941","2026-05-01","","https://www.huduser.gov/portal/datasets/mtsp.html#data_2026","OHCS workbook, Actual MTSP, 2026"
"HUD-MTSP","OR-JOSEPHINE","50","max_rent","3","1086","2026-05-01","","https://www.huduser.gov/portal/datasets/mtsp.html#data_2026","OHCS workbook, Actual MTSP, 2026"
"HUD-MTSP","OR-JOSEPHINE","50","max_rent","4","1212","2026-05-01","","https://www.huduser.gov/portal/datasets/mtsp.html#data_2026","OHCS workbook, Actual MTSP, 2026"
"HUD-MTSP","OR-JOSEPHINE","50","max_rent","5","1338","2026-05-01","","https://www.huduser.gov/portal/datasets/mtsp.html#data_2026","OHCS workbook, Actual MTSP, 2026"
"HUD-MTSP","OR-JOSEPHINE","50","max_rent_75pct_0br","0","549","2026-05-01","","https://www.huduser.gov/portal/datasets/mtsp.html#data_2026","OHCS workbook, Actual MTSP, 2026"
"HUD-MTSP","OR-JOSEPHINE","55","max_rent","0","805","2026-05-01","","https://www.huduser.gov/portal/datasets/mtsp.html#data_2026","OHCS workbook, Actual MTSP, 2026"
"HUD-MTSP","OR-JOSEPHINE","55","max_rent","1","862","2026-05-01","","https://www.huduser.gov/portal/datasets/mtsp.html#data_2026","OHCS workbook, Actual MTSP, 2026"
"HUD-MTSP","OR-JOSEPHINE","55","max_rent","2","1035","2026-05-01","","https://www.huduser.gov/portal/datasets/mtsp.html#data_2026","OHCS workbook, Actual MTSP, 2026"
"HUD-MTSP","OR-JOSEPHINE","55","max_rent","3","1195","2026-05-01","","https://www.huduser.gov/portal/datasets/mtsp.html#data_2026","OHCS workbook, Actual MTSP, 2026"
"HUD-MTSP","OR-JOSEPHINE","55","max_rent","4","1333","2026-05-01","","https://www.huduser.gov/portal/datasets/mtsp.html#data_2026","OHCS workbook, Actual MTSP, 2026"
"HUD-MTSP","OR-JOSEPHINE","55","max_rent","5","1471","2026-05-01","","https://www.huduser.gov/portal/datasets/mtsp.html#data_2026","OHCS workbook, Actual MTSP, 2026"
"HUD-MTSP","OR-JOSEPHINE","55","max_rent_75pct_0br","0","603","2026-05-01","","https://www.huduser.gov/portal/datasets/mtsp.html#data_2026","OHCS workbook, Actual MTSP, 2026"
"HUD-MTSP","OR-JOSEPHINE","60","max_rent","0","879","2026-05-01","","https://www.huduser.gov/portal/datasets/mtsp.html#data_2026","OHCS workbook, Actual MTSP, 2026"
"HUD-MTSP","OR-JOSEPHINE","60","max_rent","1","941","2026-05-01","","https://www.huduser.gov/portal/datasets/mtsp.html#data_2026","OHCS workbook, Actual MTSP, 2026"
"HUD-MTSP","OR-JOSEPHINE","60","max_rent","2","1129","2026-05-01","","https://www.huduser.gov/portal/datasets/mtsp.html#data_2026","OHCS workbook, Actual MTSP, 2026"
"HUD-MTSP","OR-JOSEPHINE","60","max_rent","3","1304","2026-05-01","","https://www.huduser.gov/portal/datasets/mtsp.html#data_2026","OHCS workbook, Actual MTSP, 2026"
"HUD-MTSP","OR-JOSEPHINE","60","max_rent","4","1455","2026-05-01","","https://www.huduser.gov/portal/datasets/mtsp.html#data_2026","OHCS workbook, Actual MTSP, 2026"
"HUD-MTSP","OR-JOSEPHINE","60","max_rent","5","1605","2026-05-01","","https://www.huduser.gov/portal/datasets/mtsp.html#data_2026","OHCS workbook, Actual MTSP, 2026"
"HUD-MTSP","OR-JOSEPHINE","60","max_rent_75pct_0br","0","659","2026-05-01","","https://www.huduser.gov/portal/datasets/mtsp.html#data_2026","OHCS workbook, Actual MTSP, 2026"
"HUD-MTSP","OR-JOSEPHINE","70","max_rent","0","1025","2026-05-01","","https://www.huduser.gov/portal/datasets/mtsp.html#data_2026","OHCS workbook, Actual MTSP, 2026"
"HUD-MTSP","OR-JOSEPHINE","70","max_rent","1","1098","2026-05-01","","https://www.huduser.gov/portal/datasets/mtsp.html#data_2026","OHCS workbook, Actual MTSP, 2026"
"HUD-MTSP","OR-JOSEPHINE","70","max_rent","2","1317","2026-05-01","","https://www.huduser.gov/portal/datasets/mtsp.html#data_2026","OHCS workbook, Actual MTSP, 2026"
"HUD-MTSP","OR-JOSEPHINE","70","max_rent","3","1521","2026-05-01","","https://www.huduser.gov/portal/datasets/mtsp.html#data_2026","OHCS workbook, Actual MTSP, 2026"
"HUD-MTSP","OR-JOSEPHINE","70","max_rent","4","1697","2026-05-01","","https://www.huduser.gov/portal/datasets/mtsp.html#data_2026","OHCS workbook, Actual MTSP, 2026"
"HUD-MTSP","OR-JOSEPHINE","70","max_rent","5","1873","2026-05-01","","https://www.huduser.gov/portal/datasets/mtsp.html#data_2026","OHCS workbook, Actual MTSP, 2026"
"HUD-MTSP","OR-JOSEPHINE","70","max_rent_75pct_0br","0","768","2026-05-01","","https://www.huduser.gov/portal/datasets/mtsp.html#data_2026","OHCS workbook, Actual MTSP, 2026"
"HUD-MTSP","OR-JOSEPHINE","80","max_rent","0","1172","2026-05-01","","https://www.huduser.gov/portal/datasets/mtsp.html#data_2026","OHCS workbook, Actual MTSP, 2026"
"HUD-MTSP","OR-JOSEPHINE","80","max_rent","1","1255","2026-05-01","","https://www.huduser.gov/portal/datasets/mtsp.html#data_2026","OHCS workbook, Actual MTSP, 2026"
"HUD-MTSP","OR-JOSEPHINE","80","max_rent","2","1506","2026-05-01","","https://www.huduser.gov/portal/datasets/mtsp.html#data_2026","OHCS workbook, Actual MTSP, 2026"
"HUD-MTSP","OR-JOSEPHINE","80","max_rent","3","1739","2026-05-01","","https://www.huduser.gov/portal/datasets/mtsp.html#data_2026","OHCS workbook, Actual MTSP, 2026"
"HUD-MTSP","OR-JOSEPHINE","80","max_rent","4","1940","2026-05-01","","https://www.huduser.gov/portal/datasets/mtsp.html#data_2026","OHCS workbook, Actual MTSP, 2026"
"HUD-MTSP","OR-JOSEPHINE","80","max_rent","5","2141","2026-05-01","","https://www.huduser.gov/portal/datasets/mtsp.html#data_2026","OHCS workbook, Actual MTSP, 2026"
"HUD-MTSP","OR-JOSEPHINE","80","max_rent_75pct_0br","0","879","2026-05-01","","https://www.huduser.gov/portal/datasets/mtsp.html#data_2026","OHCS workbook, Actual MTSP, 2026"
"HUD-MTSP","OR-JACKSON","20","max_rent","0","323","2025-04-01","","https://www.huduser.gov/portal/datasets/mtsp.html#data_2026","OHCS workbook, Actual MTSP, 2025"
"HUD-MTSP","OR-JACKSON","20","max_rent","1","346","2025-04-01","","https://www.huduser.gov/portal/datasets/mtsp.html#data_2026","OHCS workbook, Actual MTSP, 2025"
"HUD-MTSP","OR-JACKSON","20","max_rent","2","416","2025-04-01","","https://www.huduser.gov/portal/datasets/mtsp.html#data_2026","OHCS workbook, Actual MTSP, 2025"
"HUD-MTSP","OR-JACKSON","20","max_rent","3","480","2025-04-01","","https://www.huduser.gov/portal/datasets/mtsp.html#data_2026","OHCS workbook, Actual MTSP, 2025"
"HUD-MTSP","OR-JACKSON","20","max_rent","4","536","2025-04-01","","https://www.huduser.gov/portal/datasets/mtsp.html#data_2026","OHCS workbook, Actual MTSP, 2025"
"HUD-MTSP","OR-JACKSON","20","max_rent","5","591","2025-04-01","","https://www.huduser.gov/portal/datasets/mtsp.html#data_2026","OHCS workbook, Actual MTSP, 2025"
"HUD-MTSP","OR-JACKSON","20","max_rent_75pct_0br","0","242","2025-04-01","","https://www.huduser.gov/portal/datasets/mtsp.html#data_2026","OHCS workbook, Actual MTSP, 2025"
"HUD-MTSP","OR-JACKSON","30","max_rent","0","485","2025-04-01","","https://www.huduser.gov/portal/datasets/mtsp.html#data_2026","OHCS workbook, Actual MTSP, 2025"
"HUD-MTSP","OR-JACKSON","30","max_rent","1","520","2025-04-01","","https://www.huduser.gov/portal/datasets/mtsp.html#data_2026","OHCS workbook, Actual MTSP, 2025"
"HUD-MTSP","OR-JACKSON","30","max_rent","2","624","2025-04-01","","https://www.huduser.gov/portal/datasets/mtsp.html#data_2026","OHCS workbook, Actual MTSP, 2025"
"HUD-MTSP","OR-JACKSON","30","max_rent","3","720","2025-04-01","","https://www.huduser.gov/portal/datasets/mtsp.html#data_2026","OHCS workbook, Actual MTSP, 2025"
"HUD-MTSP","OR-JACKSON","30","max_rent","4","804","2025-04-01","","https://www.huduser.gov/portal/datasets/mtsp.html#data_2026","OHCS workbook, Actual MTSP, 2025"
"HUD-MTSP","OR-JACKSON","30","max_rent","5","887","2025-04-01","","https://www.huduser.gov/portal/datasets/mtsp.html#data_2026","OHCS workbook, Actual MTSP, 2025"
"HUD-MTSP","OR-JACKSON","30","max_rent_75pct_0br","0","363","2025-04-01","","https://www.huduser.gov/portal/datasets/mtsp.html#data_2026","OHCS workbook, Actual MTSP, 2025"
"HUD-MTSP","OR-JACKSON","35","max_rent","0","566","2025-04-01","","https://www.huduser.gov/portal/datasets/mtsp.html#data_2026","OHCS workbook, Actual MTSP, 2025"
"HUD-MTSP","OR-JACKSON","35","max_rent","1","606","2025-04-01","","https://www.huduser.gov/portal/datasets/mtsp.html#data_2026","OHCS workbook, Actual MTSP, 2025"
"HUD-MTSP","OR-JACKSON","35","max_rent","2","728","2025-04-01","","https://www.huduser.gov/portal/datasets/mtsp.html#data_2026","OHCS workbook, Actual MTSP, 2025"
"HUD-MTSP","OR-JACKSON","35","max_rent","3","840","2025-04-01","","https://www.huduser.gov/portal/datasets/mtsp.html#data_2026","OHCS workbook, Actual MTSP, 2025"
"HUD-MTSP","OR-JACKSON","35","max_rent","4","938","2025-04-01","","https://www.huduser.gov/portal/datasets/mtsp.html#data_2026","OHCS workbook, Actual MTSP, 2025"
"HUD-MTSP","OR-JACKSON","35","max_rent","5","1035","2025-04-01","","https://www.huduser.gov/portal/datasets/mtsp.html#data_2026","OHCS workbook, Actual MTSP, 2025"
"HUD-MTSP","OR-JACKSON","35","max_rent_75pct_0br","0","424","2025-04-01","","https://www.huduser.gov/portal/datasets/mtsp.html#data_2026","OHCS workbook, Actual MTSP, 2025"
"HUD-MTSP","OR-JACKSON","40","max_rent","0","647","2025-04-01","","https://www.huduser.gov/portal/datasets/mtsp.html#data_2026","OHCS workbook, Actual MTSP, 2025"
"HUD-MTSP","OR-JACKSON","40","max_rent","1","693","2025-04-01","","https://www.huduser.gov/portal/datasets/mtsp.html#data_2026","OHCS workbook, Actual MTSP, 2025"
"HUD-MTSP","OR-JACKSON","40","max_rent","2","832","2025-04-01","","https://www.huduser.gov/portal/datasets/mtsp.html#data_2026","OHCS workbook, Actual MTSP, 2025"
"HUD-MTSP","OR-JACKSON","40","max_rent","3","961","2025-04-01","","https://www.huduser.gov/portal/datasets/mtsp.html#data_2026","OHCS workbook, Actual MTSP, 2025"
"HUD-MTSP","OR-JACKSON","40","max_rent","4","1072","2025-04-01","","https://www.huduser.gov/portal/datasets/mtsp.html#data_2026","OHCS workbook, Actual MTSP, 2025"
"HUD-MTSP","OR-JACKSON","40","max_rent","5","1183","2025-04-01","","https://www.huduser.gov/portal/datasets/mtsp.html#data_2026","OHCS workbook, Actual MTSP, 2025"
"HUD-MTSP","OR-JACKSON","40","max_rent_75pct_0br","0","485","2025-04-01","","https://www.huduser.gov/portal/datasets/mtsp.html#data_2026","OHCS workbook, Actual MTSP, 2025"
"HUD-MTSP","OR-JACKSON","45","max_rent","0","727","2025-04-01","","https://www.huduser.gov/portal/datasets/mtsp.html#data_2026","OHCS workbook, Actual MTSP, 2025"
"HUD-MTSP","OR-JACKSON","45","max_rent","1","780","2025-04-01","","https://www.huduser.gov/portal/datasets/mtsp.html#data_2026","OHCS workbook, Actual MTSP, 2025"
"HUD-MTSP","OR-JACKSON","45","max_rent","2","936","2025-04-01","","https://www.huduser.gov/portal/datasets/mtsp.html#data_2026","OHCS workbook, Actual MTSP, 2025"
"HUD-MTSP","OR-JACKSON","45","max_rent","3","1081","2025-04-01","","https://www.huduser.gov/portal/datasets/mtsp.html#data_2026","OHCS workbook, Actual MTSP, 2025"
"HUD-MTSP","OR-JACKSON","45","max_rent","4","1206","2025-04-01","","https://www.huduser.gov/portal/datasets/mtsp.html#data_2026","OHCS workbook, Actual MTSP, 2025"
"HUD-MTSP","OR-JACKSON","45","max_rent","5","1330","2025-04-01","","https://www.huduser.gov/portal/datasets/mtsp.html#data_2026","OHCS workbook, Actual MTSP, 2025"
"HUD-MTSP","OR-JACKSON","45","max_rent_75pct_0br","0","545","2025-04-01","","https://www.huduser.gov/portal/datasets/mtsp.html#data_2026","OHCS workbook, Actual MTSP, 2025"
"HUD-MTSP","OR-JACKSON","50","max_rent","0","808","2025-04-01","","https://www.huduser.gov/portal/datasets/mtsp.html#data_2026","OHCS workbook, Actual MTSP, 2025"
"HUD-MTSP","OR-JACKSON","50","max_rent","1","866","2025-04-01","","https://www.huduser.gov/portal/datasets/mtsp.html#data_2026","OHCS workbook, Actual MTSP, 2025"
"HUD-MTSP","OR-JACKSON","50","max_rent","2","1040","2025-04-01","","https://www.huduser.gov/portal/datasets/mtsp.html#data_2026","OHCS workbook, Actual MTSP, 2025"
"HUD-MTSP","OR-JACKSON","50","max_rent","3","1201","2025-04-01","","https://www.huduser.gov/portal/datasets/mtsp.html#data_2026","OHCS workbook, Actual MTSP, 2025"
"HUD-MTSP","OR-JACKSON","50","max_rent","4","1340","2025-04-01","","https://www.huduser.gov/portal/datasets/mtsp.html#data_2026","OHCS workbook, Actual MTSP, 2025"
"HUD-MTSP","OR-JACKSON","50","max_rent","5","1478","2025-04-01","","https://www.huduser.gov/portal/datasets/mtsp.html#data_2026","OHCS workbook, Actual MTSP, 2025"
"HUD-MTSP","OR-JACKSON","50","max_rent_75pct_0br","0","606","2025-04-01","","https://www.huduser.gov/portal/datasets/mtsp.html#data_2026","OHCS workbook, Actual MTSP, 2025"
"HUD-MTSP","OR-JACKSON","55","max_rent","0","889","2025-04-01","","https://www.huduser.gov/portal/datasets/mtsp.html#data_2026","OHCS workbook, Actual MTSP, 2025"
"HUD-MTSP","OR-JACKSON","55","max_rent","1","953","2025-04-01","","https://www.huduser.gov/portal/datasets/mtsp.html#data_2026","OHCS workbook, Actual MTSP, 2025"
"HUD-MTSP","OR-JACKSON","55","max_rent","2","1144","2025-04-01","","https://www.huduser.gov/portal/datasets/mtsp.html#data_2026","OHCS workbook, Actual MTSP, 2025"
"HUD-MTSP","OR-JACKSON","55","max_rent","3","1321","2025-04-01","","https://www.huduser.gov/portal/datasets/mtsp.html#data_2026","OHCS workbook, Actual MTSP, 2025"
"HUD-MTSP","OR-JACKSON","55","max_rent","4","1474","2025-04-01","","https://www.huduser.gov/portal/datasets/mtsp.html#data_2026","OHCS workbook, Actual MTSP, 2025"
"HUD-MTSP","OR-JACKSON","55","max_rent","5","1626","2025-04-01","","https://www.huduser.gov/portal/datasets/mtsp.html#data_2026","OHCS workbook, Actual MTSP, 2025"
"HUD-MTSP","OR-JACKSON","55","max_rent_75pct_0br","0","666","2025-04-01","","https://www.huduser.gov/portal/datasets/mtsp.html#data_2026","OHCS workbook, Actual MTSP, 2025"
"HUD-MTSP","OR-JACKSON","60","max_rent","0","970","2025-04-01","","https://www.huduser.gov/portal/datasets/mtsp.html#data_2026","OHCS workbook, Actual MTSP, 2025"
"HUD-MTSP","OR-JACKSON","60","max_rent","1","1040","2025-04-01","","https://www.huduser.gov/portal/datasets/mtsp.html#data_2026","OHCS workbook, Actual MTSP, 2025"
"HUD-MTSP","OR-JACKSON","60","max_rent","2","1248","2025-04-01","","https://www.huduser.gov/portal/datasets/mtsp.html#data_2026","OHCS workbook, Actual MTSP, 2025"
"HUD-MTSP","OR-JACKSON","60","max_rent","3","1441","2025-04-01","","https://www.huduser.gov/portal/datasets/mtsp.html#data_2026","OHCS workbook, Actual MTSP, 2025"
"HUD-MTSP","OR-JACKSON","60","max_rent","4","1608","2025-04-01","","https://www.huduser.gov/portal/datasets/mtsp.html#data_2026","OHCS workbook, Actual MTSP, 2025"
"HUD-MTSP","OR-JACKSON","60","max_rent","5","1774","2025-04-01","","https://www.huduser.gov/portal/datasets/mtsp.html#data_2026","OHCS workbook, Actual MTSP, 2025"
"HUD-MTSP","OR-JACKSON","60","max_rent_75pct_0br","0","727","2025-04-01","","https://www.huduser.gov/portal/datasets/mtsp.html#data_2026","OHCS workbook, Actual MTSP, 2025"
"HUD-MTSP","OR-JACKSON","70","max_rent","0","1132","2025-04-01","","https://www.huduser.gov/portal/datasets/mtsp.html#data_2026","OHCS workbook, Actual MTSP, 2025"
"HUD-MTSP","OR-JACKSON","70","max_rent","1","1213","2025-04-01","","https://www.huduser.gov/portal/datasets/mtsp.html#data_2026","OHCS workbook, Actual MTSP, 2025"
"HUD-MTSP","OR-JACKSON","70","max_rent","2","1456","2025-04-01","","https://www.huduser.gov/portal/datasets/mtsp.html#data_2026","OHCS workbook, Actual MTSP, 2025"
"HUD-MTSP","OR-JACKSON","70","max_rent","3","1681","2025-04-01","","https://www.huduser.gov/portal/datasets/mtsp.html#data_2026","OHCS workbook, Actual MTSP, 2025"
"HUD-MTSP","OR-JACKSON","70","max_rent","4","1876","2025-04-01","","https://www.huduser.gov/portal/datasets/mtsp.html#data_2026","OHCS workbook, Actual MTSP, 2025"
"HUD-MTSP","OR-JACKSON","70","max_rent","5","2070","2025-04-01","","https://www.huduser.gov/portal/datasets/mtsp.html#data_2026","OHCS workbook, Actual MTSP, 2025"
"HUD-MTSP","OR-JACKSON","70","max_rent_75pct_0br","0","849","2025-04-01","","https://www.huduser.gov/portal/datasets/mtsp.html#data_2026","OHCS workbook, Actual MTSP, 2025"
"HUD-MTSP","OR-JACKSON","80","max_rent","0","1294","2025-04-01","","https://www.huduser.gov/portal/datasets/mtsp.html#data_2026","OHCS workbook, Actual MTSP, 2025"
"HUD-MTSP","OR-JACKSON","80","max_rent","1","1387","2025-04-01","","https://www.huduser.gov/portal/datasets/mtsp.html#data_2026","OHCS workbook, Actual MTSP, 2025"
"HUD-MTSP","OR-JACKSON","80","max_rent","2","1664","2025-04-01","","https://www.huduser.gov/portal/datasets/mtsp.html#data_2026","OHCS workbook, Actual MTSP, 2025"
"HUD-MTSP","OR-JACKSON","80","max_rent","3","1922","2025-04-01","","https://www.huduser.gov/portal/datasets/mtsp.html#data_2026","OHCS workbook, Actual MTSP, 2025"
"HUD-MTSP","OR-JACKSON","80","max_rent","4","2144","2025-04-01","","https://www.huduser.gov/portal/datasets/mtsp.html#data_2026","OHCS workbook, Actual MTSP, 2025"
"HUD-MTSP","OR-JACKSON","80","max_rent","5","2366","2025-04-01","","https://www.huduser.gov/portal/datasets/mtsp.html#data_2026","OHCS workbook, Actual MTSP, 2025"
"HUD-MTSP","OR-JACKSON","80","max_rent_75pct_0br","0","970","2025-04-01","","https://www.huduser.gov/portal/datasets/mtsp.html#data_2026","OHCS workbook, Actual MTSP, 2025"
"HUD-MTSP","OR-JOSEPHINE","20","max_rent","0","297","2025-04-01","","https://www.huduser.gov/portal/datasets/mtsp.html#data_2026","OHCS workbook, Actual MTSP, 2025"
"HUD-MTSP","OR-JOSEPHINE","20","max_rent","1","318","2025-04-01","","https://www.huduser.gov/portal/datasets/mtsp.html#data_2026","OHCS workbook, Actual MTSP, 2025"
"HUD-MTSP","OR-JOSEPHINE","20","max_rent","2","382","2025-04-01","","https://www.huduser.gov/portal/datasets/mtsp.html#data_2026","OHCS workbook, Actual MTSP, 2025"
"HUD-MTSP","OR-JOSEPHINE","20","max_rent","3","441","2025-04-01","","https://www.huduser.gov/portal/datasets/mtsp.html#data_2026","OHCS workbook, Actual MTSP, 2025"
"HUD-MTSP","OR-JOSEPHINE","20","max_rent","4","492","2025-04-01","","https://www.huduser.gov/portal/datasets/mtsp.html#data_2026","OHCS workbook, Actual MTSP, 2025"
"HUD-MTSP","OR-JOSEPHINE","20","max_rent","5","543","2025-04-01","","https://www.huduser.gov/portal/datasets/mtsp.html#data_2026","OHCS workbook, Actual MTSP, 2025"
"HUD-MTSP","OR-JOSEPHINE","20","max_rent_75pct_0br","0","222","2025-04-01","","https://www.huduser.gov/portal/datasets/mtsp.html#data_2026","OHCS workbook, Actual MTSP, 2025"
"HUD-MTSP","OR-JOSEPHINE","30","max_rent","0","445","2025-04-01","","https://www.huduser.gov/portal/datasets/mtsp.html#data_2026","OHCS workbook, Actual MTSP, 2025"
"HUD-MTSP","OR-JOSEPHINE","30","max_rent","1","477","2025-04-01","","https://www.huduser.gov/portal/datasets/mtsp.html#data_2026","OHCS workbook, Actual MTSP, 2025"
"HUD-MTSP","OR-JOSEPHINE","30","max_rent","2","573","2025-04-01","","https://www.huduser.gov/portal/datasets/mtsp.html#data_2026","OHCS workbook, Actual MTSP, 2025"
"HUD-MTSP","OR-JOSEPHINE","30","max_rent","3","661","2025-04-01","","https://www.huduser.gov/portal/datasets/mtsp.html#data_2026","OHCS workbook, Actual MTSP, 2025"
"HUD-MTSP","OR-JOSEPHINE","30","max_rent","4","738","2025-04-01","","https://www.huduser.gov/portal/datasets/mtsp.html#data_2026","OHCS workbook, Actual MTSP, 2025"
"HUD-MTSP","OR-JOSEPHINE","30","max_rent","5","814","2025-04-01","","https://www.huduser.gov/portal/datasets/mtsp.html#data_2026","OHCS workbook, Actual MTSP, 2025"
"HUD-MTSP","OR-JOSEPHINE","30","max_rent_75pct_0br","0","333","2025-04-01","","https://www.huduser.gov/portal/datasets/mtsp.html#data_2026","OHCS workbook, Actual MTSP, 2025"
"HUD-MTSP","OR-JOSEPHINE","35","max_rent","0","519","2025-04-01","","https://www.huduser.gov/portal/datasets/mtsp.html#data_2026","OHCS workbook, Actual MTSP, 2025"
"HUD-MTSP","OR-JOSEPHINE","35","max_rent","1","556","2025-04-01","","https://www.huduser.gov/portal/datasets/mtsp.html#data_2026","OHCS workbook, Actual MTSP, 2025"
"HUD-MTSP","OR-JOSEPHINE","35","max_rent","2","668","2025-04-01","","https://www.huduser.gov/portal/datasets/mtsp.html#data_2026","OHCS workbook, Actual MTSP, 2025"
"HUD-MTSP","OR-JOSEPHINE","35","max_rent","3","771","2025-04-01","","https://www.huduser.gov/portal/datasets/mtsp.html#data_2026","OHCS workbook, Actual MTSP, 2025"
"HUD-MTSP","OR-JOSEPHINE","35","max_rent","4","861","2025-04-01","","https://www.huduser.gov/portal/datasets/mtsp.html#data_2026","OHCS workbook, Actual MTSP, 2025"
"HUD-MTSP","OR-JOSEPHINE","35","max_rent","5","950","2025-04-01","","https://www.huduser.gov/portal/datasets/mtsp.html#data_2026","OHCS workbook, Actual MTSP, 2025"
"HUD-MTSP","OR-JOSEPHINE","35","max_rent_75pct_0br","0","389","2025-04-01","","https://www.huduser.gov/portal/datasets/mtsp.html#data_2026","OHCS workbook, Actual MTSP, 2025"
"HUD-MTSP","OR-JOSEPHINE","40","max_rent","0","594","2025-04-01","","https://www.huduser.gov/portal/datasets/mtsp.html#data_2026","OHCS workbook, Actual MTSP, 2025"
"HUD-MTSP","OR-JOSEPHINE","40","max_rent","1","636","2025-04-01","","https://www.huduser.gov/portal/datasets/mtsp.html#data_2026","OHCS workbook, Actual MTSP, 2025"
"HUD-MTSP","OR-JOSEPHINE","40","max_rent","2","764","2025-04-01","","https://www.huduser.gov/portal/datasets/mtsp.html#data_2026","OHCS workbook, Actual MTSP, 2025"
"HUD-MTSP","OR-JOSEPHINE","40","max_rent","3","882","2025-04-01","","https://www.huduser.gov/portal/datasets/mtsp.html#data_2026","OHCS workbook, Actual MTSP, 2025"
"HUD-MTSP","OR-JOSEPHINE","40","max_rent","4","984","2025-04-01","","https://www.huduser.gov/portal/datasets/mtsp.html#data_2026","OHCS workbook, Actual MTSP, 2025"
"HUD-MTSP","OR-JOSEPHINE","40","max_rent","5","1086","2025-04-01","","https://www.huduser.gov/portal/datasets/mtsp.html#data_2026","OHCS workbook, Actual MTSP, 2025"
"HUD-MTSP","OR-JOSEPHINE","40","max_rent_75pct_0br","0","445","2025-04-01","","https://www.huduser.gov/portal/datasets/mtsp.html#data_2026","OHCS workbook, Actual MTSP, 2025"
"HUD-MTSP","OR-JOSEPHINE","45","max_rent","0","668","2025-04-01","","https://www.huduser.gov/portal/datasets/mtsp.html#data_2026","OHCS workbook, Actual MTSP, 2025"
"HUD-MTSP","OR-JOSEPHINE","45","max_rent","1","716","2025-04-01","","https://www.huduser.gov/portal/datasets/mtsp.html#data_2026","OHCS workbook, Actual MTSP, 2025"
"HUD-MTSP","OR-JOSEPHINE","45","max_rent","2","859","2025-04-01","","https://www.huduser.gov/portal/datasets/mtsp.html#data_2026","OHCS workbook, Actual MTSP, 2025"
"HUD-MTSP","OR-JOSEPHINE","45","max_rent","3","992","2025-04-01","","https://www.huduser.gov/portal/datasets/mtsp.html#data_2026","OHCS workbook, Actual MTSP, 2025"
"HUD-MTSP","OR-JOSEPHINE","45","max_rent","4","1107","2025-04-01","","https://www.huduser.gov/portal/datasets/mtsp.html#data_2026","OHCS workbook, Actual MTSP, 2025"
"HUD-MTSP","OR-JOSEPHINE","45","max_rent","5","1221","2025-04-01","","https://www.huduser.gov/portal/datasets/mtsp.html#data_2026","OHCS workbook, Actual MTSP, 2025"
"HUD-MTSP","OR-JOSEPHINE","45","max_rent_75pct_0br","0","501","2025-04-01","","https://www.huduser.gov/portal/datasets/mtsp.html#data_2026","OHCS workbook, Actual MTSP, 2025"
"HUD-MTSP","OR-JOSEPHINE","50","max_rent","0","742","2025-04-01","","https://www.huduser.gov/portal/datasets/mtsp.html#data_2026","OHCS workbook, Actual MTSP, 2025"
"HUD-MTSP","OR-JOSEPHINE","50","max_rent","1","795","2025-04-01","","https://www.huduser.gov/portal/datasets/mtsp.html#data_2026","OHCS workbook, Actual MTSP, 2025"
"HUD-MTSP","OR-JOSEPHINE","50","max_rent","2","955","2025-04-01","","https://www.huduser.gov/portal/datasets/mtsp.html#data_2026","OHCS workbook, Actual MTSP, 2025"
"HUD-MTSP","OR-JOSEPHINE","50","max_rent","3","1102","2025-04-01","","https://www.huduser.gov/portal/datasets/mtsp.html#data_2026","OHCS workbook, Actual MTSP, 2025"
"HUD-MTSP","OR-JOSEPHINE","50","max_rent","4","1230","2025-04-01","","https://www.huduser.gov/portal/datasets/mtsp.html#data_2026","OHCS workbook, Actual MTSP, 2025"
"HUD-MTSP","OR-JOSEPHINE","50","max_rent","5","1357","2025-04-01","","https://www.huduser.gov/portal/datasets/mtsp.html#data_2026","OHCS workbook, Actual MTSP, 2025"
"HUD-MTSP","OR-JOSEPHINE","50","max_rent_75pct_0br","0","556","2025-04-01","","https://www.huduser.gov/portal/datasets/mtsp.html#data_2026","OHCS workbook, Actual MTSP, 2025"
"HUD-MTSP","OR-JOSEPHINE","55","max_rent","0","816","2025-04-01","","https://www.huduser.gov/portal/datasets/mtsp.html#data_2026","OHCS workbook, Actual MTSP, 2025"
"HUD-MTSP","OR-JOSEPHINE","55","max_rent","1","875","2025-04-01","","https://www.huduser.gov/portal/datasets/mtsp.html#data_2026","OHCS workbook, Actual MTSP, 2025"
"HUD-MTSP","OR-JOSEPHINE","55","max_rent","2","1050","2025-04-01","","https://www.huduser.gov/portal/datasets/mtsp.html#data_2026","OHCS workbook, Actual MTSP, 2025"
"HUD-MTSP","OR-JOSEPHINE","55","max_rent","3","1212","2025-04-01","","https://www.huduser.gov/portal/datasets/mtsp.html#data_2026","OHCS workbook, Actual MTSP, 2025"
"HUD-MTSP","OR-JOSEPHINE","55","max_rent","4","1353","2025-04-01","","https://www.huduser.gov/portal/datasets/mtsp.html#data_2026","OHCS workbook, Actual MTSP, 2025"
"HUD-MTSP","OR-JOSEPHINE","55","max_rent","5","1493","2025-04-01","","https://www.huduser.gov/portal/datasets/mtsp.html#data_2026","OHCS workbook, Actual MTSP, 2025"
"HUD-MTSP","OR-JOSEPHINE","55","max_rent_75pct_0br","0","612","2025-04-01","","https://www.huduser.gov/portal/datasets/mtsp.html#data_2026","OHCS workbook, Actual MTSP, 2025"
"HUD-MTSP","OR-JOSEPHINE","60","max_rent","0","891","2025-04-01","","https://www.huduser.gov/portal/datasets/mtsp.html#data_2026","OHCS workbook, Actual MTSP, 2025"
"HUD-MTSP","OR-JOSEPHINE","60","max_rent","1","954","2025-04-01","","https://www.huduser.gov/portal/datasets/mtsp.html#data_2026","OHCS workbook, Actual MTSP, 2025"
"HUD-MTSP","OR-JOSEPHINE","60","max_rent","2","1146","2025-04-01","","https://www.huduser.gov/portal/datasets/mtsp.html#data_2026","OHCS workbook, Actual MTSP, 2025"
"HUD-MTSP","OR-JOSEPHINE","60","max_rent","3","1323","2025-04-01","","https://www.huduser.gov/portal/datasets/mtsp.html#data_2026","OHCS workbook, Actual MTSP, 2025"
"HUD-MTSP","OR-JOSEPHINE","60","max_rent","4","1476","2025-04-01","","https://www.huduser.gov/portal/datasets/mtsp.html#data_2026","OHCS workbook, Actual MTSP, 2025"
"HUD-MTSP","OR-JOSEPHINE","60","max_rent","5","1629","2025-04-01","","https://www.huduser.gov/portal/datasets/mtsp.html#data_2026","OHCS workbook, Actual MTSP, 2025"
"HUD-MTSP","OR-JOSEPHINE","60","max_rent_75pct_0br","0","668","2025-04-01","","https://www.huduser.gov/portal/datasets/mtsp.html#data_2026","OHCS workbook, Actual MTSP, 2025"
"HUD-MTSP","OR-JOSEPHINE","70","max_rent","0","1039","2025-04-01","","https://www.huduser.gov/portal/datasets/mtsp.html#data_2026","OHCS workbook, Actual MTSP, 2025"
"HUD-MTSP","OR-JOSEPHINE","70","max_rent","1","1113","2025-04-01","","https://www.huduser.gov/portal/datasets/mtsp.html#data_2026","OHCS workbook, Actual MTSP, 2025"
"HUD-MTSP","OR-JOSEPHINE","70","max_rent","2","1337","2025-04-01","","https://www.huduser.gov/portal/datasets/mtsp.html#data_2026","OHCS workbook, Actual MTSP, 2025"
"HUD-MTSP","OR-JOSEPHINE","70","max_rent","3","1543","2025-04-01","","https://www.huduser.gov/portal/datasets/mtsp.html#data_2026","OHCS workbook, Actual MTSP, 2025"
"HUD-MTSP","OR-JOSEPHINE","70","max_rent","4","1722","2025-04-01","","https://www.huduser.gov/portal/datasets/mtsp.html#data_2026","OHCS workbook, Actual MTSP, 2025"
"HUD-MTSP","OR-JOSEPHINE","70","max_rent","5","1900","2025-04-01","","https://www.huduser.gov/portal/datasets/mtsp.html#data_2026","OHCS workbook, Actual MTSP, 2025"
"HUD-MTSP","OR-JOSEPHINE","70","max_rent_75pct_0br","0","779","2025-04-01","","https://www.huduser.gov/portal/datasets/mtsp.html#data_2026","OHCS workbook, Actual MTSP, 2025"
"HUD-MTSP","OR-JOSEPHINE","80","max_rent","0","1188","2025-04-01","","https://www.huduser.gov/portal/datasets/mtsp.html#data_2026","OHCS workbook, Actual MTSP, 2025"
"HUD-MTSP","OR-JOSEPHINE","80","max_rent","1","1273","2025-04-01","","https://www.huduser.gov/portal/datasets/mtsp.html#data_2026","OHCS workbook, Actual MTSP, 2025"
"HUD-MTSP","OR-JOSEPHINE","80","max_rent","2","1528","2025-04-01","","https://www.huduser.gov/portal/datasets/mtsp.html#data_2026","OHCS workbook, Actual MTSP, 2025"
"HUD-MTSP","OR-JOSEPHINE","80","max_rent","3","1764","2025-04-01","","https://www.huduser.gov/portal/datasets/mtsp.html#data_2026","OHCS workbook, Actual MTSP, 2025"
"HUD-MTSP","OR-JOSEPHINE","80","max_rent","4","1968","2025-04-01","","https://www.huduser.gov/portal/datasets/mtsp.html#data_2026","OHCS workbook, Actual MTSP, 2025"
"HUD-MTSP","OR-JOSEPHINE","80","max_rent","5","2172","2025-04-01","","https://www.huduser.gov/portal/datasets/mtsp.html#data_2026","OHCS workbook, Actual MTSP, 2025"
"HUD-MTSP","OR-JOSEPHINE","80","max_rent_75pct_0br","0","891","2025-04-01","","https://www.huduser.gov/portal/datasets/mtsp.html#data_2026","OHCS workbook, Actual MTSP, 2025"
"HUD-MTSP","OR-JACKSON","20","max_rent","0","307","2024-04-01","","https://www.huduser.gov/portal/datasets/mtsp.html#data_2026","OHCS workbook, Actual MTSP, 2024"
"HUD-MTSP","OR-JACKSON","20","max_rent","1","329","2024-04-01","","https://www.huduser.gov/portal/datasets/mtsp.html#data_2026","OHCS workbook, Actual MTSP, 2024"
"HUD-MTSP","OR-JACKSON","20","max_rent","2","395","2024-04-01","","https://www.huduser.gov/portal/datasets/mtsp.html#data_2026","OHCS workbook, Actual MTSP, 2024"
"HUD-MTSP","OR-JACKSON","20","max_rent","3","456","2024-04-01","","https://www.huduser.gov/portal/datasets/mtsp.html#data_2026","OHCS workbook, Actual MTSP, 2024"
"HUD-MTSP","OR-JACKSON","20","max_rent","4","509","2024-04-01","","https://www.huduser.gov/portal/datasets/mtsp.html#data_2026","OHCS workbook, Actual MTSP, 2024"
"HUD-MTSP","OR-JACKSON","20","max_rent","5","562","2024-04-01","","https://www.huduser.gov/portal/datasets/mtsp.html#data_2026","OHCS workbook, Actual MTSP, 2024"
"HUD-MTSP","OR-JACKSON","20","max_rent_75pct_0br","0","230","2024-04-01","","https://www.huduser.gov/portal/datasets/mtsp.html#data_2026","OHCS workbook, Actual MTSP, 2024"
"HUD-MTSP","OR-JACKSON","30","max_rent","0","461","2024-04-01","","https://www.huduser.gov/portal/datasets/mtsp.html#data_2026","OHCS workbook, Actual MTSP, 2024"
"HUD-MTSP","OR-JACKSON","30","max_rent","1","494","2024-04-01","","https://www.huduser.gov/portal/datasets/mtsp.html#data_2026","OHCS workbook, Actual MTSP, 2024"
"HUD-MTSP","OR-JACKSON","30","max_rent","2","593","2024-04-01","","https://www.huduser.gov/portal/datasets/mtsp.html#data_2026","OHCS workbook, Actual MTSP, 2024"
"HUD-MTSP","OR-JACKSON","30","max_rent","3","685","2024-04-01","","https://www.huduser.gov/portal/datasets/mtsp.html#data_2026","OHCS workbook, Actual MTSP, 2024"
"HUD-MTSP","OR-JACKSON","30","max_rent","4","764","2024-04-01","","https://www.huduser.gov/portal/datasets/mtsp.html#data_2026","OHCS workbook, Actual MTSP, 2024"
"HUD-MTSP","OR-JACKSON","30","max_rent","5","843","2024-04-01","","https://www.huduser.gov/portal/datasets/mtsp.html#data_2026","OHCS workbook, Actual MTSP, 2024"
"HUD-MTSP","OR-JACKSON","30","max_rent_75pct_0br","0","345","2024-04-01","","https://www.huduser.gov/portal/datasets/mtsp.html#data_2026","OHCS workbook, Actual MTSP, 2024"
"HUD-MTSP","OR-JACKSON","35","max_rent","0","538","2024-04-01","","https://www.huduser.gov/portal/datasets/mtsp.html#data_2026","OHCS workbook, Actual MTSP, 2024"
"HUD-MTSP","OR-JACKSON","35","max_rent","1","576","2024-04-01","","https://www.huduser.gov/portal/datasets/mtsp.html#data_2026","OHCS workbook, Actual MTSP, 2024"
"HUD-MTSP","OR-JACKSON","35","max_rent","2","692","2024-04-01","","https://www.huduser.gov/portal/datasets/mtsp.html#data_2026","OHCS workbook, Actual MTSP, 2024"
"HUD-MTSP","OR-JACKSON","35","max_rent","3","799","2024-04-01","","https://www.huduser.gov/portal/datasets/mtsp.html#data_2026","OHCS workbook, Actual MTSP, 2024"
"HUD-MTSP","OR-JACKSON","35","max_rent","4","891","2024-04-01","","https://www.huduser.gov/portal/datasets/mtsp.html#data_2026","OHCS workbook, Actual MTSP, 2024"
"HUD-MTSP","OR-JACKSON","35","max_rent","5","983","2024-04-01","","https://www.huduser.gov/portal/datasets/mtsp.html#data_2026","OHCS workbook, Actual MTSP, 2024"
"HUD-MTSP","OR-JACKSON","35","max_rent_75pct_0br","0","403","2024-04-01","","https://www.huduser.gov/portal/datasets/mtsp.html#data_2026","OHCS workbook, Actual MTSP, 2024"
"HUD-MTSP","OR-JACKSON","40","max_rent","0","615","2024-04-01","","https://www.huduser.gov/portal/datasets/mtsp.html#data_2026","OHCS workbook, Actual MTSP, 2024"
"HUD-MTSP","OR-JACKSON","40","max_rent","1","659","2024-04-01","","https://www.huduser.gov/portal/datasets/mtsp.html#data_2026","OHCS workbook, Actual MTSP, 2024"
"HUD-MTSP","OR-JACKSON","40","max_rent","2","791","2024-04-01","","https://www.huduser.gov/portal/datasets/mtsp.html#data_2026","OHCS workbook, Actual MTSP, 2024"
"HUD-MTSP","OR-JACKSON","40","max_rent","3","913","2024-04-01","","https://www.huduser.gov/portal/datasets/mtsp.html#data_2026","OHCS workbook, Actual MTSP, 2024"
"HUD-MTSP","OR-JACKSON","40","max_rent","4","1019","2024-04-01","","https://www.huduser.gov/portal/datasets/mtsp.html#data_2026","OHCS workbook, Actual MTSP, 2024"
"HUD-MTSP","OR-JACKSON","40","max_rent","5","1124","2024-04-01","","https://www.huduser.gov/portal/datasets/mtsp.html#data_2026","OHCS workbook, Actual MTSP, 2024"
"HUD-MTSP","OR-JACKSON","40","max_rent_75pct_0br","0","461","2024-04-01","","https://www.huduser.gov/portal/datasets/mtsp.html#data_2026","OHCS workbook, Actual MTSP, 2024"
"HUD-MTSP","OR-JACKSON","45","max_rent","0","691","2024-04-01","","https://www.huduser.gov/portal/datasets/mtsp.html#data_2026","OHCS workbook, Actual MTSP, 2024"
"HUD-MTSP","OR-JACKSON","45","max_rent","1","741","2024-04-01","","https://www.huduser.gov/portal/datasets/mtsp.html#data_2026","OHCS workbook, Actual MTSP, 2024"
"HUD-MTSP","OR-JACKSON","45","max_rent","2","889","2024-04-01","","https://www.huduser.gov/portal/datasets/mtsp.html#data_2026","OHCS workbook, Actual MTSP, 2024"
"HUD-MTSP","OR-JACKSON","45","max_rent","3","1027","2024-04-01","","https://www.huduser.gov/portal/datasets/mtsp.html#data_2026","OHCS workbook, Actual MTSP, 2024"
"HUD-MTSP","OR-JACKSON","45","max_rent","4","1146","2024-04-01","","https://www.huduser.gov/portal/datasets/mtsp.html#data_2026","OHCS workbook, Actual MTSP, 2024"
"HUD-MTSP","OR-JACKSON","45","max_rent","5","1264","2024-04-01","","https://www.huduser.gov/portal/datasets/mtsp.html#data_2026","OHCS workbook, Actual MTSP, 2024"
"HUD-MTSP","OR-JACKSON","45","max_rent_75pct_0br","0","518","2024-04-01","","https://www.huduser.gov/portal/datasets/mtsp.html#data_2026","OHCS workbook, Actual MTSP, 2024"
"HUD-MTSP","OR-JACKSON","50","max_rent","0","768","2024-04-01","","https://www.huduser.gov/portal/datasets/mtsp.html#data_2026","OHCS workbook, Actual MTSP, 2024"
"HUD-MTSP","OR-JACKSON","50","max_rent","1","823","2024-04-01","","https://www.huduser.gov/portal/datasets/mtsp.html#data_2026","OHCS workbook, Actual MTSP, 2024"
"HUD-MTSP","OR-JACKSON","50","max_rent","2","988","2024-04-01","","https://www.huduser.gov/portal/datasets/mtsp.html#data_2026","OHCS workbook, Actual MTSP, 2024"
"HUD-MTSP","OR-JACKSON","50","max_rent","3","1141","2024-04-01","","https://www.huduser.gov/portal/datasets/mtsp.html#data_2026","OHCS workbook, Actual MTSP, 2024"
"HUD-MTSP","OR-JACKSON","50","max_rent","4","1273","2024-04-01","","https://www.huduser.gov/portal/datasets/mtsp.html#data_2026","OHCS workbook, Actual MTSP, 2024"
"HUD-MTSP","OR-JACKSON","50","max_rent","5","1405","2024-04-01","","https://www.huduser.gov/portal/datasets/mtsp.html#data_2026","OHCS workbook, Actual MTSP, 2024"
"HUD-MTSP","OR-JACKSON","50","max_rent_75pct_0br","0","576","2024-04-01","","https://www.huduser.gov/portal/datasets/mtsp.html#data_2026","OHCS workbook, Actual MTSP, 2024"
"HUD-MTSP","OR-JACKSON","55","max_rent","0","845","2024-04-01","","https://www.huduser.gov/portal/datasets/mtsp.html#data_2026","OHCS workbook, Actual MTSP, 2024"
"HUD-MTSP","OR-JACKSON","55","max_rent","1","906","2024-04-01","","https://www.huduser.gov/portal/datasets/mtsp.html#data_2026","OHCS workbook, Actual MTSP, 2024"
"HUD-MTSP","OR-JACKSON","55","max_rent","2","1087","2024-04-01","","https://www.huduser.gov/portal/datasets/mtsp.html#data_2026","OHCS workbook, Actual MTSP, 2024"
"HUD-MTSP","OR-JACKSON","55","max_rent","3","1256","2024-04-01","","https://www.huduser.gov/portal/datasets/mtsp.html#data_2026","OHCS workbook, Actual MTSP, 2024"
"HUD-MTSP","OR-JACKSON","55","max_rent","4","1401","2024-04-01","","https://www.huduser.gov/portal/datasets/mtsp.html#data_2026","OHCS workbook, Actual MTSP, 2024"
"HUD-MTSP","OR-JACKSON","55","max_rent","5","1545","2024-04-01","","https://www.huduser.gov/portal/datasets/mtsp.html#data_2026","OHCS workbook, Actual MTSP, 2024"
"HUD-MTSP","OR-JACKSON","55","max_rent_75pct_0br","0","633","2024-04-01","","https://www.huduser.gov/portal/datasets/mtsp.html#data_2026","OHCS workbook, Actual MTSP, 2024"
"HUD-MTSP","OR-JACKSON","60","max_rent","0","922","2024-04-01","","https://www.huduser.gov/portal/datasets/mtsp.html#data_2026","OHCS workbook, Actual MTSP, 2024"
"HUD-MTSP","OR-JACKSON","60","max_rent","1","988","2024-04-01","","https://www.huduser.gov/portal/datasets/mtsp.html#data_2026","OHCS workbook, Actual MTSP, 2024"
"HUD-MTSP","OR-JACKSON","60","max_rent","2","1186","2024-04-01","","https://www.huduser.gov/portal/datasets/mtsp.html#data_2026","OHCS workbook, Actual MTSP, 2024"
"HUD-MTSP","OR-JACKSON","60","max_rent","3","1370","2024-04-01","","https://www.huduser.gov/portal/datasets/mtsp.html#data_2026","OHCS workbook, Actual MTSP, 2024"
"HUD-MTSP","OR-JACKSON","60","max_rent","4","1528","2024-04-01","","https://www.huduser.gov/portal/datasets/mtsp.html#data_2026","OHCS workbook, Actual MTSP, 2024"
"HUD-MTSP","OR-JACKSON","60","max_rent","5","1686","2024-04-01","","https://www.huduser.gov/portal/datasets/mtsp.html#data_2026","OHCS workbook, Actual MTSP, 2024"
"HUD-MTSP","OR-JACKSON","60","max_rent_75pct_0br","0","691","2024-04-01","","https://www.huduser.gov/portal/datasets/mtsp.html#data_2026","OHCS workbook, Actual MTSP, 2024"
"HUD-MTSP","OR-JACKSON","70","max_rent","0","1076","2024-04-01","","https://www.huduser.gov/portal/datasets/mtsp.html#data_2026","OHCS workbook, Actual MTSP, 2024"
"HUD-MTSP","OR-JACKSON","70","max_rent","1","1153","2024-04-01","","https://www.huduser.gov/portal/datasets/mtsp.html#data_2026","OHCS workbook, Actual MTSP, 2024"
"HUD-MTSP","OR-JACKSON","70","max_rent","2","1384","2024-04-01","","https://www.huduser.gov/portal/datasets/mtsp.html#data_2026","OHCS workbook, Actual MTSP, 2024"
"HUD-MTSP","OR-JACKSON","70","max_rent","3","1598","2024-04-01","","https://www.huduser.gov/portal/datasets/mtsp.html#data_2026","OHCS workbook, Actual MTSP, 2024"
"HUD-MTSP","OR-JACKSON","70","max_rent","4","1783","2024-04-01","","https://www.huduser.gov/portal/datasets/mtsp.html#data_2026","OHCS workbook, Actual MTSP, 2024"
"HUD-MTSP","OR-JACKSON","70","max_rent","5","1967","2024-04-01","","https://www.huduser.gov/portal/datasets/mtsp.html#data_2026","OHCS workbook, Actual MTSP, 2024"
"HUD-MTSP","OR-JACKSON","70","max_rent_75pct_0br","0","807","2024-04-01","","https://www.huduser.gov/portal/datasets/mtsp.html#data_2026","OHCS workbook, Actual MTSP, 2024"
"HUD-MTSP","OR-JACKSON","80","max_rent","0","1230","2024-04-01","","https://www.huduser.gov/portal/datasets/mtsp.html#data_2026","OHCS workbook, Actual MTSP, 2024"
"HUD-MTSP","OR-JACKSON","80","max_rent","1","1318","2024-04-01","","https://www.huduser.gov/portal/datasets/mtsp.html#data_2026","OHCS workbook, Actual MTSP, 2024"
"HUD-MTSP","OR-JACKSON","80","max_rent","2","1582","2024-04-01","","https://www.huduser.gov/portal/datasets/mtsp.html#data_2026","OHCS workbook, Actual MTSP, 2024"
"HUD-MTSP","OR-JACKSON","80","max_rent","3","1827","2024-04-01","","https://www.huduser.gov/portal/datasets/mtsp.html#data_2026","OHCS workbook, Actual MTSP, 2024"
"HUD-MTSP","OR-JACKSON","80","max_rent","4","2038","2024-04-01","","https://www.huduser.gov/portal/datasets/mtsp.html#data_2026","OHCS workbook, Actual MTSP, 2024"
"HUD-MTSP","OR-JACKSON","80","max_rent","5","2248","2024-04-01","","https://www.huduser.gov/portal/datasets/mtsp.html#data_2026","OHCS workbook, Actual MTSP, 2024"
"HUD-MTSP","OR-JACKSON","80","max_rent_75pct_0br","0","922","2024-04-01","","https://www.huduser.gov/portal/datasets/mtsp.html#data_2026","OHCS workbook, Actual MTSP, 2024"
"HUD-MTSP","OR-JOSEPHINE","20","max_rent","0","283","2024-04-01","","https://www.huduser.gov/portal/datasets/mtsp.html#data_2026","OHCS workbook, Actual MTSP, 2024"
"HUD-MTSP","OR-JOSEPHINE","20","max_rent","1","303","2024-04-01","","https://www.huduser.gov/portal/datasets/mtsp.html#data_2026","OHCS workbook, Actual MTSP, 2024"
"HUD-MTSP","OR-JOSEPHINE","20","max_rent","2","364","2024-04-01","","https://www.huduser.gov/portal/datasets/mtsp.html#data_2026","OHCS workbook, Actual MTSP, 2024"
"HUD-MTSP","OR-JOSEPHINE","20","max_rent","3","420","2024-04-01","","https://www.huduser.gov/portal/datasets/mtsp.html#data_2026","OHCS workbook, Actual MTSP, 2024"
"HUD-MTSP","OR-JOSEPHINE","20","max_rent","4","469","2024-04-01","","https://www.huduser.gov/portal/datasets/mtsp.html#data_2026","OHCS workbook, Actual MTSP, 2024"
"HUD-MTSP","OR-JOSEPHINE","20","max_rent","5","518","2024-04-01","","https://www.huduser.gov/portal/datasets/mtsp.html#data_2026","OHCS workbook, Actual MTSP, 2024"
"HUD-MTSP","OR-JOSEPHINE","20","max_rent_75pct_0br","0","212","2024-04-01","","https://www.huduser.gov/portal/datasets/mtsp.html#data_2026","OHCS workbook, Actual MTSP, 2024"
"HUD-MTSP","OR-JOSEPHINE","30","max_rent","0","425","2024-04-01","","https://www.huduser.gov/portal/datasets/mtsp.html#data_2026","OHCS workbook, Actual MTSP, 2024"
"HUD-MTSP","OR-JOSEPHINE","30","max_rent","1","455","2024-04-01","","https://www.huduser.gov/portal/datasets/mtsp.html#data_2026","OHCS workbook, Actual MTSP, 2024"
"HUD-MTSP","OR-JOSEPHINE","30","max_rent","2","546","2024-04-01","","https://www.huduser.gov/portal/datasets/mtsp.html#data_2026","OHCS workbook, Actual MTSP, 2024"
"HUD-MTSP","OR-JOSEPHINE","30","max_rent","3","631","2024-04-01","","https://www.huduser.gov/portal/datasets/mtsp.html#data_2026","OHCS workbook, Actual MTSP, 2024"
"HUD-MTSP","OR-JOSEPHINE","30","max_rent","4","704","2024-04-01","","https://www.huduser.gov/portal/datasets/mtsp.html#data_2026","OHCS workbook, Actual MTSP, 2024"
"HUD-MTSP","OR-JOSEPHINE","30","max_rent","5","777","2024-04-01","","https://www.huduser.gov/portal/datasets/mtsp.html#data_2026","OHCS workbook, Actual MTSP, 2024"
"HUD-MTSP","OR-JOSEPHINE","30","max_rent_75pct_0br","0","318","2024-04-01","","https://www.huduser.gov/portal/datasets/mtsp.html#data_2026","OHCS workbook, Actual MTSP, 2024"
"HUD-MTSP","OR-JOSEPHINE","35","max_rent","0","496","2024-04-01","","https://www.huduser.gov/portal/datasets/mtsp.html#data_2026","OHCS workbook, Actual MTSP, 2024"
"HUD-MTSP","OR-JOSEPHINE","35","max_rent","1","531","2024-04-01","","https://www.huduser.gov/portal/datasets/mtsp.html#data_2026","OHCS workbook, Actual MTSP, 2024"
"HUD-MTSP","OR-JOSEPHINE","35","max_rent","2","637","2024-04-01","","https://www.huduser.gov/portal/datasets/mtsp.html#data_2026","OHCS workbook, Actual MTSP, 2024"
"HUD-MTSP","OR-JOSEPHINE","35","max_rent","3","736","2024-04-01","","https://www.huduser.gov/portal/datasets/mtsp.html#data_2026","OHCS workbook, Actual MTSP, 2024"
"HUD-MTSP","OR-JOSEPHINE","35","max_rent","4","821","2024-04-01","","https://www.huduser.gov/portal/datasets/mtsp.html#data_2026","OHCS workbook, Actual MTSP, 2024"
"HUD-MTSP","OR-JOSEPHINE","35","max_rent","5","906","2024-04-01","","https://www.huduser.gov/portal/datasets/mtsp.html#data_2026","OHCS workbook, Actual MTSP, 2024"
"HUD-MTSP","OR-JOSEPHINE","35","max_rent_75pct_0br","0","372","2024-04-01","","https://www.huduser.gov/portal/datasets/mtsp.html#data_2026","OHCS workbook, Actual MTSP, 2024"
"HUD-MTSP","OR-JOSEPHINE","40","max_rent","0","567","2024-04-01","","https://www.huduser.gov/portal/datasets/mtsp.html#data_2026","OHCS workbook, Actual MTSP, 2024"
"HUD-MTSP","OR-JOSEPHINE","40","max_rent","1","607","2024-04-01","","https://www.huduser.gov/portal/datasets/mtsp.html#data_2026","OHCS workbook, Actual MTSP, 2024"
"HUD-MTSP","OR-JOSEPHINE","40","max_rent","2","729","2024-04-01","","https://www.huduser.gov/portal/datasets/mtsp.html#data_2026","OHCS workbook, Actual MTSP, 2024"
"HUD-MTSP","OR-JOSEPHINE","40","max_rent","3","841","2024-04-01","","https://www.huduser.gov/portal/datasets/mtsp.html#data_2026","OHCS workbook, Actual MTSP, 2024"
"HUD-MTSP","OR-JOSEPHINE","40","max_rent","4","939","2024-04-01","","https://www.huduser.gov/portal/datasets/mtsp.html#data_2026","OHCS workbook, Actual MTSP, 2024"
"HUD-MTSP","OR-JOSEPHINE","40","max_rent","5","1036","2024-04-01","","https://www.huduser.gov/portal/datasets/mtsp.html#data_2026","OHCS workbook, Actual MTSP, 2024"
"HUD-MTSP","OR-JOSEPHINE","40","max_rent_75pct_0br","0","425","2024-04-01","","https://www.huduser.gov/portal/datasets/mtsp.html#data_2026","OHCS workbook, Actual MTSP, 2024"
"HUD-MTSP","OR-JOSEPHINE","45","max_rent","0","637","2024-04-01","","https://www.huduser.gov/portal/datasets/mtsp.html#data_2026","OHCS workbook, Actual MTSP, 2024"
"HUD-MTSP","OR-JOSEPHINE","45","max_rent","1","683","2024-04-01","","https://www.huduser.gov/portal/datasets/mtsp.html#data_2026","OHCS workbook, Actual MTSP, 2024"
"HUD-MTSP","OR-JOSEPHINE","45","max_rent","2","820","2024-04-01","","https://www.huduser.gov/portal/datasets/mtsp.html#data_2026","OHCS workbook, Actual MTSP, 2024"
"HUD-MTSP","OR-JOSEPHINE","45","max_rent","3","946","2024-04-01","","https://www.huduser.gov/portal/datasets/mtsp.html#data_2026","OHCS workbook, Actual MTSP, 2024"
"HUD-MTSP","OR-JOSEPHINE","45","max_rent","4","1056","2024-04-01","","https://www.huduser.gov/portal/datasets/mtsp.html#data_2026","OHCS workbook, Actual MTSP, 2024"
"HUD-MTSP","OR-JOSEPHINE","45","max_rent","5","1165","2024-04-01","","https://www.huduser.gov/portal/datasets/mtsp.html#data_2026","OHCS workbook, Actual MTSP, 2024"
"HUD-MTSP","OR-JOSEPHINE","45","max_rent_75pct_0br","0","477","2024-04-01","","https://www.huduser.gov/portal/datasets/mtsp.html#data_2026","OHCS workbook, Actual MTSP, 2024"
"HUD-MTSP","OR-JOSEPHINE","50","max_rent","0","708","2024-04-01","","https://www.huduser.gov/portal/datasets/mtsp.html#data_2026","OHCS workbook, Actual MTSP, 2024"
"HUD-MTSP","OR-JOSEPHINE","50","max_rent","1","759","2024-04-01","","https://www.huduser.gov/portal/datasets/mtsp.html#data_2026","OHCS workbook, Actual MTSP, 2024"
"HUD-MTSP","OR-JOSEPHINE","50","max_rent","2","911","2024-04-01","","https://www.huduser.gov/portal/datasets/mtsp.html#data_2026","OHCS workbook, Actual MTSP, 2024"
"HUD-MTSP","OR-JOSEPHINE","50","max_rent","3","1051","2024-04-01","","https://www.huduser.gov/portal/datasets/mtsp.html#data_2026","OHCS workbook, Actual MTSP, 2024"
"HUD-MTSP","OR-JOSEPHINE","50","max_rent","4","1173","2024-04-01","","https://www.huduser.gov/portal/datasets/mtsp.html#data_2026","OHCS workbook, Actual MTSP, 2024"
"HUD-MTSP","OR-JOSEPHINE","50","max_rent","5","1295","2024-04-01","","https://www.huduser.gov/portal/datasets/mtsp.html#data_2026","OHCS workbook, Actual MTSP, 2024"
"HUD-MTSP","OR-JOSEPHINE","50","max_rent_75pct_0br","0","531","2024-04-01","","https://www.huduser.gov/portal/datasets/mtsp.html#data_2026","OHCS workbook, Actual MTSP, 2024"
"HUD-MTSP","OR-JOSEPHINE","55","max_rent","0","779","2024-04-01","","https://www.huduser.gov/portal/datasets/mtsp.html#data_2026","OHCS workbook, Actual MTSP, 2024"
"HUD-MTSP","OR-JOSEPHINE","55","max_rent","1","835","2024-04-01","","https://www.huduser.gov/portal/datasets/mtsp.html#data_2026","OHCS workbook, Actual MTSP, 2024"
"HUD-MTSP","OR-JOSEPHINE","55","max_rent","2","1002","2024-04-01","","https://www.huduser.gov/portal/datasets/mtsp.html#data_2026","OHCS workbook, Actual MTSP, 2024"
"HUD-MTSP","OR-JOSEPHINE","55","max_rent","3","1157","2024-04-01","","https://www.huduser.gov/portal/datasets/mtsp.html#data_2026","OHCS workbook, Actual MTSP, 2024"
"HUD-MTSP","OR-JOSEPHINE","55","max_rent","4","1291","2024-04-01","","https://www.huduser.gov/portal/datasets/mtsp.html#data_2026","OHCS workbook, Actual MTSP, 2024"
"HUD-MTSP","OR-JOSEPHINE","55","max_rent","5","1424","2024-04-01","","https://www.huduser.gov/portal/datasets/mtsp.html#data_2026","OHCS workbook, Actual MTSP, 2024"
"HUD-MTSP","OR-JOSEPHINE","55","max_rent_75pct_0br","0","584","2024-04-01","","https://www.huduser.gov/portal/datasets/mtsp.html#data_2026","OHCS workbook, Actual MTSP, 2024"
"HUD-MTSP","OR-JOSEPHINE","60","max_rent","0","850","2024-04-01","","https://www.huduser.gov/portal/datasets/mtsp.html#data_2026","OHCS workbook, Actual MTSP, 2024"
"HUD-MTSP","OR-JOSEPHINE","60","max_rent","1","911","2024-04-01","","https://www.huduser.gov/portal/datasets/mtsp.html#data_2026","OHCS workbook, Actual MTSP, 2024"
"HUD-MTSP","OR-JOSEPHINE","60","max_rent","2","1093","2024-04-01","","https://www.huduser.gov/portal/datasets/mtsp.html#data_2026","OHCS workbook, Actual MTSP, 2024"
"HUD-MTSP","OR-JOSEPHINE","60","max_rent","3","1262","2024-04-01","","https://www.huduser.gov/portal/datasets/mtsp.html#data_2026","OHCS workbook, Actual MTSP, 2024"
"HUD-MTSP","OR-JOSEPHINE","60","max_rent","4","1408","2024-04-01","","https://www.huduser.gov/portal/datasets/mtsp.html#data_2026","OHCS workbook, Actual MTSP, 2024"
"HUD-MTSP","OR-JOSEPHINE","60","max_rent","5","1554","2024-04-01","","https://www.huduser.gov/portal/datasets/mtsp.html#data_2026","OHCS workbook, Actual MTSP, 2024"
"HUD-MTSP","OR-JOSEPHINE","60","max_rent_75pct_0br","0","637","2024-04-01","","https://www.huduser.gov/portal/datasets/mtsp.html#data_2026","OHCS workbook, Actual MTSP, 2024"
"HUD-MTSP","OR-JOSEPHINE","70","max_rent","0","992","2024-04-01","","https://www.huduser.gov/portal/datasets/mtsp.html#data_2026","OHCS workbook, Actual MTSP, 2024"
"HUD-MTSP","OR-JOSEPHINE","70","max_rent","1","1063","2024-04-01","","https://www.huduser.gov/portal/datasets/mtsp.html#data_2026","OHCS workbook, Actual MTSP, 2024"
"HUD-MTSP","OR-JOSEPHINE","70","max_rent","2","1275","2024-04-01","","https://www.huduser.gov/portal/datasets/mtsp.html#data_2026","OHCS workbook, Actual MTSP, 2024"
"HUD-MTSP","OR-JOSEPHINE","70","max_rent","3","1472","2024-04-01","","https://www.huduser.gov/portal/datasets/mtsp.html#data_2026","OHCS workbook, Actual MTSP, 2024"
"HUD-MTSP","OR-JOSEPHINE","70","max_rent","4","1643","2024-04-01","","https://www.huduser.gov/portal/datasets/mtsp.html#data_2026","OHCS workbook, Actual MTSP, 2024"
"HUD-MTSP","OR-JOSEPHINE","70","max_rent","5","1813","2024-04-01","","https://www.huduser.gov/portal/datasets/mtsp.html#data_2026","OHCS workbook, Actual MTSP, 2024"
"HUD-MTSP","OR-JOSEPHINE","70","max_rent_75pct_0br","0","744","2024-04-01","","https://www.huduser.gov/portal/datasets/mtsp.html#data_2026","OHCS workbook, Actual MTSP, 2024"
"HUD-MTSP","OR-JOSEPHINE","80","max_rent","0","1134","2024-04-01","","https://www.huduser.gov/portal/datasets/mtsp.html#data_2026","OHCS workbook, Actual MTSP, 2024"
"HUD-MTSP","OR-JOSEPHINE","80","max_rent","1","1215","2024-04-01","","https://www.huduser.gov/portal/datasets/mtsp.html#data_2026","OHCS workbook, Actual MTSP, 2024"
"HUD-MTSP","OR-JOSEPHINE","80","max_rent","2","1458","2024-04-01","","https://www.huduser.gov/portal/datasets/mtsp.html#data_2026","OHCS workbook, Actual MTSP, 2024"
"HUD-MTSP","OR-JOSEPHINE","80","max_rent","3","1683","2024-04-01","","https://www.huduser.gov/portal/datasets/mtsp.html#data_2026","OHCS workbook, Actual MTSP, 2024"
"HUD-MTSP","OR-JOSEPHINE","80","max_rent","4","1878","2024-04-01","","https://www.huduser.gov/portal/datasets/mtsp.html#data_2026","OHCS workbook, Actual MTSP, 2024"
"HUD-MTSP","OR-JOSEPHINE","80","max_rent","5","2072","2024-04-01","","https://www.huduser.gov/portal/datasets/mtsp.html#data_2026","OHCS workbook, Actual MTSP, 2024"
"HUD-MTSP","OR-JOSEPHINE","80","max_rent_75pct_0br","0","850","2024-04-01","","https://www.huduser.gov/portal/datasets/mtsp.html#data_2026","OHCS workbook, Actual MTSP, 2024"
"HUD-HTF","OR-JACKSON","30","max_rent","0","461","2024-06-01","","https://www.huduser.gov/portal/datasets/HTF-Income-limits.html","OHCS workbook, HTF, 2024"
"HUD-HTF","OR-JACKSON","30","max_rent","1","494","2024-06-01","","https://www.huduser.gov/portal/datasets/HTF-Income-limits.html","OHCS workbook, HTF, 2024"
"HUD-HTF","OR-JACKSON","30","max_rent","2","645","2024-06-01","","https://www.huduser.gov/portal/datasets/HTF-Income-limits.html","OHCS workbook, HTF, 2024"
"HUD-HTF","OR-JACKSON","30","max_rent","3","847","2024-06-01","","https://www.huduser.gov/portal/datasets/HTF-Income-limits.html","OHCS workbook, HTF, 2024"
"HUD-HTF","OR-JACKSON","30","max_rent","4","1049","2024-06-01","","https://www.huduser.gov/portal/datasets/HTF-Income-limits.html","OHCS workbook, HTF, 2024"
"HUD-HTF","OR-JACKSON","30","max_rent","5","1250","2024-06-01","","https://www.huduser.gov/portal/datasets/HTF-Income-limits.html","OHCS workbook, HTF, 2024"
"HUD-HTF","OR-JACKSON","30","max_rent","6","1436","2024-06-01","","https://www.huduser.gov/portal/datasets/HTF-Income-limits.html","OHCS workbook, HTF, 2024"
"HUD-HTF","OR-JOSEPHINE","30","max_rent","0","425","2024-06-01","","https://www.huduser.gov/portal/datasets/HTF-Income-limits.html","OHCS workbook, HTF, 2024"
"HUD-HTF","OR-JOSEPHINE","30","max_rent","1","455","2024-06-01","","https://www.huduser.gov/portal/datasets/HTF-Income-limits.html","OHCS workbook, HTF, 2024"
"HUD-HTF","OR-JOSEPHINE","30","max_rent","2","645","2024-06-01","","https://www.huduser.gov/portal/datasets/HTF-Income-limits.html","OHCS workbook, HTF, 2024"
"HUD-HTF","OR-JOSEPHINE","30","max_rent","3","847","2024-06-01","","https://www.huduser.gov/portal/datasets/HTF-Income-limits.html","OHCS workbook, HTF, 2024"
"HUD-HTF","OR-JOSEPHINE","30","max_rent","4","1049","2024-06-01","","https://www.huduser.gov/portal/datasets/HTF-Income-limits.html","OHCS workbook, HTF, 2024"
"HUD-HTF","OR-JOSEPHINE","30","max_rent","5","1250","2024-06-01","","https://www.huduser.gov/portal/datasets/HTF-Income-limits.html","OHCS workbook, HTF, 2024"
"HUD-HTF","OR-JOSEPHINE","30","max_rent","6","1436","2024-06-01","","https://www.huduser.gov/portal/datasets/HTF-Income-limits.html","OHCS workbook, HTF, 2024"
"HUD-HTF","OR-JACKSON","30","max_rent","0","485","2025-06-01","","https://www.huduser.gov/portal/datasets/HTF-Income-limits.html","OHCS workbook, HTF, 2025"
"HUD-HTF","OR-JACKSON","30","max_rent","1","520","2025-06-01","","https://www.huduser.gov/portal/datasets/HTF-Income-limits.html","OHCS workbook, HTF, 2025"
"HUD-HTF","OR-JACKSON","30","max_rent","2","666","2025-06-01","","https://www.huduser.gov/portal/datasets/HTF-Income-limits.html","OHCS workbook, HTF, 2025"
"HUD-HTF","OR-JACKSON","30","max_rent","3","872","2025-06-01","","https://www.huduser.gov/portal/datasets/HTF-Income-limits.html","OHCS workbook, HTF, 2025"
"HUD-HTF","OR-JACKSON","30","max_rent","4","1078","2025-06-01","","https://www.huduser.gov/portal/datasets/HTF-Income-limits.html","OHCS workbook, HTF, 2025"
"HUD-HTF","OR-JACKSON","30","max_rent","5","1285","2025-06-01","","https://www.huduser.gov/portal/datasets/HTF-Income-limits.html","OHCS workbook, HTF, 2025"
"HUD-HTF","OR-JACKSON","30","max_rent","6","1491","2025-06-01","","https://www.huduser.gov/portal/datasets/HTF-Income-limits.html","OHCS workbook, HTF, 2025"
"HUD-HTF","OR-JOSEPHINE","30","max_rent","0","446","2025-06-01","","https://www.huduser.gov/portal/datasets/HTF-Income-limits.html","OHCS workbook, HTF, 2025"
"HUD-HTF","OR-JOSEPHINE","30","max_rent","1","478","2025-06-01","","https://www.huduser.gov/portal/datasets/HTF-Income-limits.html","OHCS workbook, HTF, 2025"
"HUD-HTF","OR-JOSEPHINE","30","max_rent","2","666","2025-06-01","","https://www.huduser.gov/portal/datasets/HTF-Income-limits.html","OHCS workbook, HTF, 2025"
"HUD-HTF","OR-JOSEPHINE","30","max_rent","3","872","2025-06-01","","https://www.huduser.gov/portal/datasets/HTF-Income-limits.html","OHCS workbook, HTF, 2025"
"HUD-HTF","OR-JOSEPHINE","30","max_rent","4","1078","2025-06-01","","https://www.huduser.gov/portal/datasets/HTF-Income-limits.html","OHCS workbook, HTF, 2025"
"HUD-HTF","OR-JOSEPHINE","30","max_rent","5","1285","2025-06-01","","https://www.huduser.gov/portal/datasets/HTF-Income-limits.html","OHCS workbook, HTF, 2025"
"HUD-HTF","OR-JOSEPHINE","30","max_rent","6","1491","2025-06-01","","https://www.huduser.gov/portal/datasets/HTF-Income-limits.html","OHCS workbook, HTF, 2025"
"HUD-HTF","OR-JACKSON","30","max_rent","0","516","2026-06-01","","https://www.huduser.gov/portal/datasets/HTF-Income-limits.html","OHCS workbook, HTF, 2026"
"HUD-HTF","OR-JACKSON","30","max_rent","1","553","2026-06-01","","https://www.huduser.gov/portal/datasets/HTF-Income-limits.html","OHCS workbook, HTF, 2026"
"HUD-HTF","OR-JACKSON","30","max_rent","2","683","2026-06-01","","https://www.huduser.gov/portal/datasets/HTF-Income-limits.html","OHCS workbook, HTF, 2026"
"HUD-HTF","OR-JACKSON","30","max_rent","3","896","2026-06-01","","https://www.huduser.gov/portal/datasets/HTF-Income-limits.html","OHCS workbook, HTF, 2026"
"HUD-HTF","OR-JACKSON","30","max_rent","4","1109","2026-06-01","","https://www.huduser.gov/portal/datasets/HTF-Income-limits.html","OHCS workbook, HTF, 2026"
"HUD-HTF","OR-JACKSON","30","max_rent","5","1322","2026-06-01","","https://www.huduser.gov/portal/datasets/HTF-Income-limits.html","OHCS workbook, HTF, 2026"
"HUD-HTF","OR-JACKSON","30","max_rent","6","1535","2026-06-01","","https://www.huduser.gov/portal/datasets/HTF-Income-limits.html","OHCS workbook, HTF, 2026"
"HUD-HTF","OR-JOSEPHINE","30","max_rent","0","440","2026-06-01","","https://www.huduser.gov/portal/datasets/HTF-Income-limits.html","OHCS workbook, HTF, 2026"
"HUD-HTF","OR-JOSEPHINE","30","max_rent","1","471","2026-06-01","","https://www.huduser.gov/portal/datasets/HTF-Income-limits.html","OHCS workbook, HTF, 2026"
"HUD-HTF","OR-JOSEPHINE","30","max_rent","2","683","2026-06-01","","https://www.huduser.gov/portal/datasets/HTF-Income-limits.html","OHCS workbook, HTF, 2026"
"HUD-HTF","OR-JOSEPHINE","30","max_rent","3","896","2026-06-01","","https://www.huduser.gov/portal/datasets/HTF-Income-limits.html","OHCS workbook, HTF, 2026"
"HUD-HTF","OR-JOSEPHINE","30","max_rent","4","1109","2026-06-01","","https://www.huduser.gov/portal/datasets/HTF-Income-limits.html","OHCS workbook, HTF, 2026"
"HUD-HTF","OR-JOSEPHINE","30","max_rent","5","1322","2026-06-01","","https://www.huduser.gov/portal/datasets/HTF-Income-limits.html","OHCS workbook, HTF, 2026"
"HUD-HTF","OR-JOSEPHINE","30","max_rent","6","1535","2026-06-01","","https://www.huduser.gov/portal/datasets/HTF-Income-limits.html","OHCS workbook, HTF, 2026"
"HUD-HOME","OR-JOSEPHINE",,"fair_market_rent","0","940","2026-06-01","","https://www.huduser.gov/portal/datasets/home-income-limits.html","OHCS workbook, HOME/CDBG rent (Fair Market Rent), 2026"
"HUD-HOME","OR-JOSEPHINE",,"fair_market_rent","1","1039","2026-06-01","","https://www.huduser.gov/portal/datasets/home-income-limits.html","OHCS workbook, HOME/CDBG rent (Fair Market Rent), 2026"
"HUD-HOME","OR-JOSEPHINE",,"fair_market_rent","2","1363","2026-06-01","","https://www.huduser.gov/portal/datasets/home-income-limits.html","OHCS workbook, HOME/CDBG rent (Fair Market Rent), 2026"
"HUD-HOME","OR-JOSEPHINE",,"fair_market_rent","3","1896","2026-06-01","","https://www.huduser.gov/portal/datasets/home-income-limits.html","OHCS workbook, HOME/CDBG rent (Fair Market Rent), 2026"
"HUD-HOME","OR-JOSEPHINE",,"fair_market_rent","4","2014","2026-06-01","","https://www.huduser.gov/portal/datasets/home-income-limits.html","OHCS workbook, HOME/CDBG rent (Fair Market Rent), 2026"
"HUD-HOME","OR-JOSEPHINE",,"fair_market_rent","5","2316","2026-06-01","","https://www.huduser.gov/portal/datasets/home-income-limits.html","OHCS workbook, HOME/CDBG rent (Fair Market Rent), 2026"
"HUD-HOME","OR-JOSEPHINE",,"fair_market_rent","6","2618","2026-06-01","","https://www.huduser.gov/portal/datasets/home-income-limits.html","OHCS workbook, HOME/CDBG rent (Fair Market Rent), 2026"
"HUD-HOME","OR-JOSEPHINE",,"high_rent","0","940","2026-06-01","","https://www.huduser.gov/portal/datasets/home-income-limits.html","OHCS workbook, HOME/CDBG rent (High Rent Limit), 2026"
"HUD-HOME","OR-JOSEPHINE",,"high_rent","1","1014","2026-06-01","","https://www.huduser.gov/portal/datasets/home-income-limits.html","OHCS workbook, HOME/CDBG rent (High Rent Limit), 2026"
"HUD-HOME","OR-JOSEPHINE",,"high_rent","2","1218","2026-06-01","","https://www.huduser.gov/portal/datasets/home-income-limits.html","OHCS workbook, HOME/CDBG rent (High Rent Limit), 2026"
"HUD-HOME","OR-JOSEPHINE",,"high_rent","3","1399","2026-06-01","","https://www.huduser.gov/portal/datasets/home-income-limits.html","OHCS workbook, HOME/CDBG rent (High Rent Limit), 2026"
"HUD-HOME","OR-JOSEPHINE",,"high_rent","4","1541","2026-06-01","","https://www.huduser.gov/portal/datasets/home-income-limits.html","OHCS workbook, HOME/CDBG rent (High Rent Limit), 2026"
"HUD-HOME","OR-JOSEPHINE",,"high_rent","5","1682","2026-06-01","","https://www.huduser.gov/portal/datasets/home-income-limits.html","OHCS workbook, HOME/CDBG rent (High Rent Limit), 2026"
"HUD-HOME","OR-JOSEPHINE",,"high_rent","6","1823","2026-06-01","","https://www.huduser.gov/portal/datasets/home-income-limits.html","OHCS workbook, HOME/CDBG rent (High Rent Limit), 2026"
"HUD-HOME","OR-JOSEPHINE",,"low_rent","0","742","2026-06-01","","https://www.huduser.gov/portal/datasets/home-income-limits.html","OHCS workbook, HOME/CDBG rent (Low Rent Limit), 2026"
"HUD-HOME","OR-JOSEPHINE",,"low_rent","1","795","2026-06-01","","https://www.huduser.gov/portal/datasets/home-income-limits.html","OHCS workbook, HOME/CDBG rent (Low Rent Limit), 2026"
"HUD-HOME","OR-JOSEPHINE",,"low_rent","2","955","2026-06-01","","https://www.huduser.gov/portal/datasets/home-income-limits.html","OHCS workbook, HOME/CDBG rent (Low Rent Limit), 2026"
"HUD-HOME","OR-JOSEPHINE",,"low_rent","3","1102","2026-06-01","","https://www.huduser.gov/portal/datasets/home-income-limits.html","OHCS workbook, HOME/CDBG rent (Low Rent Limit), 2026"
"HUD-HOME","OR-JOSEPHINE",,"low_rent","4","1230","2026-06-01","","https://www.huduser.gov/portal/datasets/home-income-limits.html","OHCS workbook, HOME/CDBG rent (Low Rent Limit), 2026"
"HUD-HOME","OR-JOSEPHINE",,"low_rent","5","1357","2026-06-01","","https://www.huduser.gov/portal/datasets/home-income-limits.html","OHCS workbook, HOME/CDBG rent (Low Rent Limit), 2026"
"HUD-HOME","OR-JOSEPHINE",,"low_rent","6","1484","2026-06-01","","https://www.huduser.gov/portal/datasets/home-income-limits.html","OHCS workbook, HOME/CDBG rent (Low Rent Limit), 2026"
"HUD-HOME","OR-JACKSON",,"fair_market_rent","0","1055","2026-06-01","","https://www.huduser.gov/portal/datasets/home-income-limits.html","OHCS workbook, HOME/CDBG rent (Fair Market Rent), 2026"
"HUD-HOME","OR-JACKSON",,"fair_market_rent","1","1229","2026-06-01","","https://www.huduser.gov/portal/datasets/home-income-limits.html","OHCS workbook, HOME/CDBG rent (Fair Market Rent), 2026"
"HUD-HOME","OR-JACKSON",,"fair_market_rent","2","1530","2026-06-01","","https://www.huduser.gov/portal/datasets/home-income-limits.html","OHCS workbook, HOME/CDBG rent (Fair Market Rent), 2026"
"HUD-HOME","OR-JACKSON",,"fair_market_rent","3","2128","2026-06-01","","https://www.huduser.gov/portal/datasets/home-income-limits.html","OHCS workbook, HOME/CDBG rent (Fair Market Rent), 2026"
"HUD-HOME","OR-JACKSON",,"fair_market_rent","4","2514","2026-06-01","","https://www.huduser.gov/portal/datasets/home-income-limits.html","OHCS workbook, HOME/CDBG rent (Fair Market Rent), 2026"
"HUD-HOME","OR-JACKSON",,"fair_market_rent","5","2891","2026-06-01","","https://www.huduser.gov/portal/datasets/home-income-limits.html","OHCS workbook, HOME/CDBG rent (Fair Market Rent), 2026"
"HUD-HOME","OR-JACKSON",,"fair_market_rent","6","3268","2026-06-01","","https://www.huduser.gov/portal/datasets/home-income-limits.html","OHCS workbook, HOME/CDBG rent (Fair Market Rent), 2026"
"HUD-HOME","OR-JACKSON",,"high_rent","0","1055","2026-06-01","","https://www.huduser.gov/portal/datasets/home-income-limits.html","OHCS workbook, HOME/CDBG rent (High Rent Limit), 2026"
"HUD-HOME","OR-JACKSON",,"high_rent","1","1176","2026-06-01","","https://www.huduser.gov/portal/datasets/home-income-limits.html","OHCS workbook, HOME/CDBG rent (High Rent Limit), 2026"
"HUD-HOME","OR-JACKSON",,"high_rent","2","1413","2026-06-01","","https://www.huduser.gov/portal/datasets/home-income-limits.html","OHCS workbook, HOME/CDBG rent (High Rent Limit), 2026"
"HUD-HOME","OR-JACKSON",,"high_rent","3","1624","2026-06-01","","https://www.huduser.gov/portal/datasets/home-income-limits.html","OHCS workbook, HOME/CDBG rent (High Rent Limit), 2026"
"HUD-HOME","OR-JACKSON",,"high_rent","4","1791","2026-06-01","","https://www.huduser.gov/portal/datasets/home-income-limits.html","OHCS workbook, HOME/CDBG rent (High Rent Limit), 2026"
"HUD-HOME","OR-JACKSON",,"high_rent","5","1958","2026-06-01","","https://www.huduser.gov/portal/datasets/home-income-limits.html","OHCS workbook, HOME/CDBG rent (High Rent Limit), 2026"
"HUD-HOME","OR-JACKSON",,"high_rent","6","2125","2026-06-01","","https://www.huduser.gov/portal/datasets/home-income-limits.html","OHCS workbook, HOME/CDBG rent (High Rent Limit), 2026"
"HUD-HOME","OR-JACKSON",,"low_rent","0","858","2026-06-01","","https://www.huduser.gov/portal/datasets/home-income-limits.html","OHCS workbook, HOME/CDBG rent (Low Rent Limit), 2026"
"HUD-HOME","OR-JACKSON",,"low_rent","1","920","2026-06-01","","https://www.huduser.gov/portal/datasets/home-income-limits.html","OHCS workbook, HOME/CDBG rent (Low Rent Limit), 2026"
"HUD-HOME","OR-JACKSON",,"low_rent","2","1103","2026-06-01","","https://www.huduser.gov/portal/datasets/home-income-limits.html","OHCS workbook, HOME/CDBG rent (Low Rent Limit), 2026"
"HUD-HOME","OR-JACKSON",,"low_rent","3","1275","2026-06-01","","https://www.huduser.gov/portal/datasets/home-income-limits.html","OHCS workbook, HOME/CDBG rent (Low Rent Limit), 2026"
"HUD-HOME","OR-JACKSON",,"low_rent","4","1422","2026-06-01","","https://www.huduser.gov/portal/datasets/home-income-limits.html","OHCS workbook, HOME/CDBG rent (Low Rent Limit), 2026"
"HUD-HOME","OR-JACKSON",,"low_rent","5","1570","2026-06-01","","https://www.huduser.gov/portal/datasets/home-income-limits.html","OHCS workbook, HOME/CDBG rent (Low Rent Limit), 2026"
"HUD-HOME","OR-JACKSON",,"low_rent","6","1716","2026-06-01","","https://www.huduser.gov/portal/datasets/home-income-limits.html","OHCS workbook, HOME/CDBG rent (Low Rent Limit), 2026"
"HUD-HOME","OR-JOSEPHINE",,"fair_market_rent","0","906","2025-06-01","","https://www.huduser.gov/portal/datasets/home-income-limits.html","OHCS workbook, HOME/CDBG rent (Fair Market Rent), 2025"
"HUD-HOME","OR-JOSEPHINE",,"fair_market_rent","1","1007","2025-06-01","","https://www.huduser.gov/portal/datasets/home-income-limits.html","OHCS workbook, HOME/CDBG rent (Fair Market Rent), 2025"
"HUD-HOME","OR-JOSEPHINE",,"fair_market_rent","2","1321","2025-06-01","","https://www.huduser.gov/portal/datasets/home-income-limits.html","OHCS workbook, HOME/CDBG rent (Fair Market Rent), 2025"
"HUD-HOME","OR-JOSEPHINE",,"fair_market_rent","3","1851","2025-06-01","","https://www.huduser.gov/portal/datasets/home-income-limits.html","OHCS workbook, HOME/CDBG rent (Fair Market Rent), 2025"
"HUD-HOME","OR-JOSEPHINE",,"fair_market_rent","4","1915","2025-06-01","","https://www.huduser.gov/portal/datasets/home-income-limits.html","OHCS workbook, HOME/CDBG rent (Fair Market Rent), 2025"
"HUD-HOME","OR-JOSEPHINE",,"fair_market_rent","5","2202","2025-06-01","","https://www.huduser.gov/portal/datasets/home-income-limits.html","OHCS workbook, HOME/CDBG rent (Fair Market Rent), 2025"
"HUD-HOME","OR-JOSEPHINE",,"fair_market_rent","6","2490","2025-06-01","","https://www.huduser.gov/portal/datasets/home-income-limits.html","OHCS workbook, HOME/CDBG rent (Fair Market Rent), 2025"
"HUD-HOME","OR-JOSEPHINE",,"high_rent","0","906","2025-06-01","","https://www.huduser.gov/portal/datasets/home-income-limits.html","OHCS workbook, HOME/CDBG rent (High Rent Limit), 2025"
"HUD-HOME","OR-JOSEPHINE",,"high_rent","1","1007","2025-06-01","","https://www.huduser.gov/portal/datasets/home-income-limits.html","OHCS workbook, HOME/CDBG rent (High Rent Limit), 2025"
"HUD-HOME","OR-JOSEPHINE",,"high_rent","2","1218","2025-06-01","","https://www.huduser.gov/portal/datasets/home-income-limits.html","OHCS workbook, HOME/CDBG rent (High Rent Limit), 2025"
"HUD-HOME","OR-JOSEPHINE",,"high_rent","3","1399","2025-06-01","","https://www.huduser.gov/portal/datasets/home-income-limits.html","OHCS workbook, HOME/CDBG rent (High Rent Limit), 2025"
"HUD-HOME","OR-JOSEPHINE",,"high_rent","4","1541","2025-06-01","","https://www.huduser.gov/portal/datasets/home-income-limits.html","OHCS workbook, HOME/CDBG rent (High Rent Limit), 2025"
"HUD-HOME","OR-JOSEPHINE",,"high_rent","5","1682","2025-06-01","","https://www.huduser.gov/portal/datasets/home-income-limits.html","OHCS workbook, HOME/CDBG rent (High Rent Limit), 2025"
"HUD-HOME","OR-JOSEPHINE",,"high_rent","6","1823","2025-06-01","","https://www.huduser.gov/portal/datasets/home-income-limits.html","OHCS workbook, HOME/CDBG rent (High Rent Limit), 2025"
"HUD-HOME","OR-JOSEPHINE",,"low_rent","0","742","2025-06-01","","https://www.huduser.gov/portal/datasets/home-income-limits.html","OHCS workbook, HOME/CDBG rent (Low Rent Limit), 2025"
"HUD-HOME","OR-JOSEPHINE",,"low_rent","1","795","2025-06-01","","https://www.huduser.gov/portal/datasets/home-income-limits.html","OHCS workbook, HOME/CDBG rent (Low Rent Limit), 2025"
"HUD-HOME","OR-JOSEPHINE",,"low_rent","2","955","2025-06-01","","https://www.huduser.gov/portal/datasets/home-income-limits.html","OHCS workbook, HOME/CDBG rent (Low Rent Limit), 2025"
"HUD-HOME","OR-JOSEPHINE",,"low_rent","3","1102","2025-06-01","","https://www.huduser.gov/portal/datasets/home-income-limits.html","OHCS workbook, HOME/CDBG rent (Low Rent Limit), 2025"
"HUD-HOME","OR-JOSEPHINE",,"low_rent","4","1230","2025-06-01","","https://www.huduser.gov/portal/datasets/home-income-limits.html","OHCS workbook, HOME/CDBG rent (Low Rent Limit), 2025"
"HUD-HOME","OR-JOSEPHINE",,"low_rent","5","1357","2025-06-01","","https://www.huduser.gov/portal/datasets/home-income-limits.html","OHCS workbook, HOME/CDBG rent (Low Rent Limit), 2025"
"HUD-HOME","OR-JOSEPHINE",,"low_rent","6","1484","2025-06-01","","https://www.huduser.gov/portal/datasets/home-income-limits.html","OHCS workbook, HOME/CDBG rent (Low Rent Limit), 2025"
"HUD-HOME","OR-JACKSON",,"fair_market_rent","0","998","2025-06-01","","https://www.huduser.gov/portal/datasets/home-income-limits.html","OHCS workbook, HOME/CDBG rent (Fair Market Rent), 2025"
"HUD-HOME","OR-JACKSON",,"fair_market_rent","1","1137","2025-06-01","","https://www.huduser.gov/portal/datasets/home-income-limits.html","OHCS workbook, HOME/CDBG rent (Fair Market Rent), 2025"
"HUD-HOME","OR-JACKSON",,"fair_market_rent","2","1456","2025-06-01","","https://www.huduser.gov/portal/datasets/home-income-limits.html","OHCS workbook, HOME/CDBG rent (Fair Market Rent), 2025"
"HUD-HOME","OR-JACKSON",,"fair_market_rent","3","2040","2025-06-01","","https://www.huduser.gov/portal/datasets/home-income-limits.html","OHCS workbook, HOME/CDBG rent (Fair Market Rent), 2025"
"HUD-HOME","OR-JACKSON",,"fair_market_rent","4","2404","2025-06-01","","https://www.huduser.gov/portal/datasets/home-income-limits.html","OHCS workbook, HOME/CDBG rent (Fair Market Rent), 2025"
"HUD-HOME","OR-JACKSON",,"fair_market_rent","5","2765","2025-06-01","","https://www.huduser.gov/portal/datasets/home-income-limits.html","OHCS workbook, HOME/CDBG rent (Fair Market Rent), 2025"
"HUD-HOME","OR-JACKSON",,"fair_market_rent","6","3125","2025-06-01","","https://www.huduser.gov/portal/datasets/home-income-limits.html","OHCS workbook, HOME/CDBG rent (Fair Market Rent), 2025"
"HUD-HOME","OR-JACKSON",,"high_rent","0","998","2025-06-01","","https://www.huduser.gov/portal/datasets/home-income-limits.html","OHCS workbook, HOME/CDBG rent (High Rent Limit), 2025"
"HUD-HOME","OR-JACKSON",,"high_rent","1","1106","2025-06-01","","https://www.huduser.gov/portal/datasets/home-income-limits.html","OHCS workbook, HOME/CDBG rent (High Rent Limit), 2025"
"HUD-HOME","OR-JACKSON",,"high_rent","2","1329","2025-06-01","","https://www.huduser.gov/portal/datasets/home-income-limits.html","OHCS workbook, HOME/CDBG rent (High Rent Limit), 2025"
"HUD-HOME","OR-JACKSON",,"high_rent","3","1528","2025-06-01","","https://www.huduser.gov/portal/datasets/home-income-limits.html","OHCS workbook, HOME/CDBG rent (High Rent Limit), 2025"
"HUD-HOME","OR-JACKSON",,"high_rent","4","1685","2025-06-01","","https://www.huduser.gov/portal/datasets/home-income-limits.html","OHCS workbook, HOME/CDBG rent (High Rent Limit), 2025"
"HUD-HOME","OR-JACKSON",,"high_rent","5","1841","2025-06-01","","https://www.huduser.gov/portal/datasets/home-income-limits.html","OHCS workbook, HOME/CDBG rent (High Rent Limit), 2025"
"HUD-HOME","OR-JACKSON",,"high_rent","6","1996","2025-06-01","","https://www.huduser.gov/portal/datasets/home-income-limits.html","OHCS workbook, HOME/CDBG rent (High Rent Limit), 2025"
"HUD-HOME","OR-JACKSON",,"low_rent","0","808","2025-06-01","","https://www.huduser.gov/portal/datasets/home-income-limits.html","OHCS workbook, HOME/CDBG rent (Low Rent Limit), 2025"
"HUD-HOME","OR-JACKSON",,"low_rent","1","866","2025-06-01","","https://www.huduser.gov/portal/datasets/home-income-limits.html","OHCS workbook, HOME/CDBG rent (Low Rent Limit), 2025"
"HUD-HOME","OR-JACKSON",,"low_rent","2","1040","2025-06-01","","https://www.huduser.gov/portal/datasets/home-income-limits.html","OHCS workbook, HOME/CDBG rent (Low Rent Limit), 2025"
"HUD-HOME","OR-JACKSON",,"low_rent","3","1201","2025-06-01","","https://www.huduser.gov/portal/datasets/home-income-limits.html","OHCS workbook, HOME/CDBG rent (Low Rent Limit), 2025"
"HUD-HOME","OR-JACKSON",,"low_rent","4","1340","2025-06-01","","https://www.huduser.gov/portal/datasets/home-income-limits.html","OHCS workbook, HOME/CDBG rent (Low Rent Limit), 2025"
"HUD-HOME","OR-JACKSON",,"low_rent","5","1478","2025-06-01","","https://www.huduser.gov/portal/datasets/home-income-limits.html","OHCS workbook, HOME/CDBG rent (Low Rent Limit), 2025"
"HUD-HOME","OR-JACKSON",,"low_rent","6","1617","2025-06-01","","https://www.huduser.gov/portal/datasets/home-income-limits.html","OHCS workbook, HOME/CDBG rent (Low Rent Limit), 2025"
"HUD-HOME","OR-JOSEPHINE",,"fair_market_rent","0","912","2024-06-01","","https://www.huduser.gov/portal/datasets/home-income-limits.html","OHCS workbook, HOME/CDBG rent (Fair Market Rent), 2024"
"HUD-HOME","OR-JOSEPHINE",,"fair_market_rent","1","1024","2024-06-01","","https://www.huduser.gov/portal/datasets/home-income-limits.html","OHCS workbook, HOME/CDBG rent (Fair Market Rent), 2024"
"HUD-HOME","OR-JOSEPHINE",,"fair_market_rent","2","1346","2024-06-01","","https://www.huduser.gov/portal/datasets/home-income-limits.html","OHCS workbook, HOME/CDBG rent (Fair Market Rent), 2024"
"HUD-HOME","OR-JOSEPHINE",,"fair_market_rent","3","1897","2024-06-01","","https://www.huduser.gov/portal/datasets/home-income-limits.html","OHCS workbook, HOME/CDBG rent (Fair Market Rent), 2024"
"HUD-HOME","OR-JOSEPHINE",,"fair_market_rent","4","1917","2024-06-01","","https://www.huduser.gov/portal/datasets/home-income-limits.html","OHCS workbook, HOME/CDBG rent (Fair Market Rent), 2024"
"HUD-HOME","OR-JOSEPHINE",,"fair_market_rent","5","2205","2024-06-01","","https://www.huduser.gov/portal/datasets/home-income-limits.html","OHCS workbook, HOME/CDBG rent (Fair Market Rent), 2024"
"HUD-HOME","OR-JOSEPHINE",,"fair_market_rent","6","2492","2024-06-01","","https://www.huduser.gov/portal/datasets/home-income-limits.html","OHCS workbook, HOME/CDBG rent (Fair Market Rent), 2024"
"HUD-HOME","OR-JOSEPHINE",,"high_rent","0","901","2024-06-01","","https://www.huduser.gov/portal/datasets/home-income-limits.html","OHCS workbook, HOME/CDBG rent (High Rent Limit), 2024"
"HUD-HOME","OR-JOSEPHINE",,"high_rent","1","967","2024-06-01","","https://www.huduser.gov/portal/datasets/home-income-limits.html","OHCS workbook, HOME/CDBG rent (High Rent Limit), 2024"
"HUD-HOME","OR-JOSEPHINE",,"high_rent","2","1162","2024-06-01","","https://www.huduser.gov/portal/datasets/home-income-limits.html","OHCS workbook, HOME/CDBG rent (High Rent Limit), 2024"
"HUD-HOME","OR-JOSEPHINE",,"high_rent","3","1334","2024-06-01","","https://www.huduser.gov/portal/datasets/home-income-limits.html","OHCS workbook, HOME/CDBG rent (High Rent Limit), 2024"
"HUD-HOME","OR-JOSEPHINE",,"high_rent","4","1469","2024-06-01","","https://www.huduser.gov/portal/datasets/home-income-limits.html","OHCS workbook, HOME/CDBG rent (High Rent Limit), 2024"
"HUD-HOME","OR-JOSEPHINE",,"high_rent","5","1602","2024-06-01","","https://www.huduser.gov/portal/datasets/home-income-limits.html","OHCS workbook, HOME/CDBG rent (High Rent Limit), 2024"
"HUD-HOME","OR-JOSEPHINE",,"high_rent","6","1735","2024-06-01","","https://www.huduser.gov/portal/datasets/home-income-limits.html","OHCS workbook, HOME/CDBG rent (High Rent Limit), 2024"
"HUD-HOME","OR-JOSEPHINE",,"low_rent","0","708","2024-06-01","","https://www.huduser.gov/portal/datasets/home-income-limits.html","OHCS workbook, HOME/CDBG rent (Low Rent Limit), 2024"
"HUD-HOME","OR-JOSEPHINE",,"low_rent","1","759","2024-06-01","","https://www.huduser.gov/portal/datasets/home-income-limits.html","OHCS workbook, HOME/CDBG rent (Low Rent Limit), 2024"
"HUD-HOME","OR-JOSEPHINE",,"low_rent","2","911","2024-06-01","","https://www.huduser.gov/portal/datasets/home-income-limits.html","OHCS workbook, HOME/CDBG rent (Low Rent Limit), 2024"
"HUD-HOME","OR-JOSEPHINE",,"low_rent","3","1051","2024-06-01","","https://www.huduser.gov/portal/datasets/home-income-limits.html","OHCS workbook, HOME/CDBG rent (Low Rent Limit), 2024"
"HUD-HOME","OR-JOSEPHINE",,"low_rent","4","1173","2024-06-01","","https://www.huduser.gov/portal/datasets/home-income-limits.html","OHCS workbook, HOME/CDBG rent (Low Rent Limit), 2024"
"HUD-HOME","OR-JOSEPHINE",,"low_rent","5","1295","2024-06-01","","https://www.huduser.gov/portal/datasets/home-income-limits.html","OHCS workbook, HOME/CDBG rent (Low Rent Limit), 2024"
"HUD-HOME","OR-JOSEPHINE",,"low_rent","6","1415","2024-06-01","","https://www.huduser.gov/portal/datasets/home-income-limits.html","OHCS workbook, HOME/CDBG rent (Low Rent Limit), 2024"
"HUD-HOME","OR-JACKSON",,"fair_market_rent","0","946","2024-06-01","","https://www.huduser.gov/portal/datasets/home-income-limits.html","OHCS workbook, HOME/CDBG rent (Fair Market Rent), 2024"
"HUD-HOME","OR-JACKSON",,"fair_market_rent","1","1062","2024-06-01","","https://www.huduser.gov/portal/datasets/home-income-limits.html","OHCS workbook, HOME/CDBG rent (Fair Market Rent), 2024"
"HUD-HOME","OR-JACKSON",,"fair_market_rent","2","1396","2024-06-01","","https://www.huduser.gov/portal/datasets/home-income-limits.html","OHCS workbook, HOME/CDBG rent (Fair Market Rent), 2024"
"HUD-HOME","OR-JACKSON",,"fair_market_rent","3","1967","2024-06-01","","https://www.huduser.gov/portal/datasets/home-income-limits.html","OHCS workbook, HOME/CDBG rent (Fair Market Rent), 2024"
"HUD-HOME","OR-JACKSON",,"fair_market_rent","4","2357","2024-06-01","","https://www.huduser.gov/portal/datasets/home-income-limits.html","OHCS workbook, HOME/CDBG rent (Fair Market Rent), 2024"
"HUD-HOME","OR-JACKSON",,"fair_market_rent","5","2711","2024-06-01","","https://www.huduser.gov/portal/datasets/home-income-limits.html","OHCS workbook, HOME/CDBG rent (Fair Market Rent), 2024"
"HUD-HOME","OR-JACKSON",,"fair_market_rent","6","3064","2024-06-01","","https://www.huduser.gov/portal/datasets/home-income-limits.html","OHCS workbook, HOME/CDBG rent (Fair Market Rent), 2024"
"HUD-HOME","OR-JACKSON",,"high_rent","0","946","2024-06-01","","https://www.huduser.gov/portal/datasets/home-income-limits.html","OHCS workbook, HOME/CDBG rent (High Rent Limit), 2024"
"HUD-HOME","OR-JACKSON",,"high_rent","1","1050","2024-06-01","","https://www.huduser.gov/portal/datasets/home-income-limits.html","OHCS workbook, HOME/CDBG rent (High Rent Limit), 2024"
"HUD-HOME","OR-JACKSON",,"high_rent","2","1262","2024-06-01","","https://www.huduser.gov/portal/datasets/home-income-limits.html","OHCS workbook, HOME/CDBG rent (High Rent Limit), 2024"
"HUD-HOME","OR-JACKSON",,"high_rent","3","1450","2024-06-01","","https://www.huduser.gov/portal/datasets/home-income-limits.html","OHCS workbook, HOME/CDBG rent (High Rent Limit), 2024"
"HUD-HOME","OR-JACKSON",,"high_rent","4","1598","2024-06-01","","https://www.huduser.gov/portal/datasets/home-income-limits.html","OHCS workbook, HOME/CDBG rent (High Rent Limit), 2024"
"HUD-HOME","OR-JACKSON",,"high_rent","5","1744","2024-06-01","","https://www.huduser.gov/portal/datasets/home-income-limits.html","OHCS workbook, HOME/CDBG rent (High Rent Limit), 2024"
"HUD-HOME","OR-JACKSON",,"high_rent","6","1891","2024-06-01","","https://www.huduser.gov/portal/datasets/home-income-limits.html","OHCS workbook, HOME/CDBG rent (High Rent Limit), 2024"
"HUD-HOME","OR-JACKSON",,"low_rent","0","768","2024-06-01","","https://www.huduser.gov/portal/datasets/home-income-limits.html","OHCS workbook, HOME/CDBG rent (Low Rent Limit), 2024"
"HUD-HOME","OR-JACKSON",,"low_rent","1","823","2024-06-01","","https://www.huduser.gov/portal/datasets/home-income-limits.html","OHCS workbook, HOME/CDBG rent (Low Rent Limit), 2024"
"HUD-HOME","OR-JACKSON",,"low_rent","2","988","2024-06-01","","https://www.huduser.gov/portal/datasets/home-income-limits.html","OHCS workbook, HOME/CDBG rent (Low Rent Limit), 2024"
"HUD-HOME","OR-JACKSON",,"low_rent","3","1141","2024-06-01","","https://www.huduser.gov/portal/datasets/home-income-limits.html","OHCS workbook, HOME/CDBG rent (Low Rent Limit), 2024"
"HUD-HOME","OR-JACKSON",,"low_rent","4","1273","2024-06-01","","https://www.huduser.gov/portal/datasets/home-income-limits.html","OHCS workbook, HOME/CDBG rent (Low Rent Limit), 2024"
"HUD-HOME","OR-JACKSON",,"low_rent","5","1405","2024-06-01","","https://www.huduser.gov/portal/datasets/home-income-limits.html","OHCS workbook, HOME/CDBG rent (Low Rent Limit), 2024"
"HUD-HOME","OR-JACKSON",,"low_rent","6","1536","2024-06-01","","https://www.huduser.gov/portal/datasets/home-income-limits.html","OHCS workbook, HOME/CDBG rent (Low Rent Limit), 2024"
"OHCS-MIRL","OR-JACKSON","50","max_rent","0","944","2026-06-01","","https://www.huduser.gov/portal/datasets/cdbg-income-limits.html","OHCS workbook, MIRL, 2026"
"OHCS-MIRL","OR-JACKSON","50","max_rent","1","1011","2026-06-01","","https://www.huduser.gov/portal/datasets/cdbg-income-limits.html","OHCS workbook, MIRL, 2026"
"OHCS-MIRL","OR-JACKSON","50","max_rent","2","1213","2026-06-01","","https://www.huduser.gov/portal/datasets/cdbg-income-limits.html","OHCS workbook, MIRL, 2026"
"OHCS-MIRL","OR-JACKSON","50","max_rent","3","1402","2026-06-01","","https://www.huduser.gov/portal/datasets/cdbg-income-limits.html","OHCS workbook, MIRL, 2026"
"OHCS-MIRL","OR-JACKSON","50","max_rent","4","1564","2026-06-01","","https://www.huduser.gov/portal/datasets/cdbg-income-limits.html","OHCS workbook, MIRL, 2026"
"OHCS-MIRL","OR-JACKSON","50","max_rent","5","1726","2026-06-01","","https://www.huduser.gov/portal/datasets/cdbg-income-limits.html","OHCS workbook, MIRL, 2026"
"OHCS-MIRL","OR-JACKSON","80","max_rent","0","1180","2026-06-01","","https://www.huduser.gov/portal/datasets/cdbg-income-limits.html","OHCS workbook, MIRL, 2026"
"OHCS-MIRL","OR-JACKSON","80","max_rent","1","1264","2026-06-01","","https://www.huduser.gov/portal/datasets/cdbg-income-limits.html","OHCS workbook, MIRL, 2026"
"OHCS-MIRL","OR-JACKSON","80","max_rent","2","1516","2026-06-01","","https://www.huduser.gov/portal/datasets/cdbg-income-limits.html","OHCS workbook, MIRL, 2026"
"OHCS-MIRL","OR-JACKSON","80","max_rent","3","1753","2026-06-01","","https://www.huduser.gov/portal/datasets/cdbg-income-limits.html","OHCS workbook, MIRL, 2026"
"OHCS-MIRL","OR-JACKSON","80","max_rent","4","1955","2026-06-01","","https://www.huduser.gov/portal/datasets/cdbg-income-limits.html","OHCS workbook, MIRL, 2026"
"OHCS-MIRL","OR-JACKSON","80","max_rent","5","2158","2026-06-01","","https://www.huduser.gov/portal/datasets/cdbg-income-limits.html","OHCS workbook, MIRL, 2026"
"OHCS-MIRL","OR-JACKSON","100","max_rent","0","1475","2026-06-01","","https://www.huduser.gov/portal/datasets/cdbg-income-limits.html","OHCS workbook, MIRL, 2026"
"OHCS-MIRL","OR-JACKSON","100","max_rent","1","1580","2026-06-01","","https://www.huduser.gov/portal/datasets/cdbg-income-limits.html","OHCS workbook, MIRL, 2026"
"OHCS-MIRL","OR-JACKSON","100","max_rent","2","1896","2026-06-01","","https://www.huduser.gov/portal/datasets/cdbg-income-limits.html","OHCS workbook, MIRL, 2026"
"OHCS-MIRL","OR-JACKSON","100","max_rent","3","2191","2026-06-01","","https://www.huduser.gov/portal/datasets/cdbg-income-limits.html","OHCS workbook, MIRL, 2026"
"OHCS-MIRL","OR-JACKSON","100","max_rent","4","2444","2026-06-01","","https://www.huduser.gov/portal/datasets/cdbg-income-limits.html","OHCS workbook, MIRL, 2026"
"OHCS-MIRL","OR-JACKSON","100","max_rent","5","2697","2026-06-01","","https://www.huduser.gov/portal/datasets/cdbg-income-limits.html","OHCS workbook, MIRL, 2026"
"OHCS-MIRL","OR-JACKSON","120","max_rent","0","1843","2026-06-01","","https://www.huduser.gov/portal/datasets/cdbg-income-limits.html","OHCS workbook, MIRL, 2026"
"OHCS-MIRL","OR-JACKSON","120","max_rent","1","1975","2026-06-01","","https://www.huduser.gov/portal/datasets/cdbg-income-limits.html","OHCS workbook, MIRL, 2026"
"OHCS-MIRL","OR-JACKSON","120","max_rent","2","2370","2026-06-01","","https://www.huduser.gov/portal/datasets/cdbg-income-limits.html","OHCS workbook, MIRL, 2026"
"OHCS-MIRL","OR-JACKSON","120","max_rent","3","2739","2026-06-01","","https://www.huduser.gov/portal/datasets/cdbg-income-limits.html","OHCS workbook, MIRL, 2026"
"OHCS-MIRL","OR-JACKSON","120","max_rent","4","3055","2026-06-01","","https://www.huduser.gov/portal/datasets/cdbg-income-limits.html","OHCS workbook, MIRL, 2026"
"OHCS-MIRL","OR-JACKSON","120","max_rent","5","3371","2026-06-01","","https://www.huduser.gov/portal/datasets/cdbg-income-limits.html","OHCS workbook, MIRL, 2026"
"OHCS-MIRL","OR-JOSEPHINE","50","max_rent","0","869","2026-06-01","","https://www.huduser.gov/portal/datasets/cdbg-income-limits.html","OHCS workbook, MIRL, 2026"
"OHCS-MIRL","OR-JOSEPHINE","50","max_rent","1","931","2026-06-01","","https://www.huduser.gov/portal/datasets/cdbg-income-limits.html","OHCS workbook, MIRL, 2026"
"OHCS-MIRL","OR-JOSEPHINE","50","max_rent","2","1118","2026-06-01","","https://www.huduser.gov/portal/datasets/cdbg-income-limits.html","OHCS workbook, MIRL, 2026"
"OHCS-MIRL","OR-JOSEPHINE","50","max_rent","3","1292","2026-06-01","","https://www.huduser.gov/portal/datasets/cdbg-income-limits.html","OHCS workbook, MIRL, 2026"
"OHCS-MIRL","OR-JOSEPHINE","50","max_rent","4","1441","2026-06-01","","https://www.huduser.gov/portal/datasets/cdbg-income-limits.html","OHCS workbook, MIRL, 2026"
"OHCS-MIRL","OR-JOSEPHINE","50","max_rent","5","1590","2026-06-01","","https://www.huduser.gov/portal/datasets/cdbg-income-limits.html","OHCS workbook, MIRL, 2026"
"OHCS-MIRL","OR-JOSEPHINE","80","max_rent","0","1087","2026-06-01","","https://www.huduser.gov/portal/datasets/cdbg-income-limits.html","OHCS workbook, MIRL, 2026"
"OHCS-MIRL","OR-JOSEPHINE","80","max_rent","1","1164","2026-06-01","","https://www.huduser.gov/portal/datasets/cdbg-income-limits.html","OHCS workbook, MIRL, 2026"
"OHCS-MIRL","OR-JOSEPHINE","80","max_rent","2","1397","2026-06-01","","https://www.huduser.gov/portal/datasets/cdbg-income-limits.html","OHCS workbook, MIRL, 2026"
"OHCS-MIRL","OR-JOSEPHINE","80","max_rent","3","1615","2026-06-01","","https://www.huduser.gov/portal/datasets/cdbg-income-limits.html","OHCS workbook, MIRL, 2026"
"OHCS-MIRL","OR-JOSEPHINE","80","max_rent","4","1801","2026-06-01","","https://www.huduser.gov/portal/datasets/cdbg-income-limits.html","OHCS workbook, MIRL, 2026"
"OHCS-MIRL","OR-JOSEPHINE","80","max_rent","5","1988","2026-06-01","","https://www.huduser.gov/portal/datasets/cdbg-income-limits.html","OHCS workbook, MIRL, 2026"
"OHCS-MIRL","OR-JOSEPHINE","100","max_rent","0","1359","2026-06-01","","https://www.huduser.gov/portal/datasets/cdbg-income-limits.html","OHCS workbook, MIRL, 2026"
"OHCS-MIRL","OR-JOSEPHINE","100","max_rent","1","1456","2026-06-01","","https://www.huduser.gov/portal/datasets/cdbg-income-limits.html","OHCS workbook, MIRL, 2026"
"OHCS-MIRL","OR-JOSEPHINE","100","max_rent","2","1747","2026-06-01","","https://www.huduser.gov/portal/datasets/cdbg-income-limits.html","OHCS workbook, MIRL, 2026"
"OHCS-MIRL","OR-JOSEPHINE","100","max_rent","3","2019","2026-06-01","","https://www.huduser.gov/portal/datasets/cdbg-income-limits.html","OHCS workbook, MIRL, 2026"
"OHCS-MIRL","OR-JOSEPHINE","100","max_rent","4","2252","2026-06-01","","https://www.huduser.gov/portal/datasets/cdbg-income-limits.html","OHCS workbook, MIRL, 2026"
"OHCS-MIRL","OR-JOSEPHINE","100","max_rent","5","2485","2026-06-01","","https://www.huduser.gov/portal/datasets/cdbg-income-limits.html","OHCS workbook, MIRL, 2026"
"OHCS-MIRL","OR-JOSEPHINE","120","max_rent","0","1698","2026-06-01","","https://www.huduser.gov/portal/datasets/cdbg-income-limits.html","OHCS workbook, MIRL, 2026"
"OHCS-MIRL","OR-JOSEPHINE","120","max_rent","1","1820","2026-06-01","","https://www.huduser.gov/portal/datasets/cdbg-income-limits.html","OHCS workbook, MIRL, 2026"
"OHCS-MIRL","OR-JOSEPHINE","120","max_rent","2","2183","2026-06-01","","https://www.huduser.gov/portal/datasets/cdbg-income-limits.html","OHCS workbook, MIRL, 2026"
"OHCS-MIRL","OR-JOSEPHINE","120","max_rent","3","2524","2026-06-01","","https://www.huduser.gov/portal/datasets/cdbg-income-limits.html","OHCS workbook, MIRL, 2026"
"OHCS-MIRL","OR-JOSEPHINE","120","max_rent","4","2815","2026-06-01","","https://www.huduser.gov/portal/datasets/cdbg-income-limits.html","OHCS workbook, MIRL, 2026"
"OHCS-MIRL","OR-JOSEPHINE","120","max_rent","5","3106","2026-06-01","","https://www.huduser.gov/portal/datasets/cdbg-income-limits.html","OHCS workbook, MIRL, 2026"
"OHCS-MIRL","OR-JACKSON","50","max_rent","0","808","2025-06-01","","https://www.huduser.gov/portal/datasets/cdbg-income-limits.html","OHCS workbook, MIRL, 2025"
"OHCS-MIRL","OR-JACKSON","50","max_rent","1","866","2025-06-01","","https://www.huduser.gov/portal/datasets/cdbg-income-limits.html","OHCS workbook, MIRL, 2025"
"OHCS-MIRL","OR-JACKSON","50","max_rent","2","1039","2025-06-01","","https://www.huduser.gov/portal/datasets/cdbg-income-limits.html","OHCS workbook, MIRL, 2025"
"OHCS-MIRL","OR-JACKSON","50","max_rent","3","1201","2025-06-01","","https://www.huduser.gov/portal/datasets/cdbg-income-limits.html","OHCS workbook, MIRL, 2025"
"OHCS-MIRL","OR-JACKSON","50","max_rent","4","1339","2025-06-01","","https://www.huduser.gov/portal/datasets/cdbg-income-limits.html","OHCS workbook, MIRL, 2025"
"OHCS-MIRL","OR-JACKSON","50","max_rent","5","1478","2025-06-01","","https://www.huduser.gov/portal/datasets/cdbg-income-limits.html","OHCS workbook, MIRL, 2025"
"OHCS-MIRL","OR-JACKSON","80","max_rent","0","1293","2025-06-01","","https://www.huduser.gov/portal/datasets/cdbg-income-limits.html","OHCS workbook, MIRL, 2025"
"OHCS-MIRL","OR-JACKSON","80","max_rent","1","1385","2025-06-01","","https://www.huduser.gov/portal/datasets/cdbg-income-limits.html","OHCS workbook, MIRL, 2025"
"OHCS-MIRL","OR-JACKSON","80","max_rent","2","1663","2025-06-01","","https://www.huduser.gov/portal/datasets/cdbg-income-limits.html","OHCS workbook, MIRL, 2025"
"OHCS-MIRL","OR-JACKSON","80","max_rent","3","1922","2025-06-01","","https://www.huduser.gov/portal/datasets/cdbg-income-limits.html","OHCS workbook, MIRL, 2025"
"OHCS-MIRL","OR-JACKSON","80","max_rent","4","2143","2025-06-01","","https://www.huduser.gov/portal/datasets/cdbg-income-limits.html","OHCS workbook, MIRL, 2025"
"OHCS-MIRL","OR-JACKSON","80","max_rent","5","2365","2025-06-01","","https://www.huduser.gov/portal/datasets/cdbg-income-limits.html","OHCS workbook, MIRL, 2025"
"OHCS-MIRL","OR-JACKSON","100","max_rent","0","1616","2025-06-01","","https://www.huduser.gov/portal/datasets/cdbg-income-limits.html","OHCS workbook, MIRL, 2025"
"OHCS-MIRL","OR-JACKSON","100","max_rent","1","1732","2025-06-01","","https://www.huduser.gov/portal/datasets/cdbg-income-limits.html","OHCS workbook, MIRL, 2025"
"OHCS-MIRL","OR-JACKSON","100","max_rent","2","2079","2025-06-01","","https://www.huduser.gov/portal/datasets/cdbg-income-limits.html","OHCS workbook, MIRL, 2025"
"OHCS-MIRL","OR-JACKSON","100","max_rent","3","2402","2025-06-01","","https://www.huduser.gov/portal/datasets/cdbg-income-limits.html","OHCS workbook, MIRL, 2025"
"OHCS-MIRL","OR-JACKSON","100","max_rent","4","2679","2025-06-01","","https://www.huduser.gov/portal/datasets/cdbg-income-limits.html","OHCS workbook, MIRL, 2025"
"OHCS-MIRL","OR-JACKSON","100","max_rent","5","2956","2025-06-01","","https://www.huduser.gov/portal/datasets/cdbg-income-limits.html","OHCS workbook, MIRL, 2025"
"OHCS-MIRL","OR-JACKSON","120","max_rent","0","1940","2025-06-01","","https://www.huduser.gov/portal/datasets/cdbg-income-limits.html","OHCS workbook, MIRL, 2025"
"OHCS-MIRL","OR-JACKSON","120","max_rent","1","2078","2025-06-01","","https://www.huduser.gov/portal/datasets/cdbg-income-limits.html","OHCS workbook, MIRL, 2025"
"OHCS-MIRL","OR-JACKSON","120","max_rent","2","2495","2025-06-01","","https://www.huduser.gov/portal/datasets/cdbg-income-limits.html","OHCS workbook, MIRL, 2025"
"OHCS-MIRL","OR-JACKSON","120","max_rent","3","2883","2025-06-01","","https://www.huduser.gov/portal/datasets/cdbg-income-limits.html","OHCS workbook, MIRL, 2025"
"OHCS-MIRL","OR-JACKSON","120","max_rent","4","3215","2025-06-01","","https://www.huduser.gov/portal/datasets/cdbg-income-limits.html","OHCS workbook, MIRL, 2025"
"OHCS-MIRL","OR-JACKSON","120","max_rent","5","3548","2025-06-01","","https://www.huduser.gov/portal/datasets/cdbg-income-limits.html","OHCS workbook, MIRL, 2025"
"OHCS-MIRL","OR-JOSEPHINE","50","max_rent","0","742","2025-06-01","","https://www.huduser.gov/portal/datasets/cdbg-income-limits.html","OHCS workbook, MIRL, 2025"
"OHCS-MIRL","OR-JOSEPHINE","50","max_rent","1","795","2025-06-01","","https://www.huduser.gov/portal/datasets/cdbg-income-limits.html","OHCS workbook, MIRL, 2025"
"OHCS-MIRL","OR-JOSEPHINE","50","max_rent","2","954","2025-06-01","","https://www.huduser.gov/portal/datasets/cdbg-income-limits.html","OHCS workbook, MIRL, 2025"
"OHCS-MIRL","OR-JOSEPHINE","50","max_rent","3","1102","2025-06-01","","https://www.huduser.gov/portal/datasets/cdbg-income-limits.html","OHCS workbook, MIRL, 2025"
"OHCS-MIRL","OR-JOSEPHINE","50","max_rent","4","1229","2025-06-01","","https://www.huduser.gov/portal/datasets/cdbg-income-limits.html","OHCS workbook, MIRL, 2025"
"OHCS-MIRL","OR-JOSEPHINE","50","max_rent","5","1356","2025-06-01","","https://www.huduser.gov/portal/datasets/cdbg-income-limits.html","OHCS workbook, MIRL, 2025"
"OHCS-MIRL","OR-JOSEPHINE","80","max_rent","0","1187","2025-06-01","","https://www.huduser.gov/portal/datasets/cdbg-income-limits.html","OHCS workbook, MIRL, 2025"
"OHCS-MIRL","OR-JOSEPHINE","80","max_rent","1","1272","2025-06-01","","https://www.huduser.gov/portal/datasets/cdbg-income-limits.html","OHCS workbook, MIRL, 2025"
"OHCS-MIRL","OR-JOSEPHINE","80","max_rent","2","1526","2025-06-01","","https://www.huduser.gov/portal/datasets/cdbg-income-limits.html","OHCS workbook, MIRL, 2025"
"OHCS-MIRL","OR-JOSEPHINE","80","max_rent","3","1763","2025-06-01","","https://www.huduser.gov/portal/datasets/cdbg-income-limits.html","OHCS workbook, MIRL, 2025"
"OHCS-MIRL","OR-JOSEPHINE","80","max_rent","4","1967","2025-06-01","","https://www.huduser.gov/portal/datasets/cdbg-income-limits.html","OHCS workbook, MIRL, 2025"
"OHCS-MIRL","OR-JOSEPHINE","80","max_rent","5","2170","2025-06-01","","https://www.huduser.gov/portal/datasets/cdbg-income-limits.html","OHCS workbook, MIRL, 2025"
"OHCS-MIRL","OR-JOSEPHINE","100","max_rent","0","1484","2025-06-01","","https://www.huduser.gov/portal/datasets/cdbg-income-limits.html","OHCS workbook, MIRL, 2025"
"OHCS-MIRL","OR-JOSEPHINE","100","max_rent","1","1590","2025-06-01","","https://www.huduser.gov/portal/datasets/cdbg-income-limits.html","OHCS workbook, MIRL, 2025"
"OHCS-MIRL","OR-JOSEPHINE","100","max_rent","2","1908","2025-06-01","","https://www.huduser.gov/portal/datasets/cdbg-income-limits.html","OHCS workbook, MIRL, 2025"
"OHCS-MIRL","OR-JOSEPHINE","100","max_rent","3","2204","2025-06-01","","https://www.huduser.gov/portal/datasets/cdbg-income-limits.html","OHCS workbook, MIRL, 2025"
"OHCS-MIRL","OR-JOSEPHINE","100","max_rent","4","2459","2025-06-01","","https://www.huduser.gov/portal/datasets/cdbg-income-limits.html","OHCS workbook, MIRL, 2025"
"OHCS-MIRL","OR-JOSEPHINE","100","max_rent","5","2713","2025-06-01","","https://www.huduser.gov/portal/datasets/cdbg-income-limits.html","OHCS workbook, MIRL, 2025"
"OHCS-MIRL","OR-JOSEPHINE","120","max_rent","0","1781","2025-06-01","","https://www.huduser.gov/portal/datasets/cdbg-income-limits.html","OHCS workbook, MIRL, 2025"
"OHCS-MIRL","OR-JOSEPHINE","120","max_rent","1","1908","2025-06-01","","https://www.huduser.gov/portal/datasets/cdbg-income-limits.html","OHCS workbook, MIRL, 2025"
"OHCS-MIRL","OR-JOSEPHINE","120","max_rent","2","2290","2025-06-01","","https://www.huduser.gov/portal/datasets/cdbg-income-limits.html","OHCS workbook, MIRL, 2025"
"OHCS-MIRL","OR-JOSEPHINE","120","max_rent","3","2645","2025-06-01","","https://www.huduser.gov/portal/datasets/cdbg-income-limits.html","OHCS workbook, MIRL, 2025"
"OHCS-MIRL","OR-JOSEPHINE","120","max_rent","4","2951","2025-06-01","","https://www.huduser.gov/portal/datasets/cdbg-income-limits.html","OHCS workbook, MIRL, 2025"
"OHCS-MIRL","OR-JOSEPHINE","120","max_rent","5","3256","2025-06-01","","https://www.huduser.gov/portal/datasets/cdbg-income-limits.html","OHCS workbook, MIRL, 2025"
"OHCS-MIRL","OR-JACKSON","50","max_rent","0","858","2024-06-01","","https://www.huduser.gov/portal/datasets/cdbg-income-limits.html","OHCS workbook, MIRL, 2024"
"OHCS-MIRL","OR-JACKSON","50","max_rent","1","919","2024-06-01","","https://www.huduser.gov/portal/datasets/cdbg-income-limits.html","OHCS workbook, MIRL, 2024"
"OHCS-MIRL","OR-JACKSON","50","max_rent","2","1103","2024-06-01","","https://www.huduser.gov/portal/datasets/cdbg-income-limits.html","OHCS workbook, MIRL, 2024"
"OHCS-MIRL","OR-JACKSON","50","max_rent","3","1275","2024-06-01","","https://www.huduser.gov/portal/datasets/cdbg-income-limits.html","OHCS workbook, MIRL, 2024"
"OHCS-MIRL","OR-JACKSON","50","max_rent","4","1422","2024-06-01","","https://www.huduser.gov/portal/datasets/cdbg-income-limits.html","OHCS workbook, MIRL, 2024"
"OHCS-MIRL","OR-JACKSON","50","max_rent","5","1569","2024-06-01","","https://www.huduser.gov/portal/datasets/cdbg-income-limits.html","OHCS workbook, MIRL, 2024"
"OHCS-MIRL","OR-JACKSON","80","max_rent","0","1373","2024-06-01","","https://www.huduser.gov/portal/datasets/cdbg-income-limits.html","OHCS workbook, MIRL, 2024"
"OHCS-MIRL","OR-JACKSON","80","max_rent","1","1471","2024-06-01","","https://www.huduser.gov/portal/datasets/cdbg-income-limits.html","OHCS workbook, MIRL, 2024"
"OHCS-MIRL","OR-JACKSON","80","max_rent","2","1765","2024-06-01","","https://www.huduser.gov/portal/datasets/cdbg-income-limits.html","OHCS workbook, MIRL, 2024"
"OHCS-MIRL","OR-JACKSON","80","max_rent","3","2040","2024-06-01","","https://www.huduser.gov/portal/datasets/cdbg-income-limits.html","OHCS workbook, MIRL, 2024"
"OHCS-MIRL","OR-JACKSON","80","max_rent","4","2275","2024-06-01","","https://www.huduser.gov/portal/datasets/cdbg-income-limits.html","OHCS workbook, MIRL, 2024"
"OHCS-MIRL","OR-JACKSON","80","max_rent","5","2511","2024-06-01","","https://www.huduser.gov/portal/datasets/cdbg-income-limits.html","OHCS workbook, MIRL, 2024"
"OHCS-MIRL","OR-JACKSON","100","max_rent","0","1716","2024-06-01","","https://www.huduser.gov/portal/datasets/cdbg-income-limits.html","OHCS workbook, MIRL, 2024"
"OHCS-MIRL","OR-JACKSON","100","max_rent","1","1839","2024-06-01","","https://www.huduser.gov/portal/datasets/cdbg-income-limits.html","OHCS workbook, MIRL, 2024"
"OHCS-MIRL","OR-JACKSON","100","max_rent","2","2207","2024-06-01","","https://www.huduser.gov/portal/datasets/cdbg-income-limits.html","OHCS workbook, MIRL, 2024"
"OHCS-MIRL","OR-JACKSON","100","max_rent","3","2550","2024-06-01","","https://www.huduser.gov/portal/datasets/cdbg-income-limits.html","OHCS workbook, MIRL, 2024"
"OHCS-MIRL","OR-JACKSON","100","max_rent","4","2844","2024-06-01","","https://www.huduser.gov/portal/datasets/cdbg-income-limits.html","OHCS workbook, MIRL, 2024"
"OHCS-MIRL","OR-JACKSON","100","max_rent","5","3139","2024-06-01","","https://www.huduser.gov/portal/datasets/cdbg-income-limits.html","OHCS workbook, MIRL, 2024"
"OHCS-MIRL","OR-JACKSON","120","max_rent","0","2060","2024-06-01","","https://www.huduser.gov/portal/datasets/cdbg-income-limits.html","OHCS workbook, MIRL, 2024"
"OHCS-MIRL","OR-JACKSON","120","max_rent","1","2207","2024-06-01","","https://www.huduser.gov/portal/datasets/cdbg-income-limits.html","OHCS workbook, MIRL, 2024"
"OHCS-MIRL","OR-JACKSON","120","max_rent","2","2648","2024-06-01","","https://www.huduser.gov/portal/datasets/cdbg-income-limits.html","OHCS workbook, MIRL, 2024"
"OHCS-MIRL","OR-JACKSON","120","max_rent","3","3060","2024-06-01","","https://www.huduser.gov/portal/datasets/cdbg-income-limits.html","OHCS workbook, MIRL, 2024"
"OHCS-MIRL","OR-JACKSON","120","max_rent","4","3413","2024-06-01","","https://www.huduser.gov/portal/datasets/cdbg-income-limits.html","OHCS workbook, MIRL, 2024"
"OHCS-MIRL","OR-JACKSON","120","max_rent","5","3766","2024-06-01","","https://www.huduser.gov/portal/datasets/cdbg-income-limits.html","OHCS workbook, MIRL, 2024"
"OHCS-MIRL","OR-JOSEPHINE","50","max_rent","0","731","2024-06-01","","https://www.huduser.gov/portal/datasets/cdbg-income-limits.html","OHCS workbook, MIRL, 2024"
"OHCS-MIRL","OR-JOSEPHINE","50","max_rent","1","783","2024-06-01","","https://www.huduser.gov/portal/datasets/cdbg-income-limits.html","OHCS workbook, MIRL, 2024"
"OHCS-MIRL","OR-JOSEPHINE","50","max_rent","2","940","2024-06-01","","https://www.huduser.gov/portal/datasets/cdbg-income-limits.html","OHCS workbook, MIRL, 2024"
"OHCS-MIRL","OR-JOSEPHINE","50","max_rent","3","1086","2024-06-01","","https://www.huduser.gov/portal/datasets/cdbg-income-limits.html","OHCS workbook, MIRL, 2024"
"OHCS-MIRL","OR-JOSEPHINE","50","max_rent","4","1211","2024-06-01","","https://www.huduser.gov/portal/datasets/cdbg-income-limits.html","OHCS workbook, MIRL, 2024"
"OHCS-MIRL","OR-JOSEPHINE","50","max_rent","5","1337","2024-06-01","","https://www.huduser.gov/portal/datasets/cdbg-income-limits.html","OHCS workbook, MIRL, 2024"
"OHCS-MIRL","OR-JOSEPHINE","80","max_rent","0","1170","2024-06-01","","https://www.huduser.gov/portal/datasets/cdbg-income-limits.html","OHCS workbook, MIRL, 2024"
"OHCS-MIRL","OR-JOSEPHINE","80","max_rent","1","1253","2024-06-01","","https://www.huduser.gov/portal/datasets/cdbg-income-limits.html","OHCS workbook, MIRL, 2024"
"OHCS-MIRL","OR-JOSEPHINE","80","max_rent","2","1505","2024-06-01","","https://www.huduser.gov/portal/datasets/cdbg-income-limits.html","OHCS workbook, MIRL, 2024"
"OHCS-MIRL","OR-JOSEPHINE","80","max_rent","3","1738","2024-06-01","","https://www.huduser.gov/portal/datasets/cdbg-income-limits.html","OHCS workbook, MIRL, 2024"
"OHCS-MIRL","OR-JOSEPHINE","80","max_rent","4","1939","2024-06-01","","https://www.huduser.gov/portal/datasets/cdbg-income-limits.html","OHCS workbook, MIRL, 2024"
"OHCS-MIRL","OR-JOSEPHINE","80","max_rent","5","2140","2024-06-01","","https://www.huduser.gov/portal/datasets/cdbg-income-limits.html","OHCS workbook, MIRL, 2024"
"OHCS-MIRL","OR-JOSEPHINE","100","max_rent","0","1462","2024-06-01","","https://www.huduser.gov/portal/datasets/cdbg-income-limits.html","OHCS workbook, MIRL, 2024"
"OHCS-MIRL","OR-JOSEPHINE","100","max_rent","1","1567","2024-06-01","","https://www.huduser.gov/portal/datasets/cdbg-income-limits.html","OHCS workbook, MIRL, 2024"
"OHCS-MIRL","OR-JOSEPHINE","100","max_rent","2","1881","2024-06-01","","https://www.huduser.gov/portal/datasets/cdbg-income-limits.html","OHCS workbook, MIRL, 2024"
"OHCS-MIRL","OR-JOSEPHINE","100","max_rent","3","2173","2024-06-01","","https://www.huduser.gov/portal/datasets/cdbg-income-limits.html","OHCS workbook, MIRL, 2024"
"OHCS-MIRL","OR-JOSEPHINE","100","max_rent","4","2423","2024-06-01","","https://www.huduser.gov/portal/datasets/cdbg-income-limits.html","OHCS workbook, MIRL, 2024"
"OHCS-MIRL","OR-JOSEPHINE","100","max_rent","5","2675","2024-06-01","","https://www.huduser.gov/portal/datasets/cdbg-income-limits.html","OHCS workbook, MIRL, 2024"
"OHCS-MIRL","OR-JOSEPHINE","120","max_rent","0","1755","2024-06-01","","https://www.huduser.gov/portal/datasets/cdbg-income-limits.html","OHCS workbook, MIRL, 2024"
"OHCS-MIRL","OR-JOSEPHINE","120","max_rent","1","1880","2024-06-01","","https://www.huduser.gov/portal/datasets/cdbg-income-limits.html","OHCS workbook, MIRL, 2024"
"OHCS-MIRL","OR-JOSEPHINE","120","max_rent","2","2257","2024-06-01","","https://www.huduser.gov/portal/datasets/cdbg-income-limits.html","OHCS workbook, MIRL, 2024"
"OHCS-MIRL","OR-JOSEPHINE","120","max_rent","3","2608","2024-06-01","","https://www.huduser.gov/portal/datasets/cdbg-income-limits.html","OHCS workbook, MIRL, 2024"
"OHCS-MIRL","OR-JOSEPHINE","120","max_rent","4","2908","2024-06-01","","https://www.huduser.gov/portal/datasets/cdbg-income-limits.html","OHCS workbook, MIRL, 2024"
"OHCS-MIRL","OR-JOSEPHINE","120","max_rent","5","3210","2024-06-01","","https://www.huduser.gov/portal/datasets/cdbg-income-limits.html","OHCS workbook, MIRL, 2024"
"OHCS-THGF","OR-JACKSON","50","max_rent","0","944","2026-06-30","","https://www.huduser.gov/portal/datasets/cdbg-income-limits.html","OHCS workbook, THGF, 2026"
"OHCS-THGF","OR-JACKSON","50","max_rent","1","1011","2026-06-30","","https://www.huduser.gov/portal/datasets/cdbg-income-limits.html","OHCS workbook, THGF, 2026"
"OHCS-THGF","OR-JACKSON","50","max_rent","2","1213","2026-06-30","","https://www.huduser.gov/portal/datasets/cdbg-income-limits.html","OHCS workbook, THGF, 2026"
"OHCS-THGF","OR-JACKSON","50","max_rent","3","1402","2026-06-30","","https://www.huduser.gov/portal/datasets/cdbg-income-limits.html","OHCS workbook, THGF, 2026"
"OHCS-THGF","OR-JACKSON","50","max_rent","4","1564","2026-06-30","","https://www.huduser.gov/portal/datasets/cdbg-income-limits.html","OHCS workbook, THGF, 2026"
"OHCS-THGF","OR-JACKSON","50","max_rent","5","1726","2026-06-30","","https://www.huduser.gov/portal/datasets/cdbg-income-limits.html","OHCS workbook, THGF, 2026"
"OHCS-THGF","OR-JACKSON","80","max_rent","0","1180","2026-06-30","","https://www.huduser.gov/portal/datasets/cdbg-income-limits.html","OHCS workbook, THGF, 2026"
"OHCS-THGF","OR-JACKSON","80","max_rent","1","1264","2026-06-30","","https://www.huduser.gov/portal/datasets/cdbg-income-limits.html","OHCS workbook, THGF, 2026"
"OHCS-THGF","OR-JACKSON","80","max_rent","2","1516","2026-06-30","","https://www.huduser.gov/portal/datasets/cdbg-income-limits.html","OHCS workbook, THGF, 2026"
"OHCS-THGF","OR-JACKSON","80","max_rent","3","1753","2026-06-30","","https://www.huduser.gov/portal/datasets/cdbg-income-limits.html","OHCS workbook, THGF, 2026"
"OHCS-THGF","OR-JACKSON","80","max_rent","4","1955","2026-06-30","","https://www.huduser.gov/portal/datasets/cdbg-income-limits.html","OHCS workbook, THGF, 2026"
"OHCS-THGF","OR-JACKSON","80","max_rent","5","2158","2026-06-30","","https://www.huduser.gov/portal/datasets/cdbg-income-limits.html","OHCS workbook, THGF, 2026"
"OHCS-THGF","OR-JACKSON","100","max_rent","0","1475","2026-06-30","","https://www.huduser.gov/portal/datasets/cdbg-income-limits.html","OHCS workbook, THGF, 2026"
"OHCS-THGF","OR-JACKSON","100","max_rent","1","1580","2026-06-30","","https://www.huduser.gov/portal/datasets/cdbg-income-limits.html","OHCS workbook, THGF, 2026"
"OHCS-THGF","OR-JACKSON","100","max_rent","2","1896","2026-06-30","","https://www.huduser.gov/portal/datasets/cdbg-income-limits.html","OHCS workbook, THGF, 2026"
"OHCS-THGF","OR-JACKSON","100","max_rent","3","2191","2026-06-30","","https://www.huduser.gov/portal/datasets/cdbg-income-limits.html","OHCS workbook, THGF, 2026"
"OHCS-THGF","OR-JACKSON","100","max_rent","4","2444","2026-06-30","","https://www.huduser.gov/portal/datasets/cdbg-income-limits.html","OHCS workbook, THGF, 2026"
"OHCS-THGF","OR-JACKSON","100","max_rent","5","2697","2026-06-30","","https://www.huduser.gov/portal/datasets/cdbg-income-limits.html","OHCS workbook, THGF, 2026"
"OHCS-THGF","OR-JACKSON","120","max_rent","0","1843","2026-06-30","","https://www.huduser.gov/portal/datasets/cdbg-income-limits.html","OHCS workbook, THGF, 2026"
"OHCS-THGF","OR-JACKSON","120","max_rent","1","1975","2026-06-30","","https://www.huduser.gov/portal/datasets/cdbg-income-limits.html","OHCS workbook, THGF, 2026"
"OHCS-THGF","OR-JACKSON","120","max_rent","2","2370","2026-06-30","","https://www.huduser.gov/portal/datasets/cdbg-income-limits.html","OHCS workbook, THGF, 2026"
"OHCS-THGF","OR-JACKSON","120","max_rent","3","2739","2026-06-30","","https://www.huduser.gov/portal/datasets/cdbg-income-limits.html","OHCS workbook, THGF, 2026"
"OHCS-THGF","OR-JACKSON","120","max_rent","4","3055","2026-06-30","","https://www.huduser.gov/portal/datasets/cdbg-income-limits.html","OHCS workbook, THGF, 2026"
"OHCS-THGF","OR-JACKSON","120","max_rent","5","3371","2026-06-30","","https://www.huduser.gov/portal/datasets/cdbg-income-limits.html","OHCS workbook, THGF, 2026"
"OHCS-THGF","OR-JOSEPHINE","50","max_rent","0","869","2026-06-30","","https://www.huduser.gov/portal/datasets/cdbg-income-limits.html","OHCS workbook, THGF, 2026"
"OHCS-THGF","OR-JOSEPHINE","50","max_rent","1","931","2026-06-30","","https://www.huduser.gov/portal/datasets/cdbg-income-limits.html","OHCS workbook, THGF, 2026"
"OHCS-THGF","OR-JOSEPHINE","50","max_rent","2","1118","2026-06-30","","https://www.huduser.gov/portal/datasets/cdbg-income-limits.html","OHCS workbook, THGF, 2026"
"OHCS-THGF","OR-JOSEPHINE","50","max_rent","3","1292","2026-06-30","","https://www.huduser.gov/portal/datasets/cdbg-income-limits.html","OHCS workbook, THGF, 2026"
"OHCS-THGF","OR-JOSEPHINE","50","max_rent","4","1441","2026-06-30","","https://www.huduser.gov/portal/datasets/cdbg-income-limits.html","OHCS workbook, THGF, 2026"
"OHCS-THGF","OR-JOSEPHINE","50","max_rent","5","1590","2026-06-30","","https://www.huduser.gov/portal/datasets/cdbg-income-limits.html","OHCS workbook, THGF, 2026"
"OHCS-THGF","OR-JOSEPHINE","80","max_rent","0","1087","2026-06-30","","https://www.huduser.gov/portal/datasets/cdbg-income-limits.html","OHCS workbook, THGF, 2026"
"OHCS-THGF","OR-JOSEPHINE","80","max_rent","1","1164","2026-06-30","","https://www.huduser.gov/portal/datasets/cdbg-income-limits.html","OHCS workbook, THGF, 2026"
"OHCS-THGF","OR-JOSEPHINE","80","max_rent","2","1397","2026-06-30","","https://www.huduser.gov/portal/datasets/cdbg-income-limits.html","OHCS workbook, THGF, 2026"
"OHCS-THGF","OR-JOSEPHINE","80","max_rent","3","1615","2026-06-30","","https://www.huduser.gov/portal/datasets/cdbg-income-limits.html","OHCS workbook, THGF, 2026"
"OHCS-THGF","OR-JOSEPHINE","80","max_rent","4","1801","2026-06-30","","https://www.huduser.gov/portal/datasets/cdbg-income-limits.html","OHCS workbook, THGF, 2026"
"OHCS-THGF","OR-JOSEPHINE","80","max_rent","5","1988","2026-06-30","","https://www.huduser.gov/portal/datasets/cdbg-income-limits.html","OHCS workbook, THGF, 2026"
"OHCS-THGF","OR-JOSEPHINE","100","max_rent","0","1359","2026-06-30","","https://www.huduser.gov/portal/datasets/cdbg-income-limits.html","OHCS workbook, THGF, 2026"
"OHCS-THGF","OR-JOSEPHINE","100","max_rent","1","1456","2026-06-30","","https://www.huduser.gov/portal/datasets/cdbg-income-limits.html","OHCS workbook, THGF, 2026"
"OHCS-THGF","OR-JOSEPHINE","100","max_rent","2","1747","2026-06-30","","https://www.huduser.gov/portal/datasets/cdbg-income-limits.html","OHCS workbook, THGF, 2026"
"OHCS-THGF","OR-JOSEPHINE","100","max_rent","3","2019","2026-06-30","","https://www.huduser.gov/portal/datasets/cdbg-income-limits.html","OHCS workbook, THGF, 2026"
"OHCS-THGF","OR-JOSEPHINE","100","max_rent","4","2252","2026-06-30","","https://www.huduser.gov/portal/datasets/cdbg-income-limits.html","OHCS workbook, THGF, 2026"
"OHCS-THGF","OR-JOSEPHINE","100","max_rent","5","2485","2026-06-30","","https://www.huduser.gov/portal/datasets/cdbg-income-limits.html","OHCS workbook, THGF, 2026"
"OHCS-THGF","OR-JOSEPHINE","120","max_rent","0","1698","2026-06-30","","https://www.huduser.gov/portal/datasets/cdbg-income-limits.html","OHCS workbook, THGF, 2026"
"OHCS-THGF","OR-JOSEPHINE","120","max_rent","1","1820","2026-06-30","","https://www.huduser.gov/portal/datasets/cdbg-income-limits.html","OHCS workbook, THGF, 2026"
"OHCS-THGF","OR-JOSEPHINE","120","max_rent","2","2183","2026-06-30","","https://www.huduser.gov/portal/datasets/cdbg-income-limits.html","OHCS workbook, THGF, 2026"
"OHCS-THGF","OR-JOSEPHINE","120","max_rent","3","2524","2026-06-30","","https://www.huduser.gov/portal/datasets/cdbg-income-limits.html","OHCS workbook, THGF, 2026"
"OHCS-THGF","OR-JOSEPHINE","120","max_rent","4","2815","2026-06-30","","https://www.huduser.gov/portal/datasets/cdbg-income-limits.html","OHCS workbook, THGF, 2026"
"OHCS-THGF","OR-JOSEPHINE","120","max_rent","5","3106","2026-06-30","","https://www.huduser.gov/portal/datasets/cdbg-income-limits.html","OHCS workbook, THGF, 2026"
